panel,task,success,goal_ever_reached,max_hold_ticks,final_goal_distance_m,collision_free,max_undesired_force_n,fell,control_steps,stop_reason,student_sha256,harness_commit,harness_dirty
approach-c2-92601,00120-stop-clear,False,False,0,3.3135,True,0.0,False,575,deadline,426f0fc526a7,661a234,0
approach-c2-92601,00120-stop-corridor,False,False,0,2.9614,True,0.0,False,575,deadline,426f0fc526a7,661a234,0
approach-c2-92601,00265-stop-clear,False,False,0,1.2103,True,0.0,False,500,deadline,426f0fc526a7,661a234,0
approach-c2-92601,00265-stop-corridor,False,True,0,0.327,True,0.0,False,500,deadline,426f0fc526a7,661a234,0
approach-c2-92601,00413-stop-clear,False,False,0,1.7564,True,0.0,False,600,deadline,426f0fc526a7,661a234,0
approach-c2-92601,00677-stop-clear,False,True,36,0.1865,True,0.0,False,350,deadline,426f0fc526a7,661a234,0
approach-c2-92601,00677-stop-corridor,False,False,0,0.2827,True,0.0,False,350,deadline,426f0fc526a7,661a234,1
approach-c2-92601,00707-stop-clear,False,False,0,1.2049,True,0.0,False,300,deadline,426f0fc526a7,661a234,0
approach-c2-92601,00707-stop-corridor,False,True,0,1.0627,True,0.0,False,300,deadline,426f0fc526a7,661a234,0
approach-c2-92601,00711-stop-clear,False,False,0,1.9041,True,0.0,False,475,deadline,426f0fc526a7,661a234,0
approach-c2-92601,00711-stop-corridor,False,False,0,3.1854,False,534.39,False,149,contact,426f0fc526a7,661a234,0
approach-c2-92601,00770-stop-clear,False,True,24,0.235,True,0.0,False,425,deadline,426f0fc526a7,661a234,2
approach-c2-92601,00770-stop-corridor,False,False,0,1.2329,True,0.0,False,425,deadline,426f0fc526a7,000d185,0
approach-c2-92601,00801-stop-clear,False,False,0,3.0117,True,0.0,False,625,deadline,426f0fc526a7,000d185,0
approach-c2-92601,00801-stop-corridor,False,False,0,4.7875,True,0.0,False,625,deadline,426f0fc526a7,000d185,0
approach-c2-92601,00908-stop-clear,False,False,0,1.03,True,0.0,False,350,deadline,426f0fc526a7,000d185,0
approach-c2-92601,00908-stop-corridor,False,False,0,0.5901,True,0.0,False,350,deadline,426f0fc526a7,000d185,0
approach-c2-92601,00976-stop-clear,False,False,0,1.5078,True,0.0,False,500,deadline,426f0fc526a7,000d185,0
approach-c2-92601,00976-stop-corridor,False,False,0,1.7543,True,0.0,False,500,deadline,426f0fc526a7,000d185,0
approach-c2-92602,00120-stop-clear,False,False,0,3.3028,True,0.0,False,575,deadline,426f0fc526a7,000d185,0
approach-c2-92602,00120-stop-corridor,False,False,0,3.7016,False,92.59,False,255,contact,426f0fc526a7,000d185,0
approach-c2-92602,00265-stop-clear,False,False,0,0.3355,True,0.0,False,500,deadline,426f0fc526a7,000d185,0
approach-c2-92602,00265-stop-corridor,False,False,0,1.1134,False,45.99,False,450,contact,426f0fc526a7,000d185,0
approach-c2-92602,00413-stop-clear,False,False,0,1.693,True,0.0,False,600,deadline,426f0fc526a7,000d185,0
approach-c2-92602,00677-stop-clear,False,False,0,0.6919,True,0.0,False,350,deadline,426f0fc526a7,000d185,0
approach-c2-92602,00677-stop-corridor,False,False,0,1.0038,True,0.0,False,350,deadline,426f0fc526a7,000d185,0
approach-c2-92602,00707-stop-clear,False,False,0,0.5444,True,0.0,False,300,deadline,426f0fc526a7,000d185,0
approach-c2-92602,00707-stop-corridor,False,False,0,0.5444,False,52.56,False,138,contact,426f0fc526a7,000d185,0
approach-c2-92602,00711-stop-clear,False,False,0,4.3348,True,0.0,False,475,deadline,426f0fc526a7,000d185,0
approach-c2-92602,00711-stop-corridor,False,False,0,3.8898,True,0.0,False,475,deadline,426f0fc526a7,000d185,0
approach-c2-92602,00770-stop-clear,False,False,0,1.0744,True,0.0,False,425,deadline,426f0fc526a7,000d185,0
approach-c2-92602,00770-stop-corridor,False,False,0,1.0642,False,504.88,False,359,contact,426f0fc526a7,000d185,0
approach-c2-92602,00801-stop-clear,False,False,0,1.7258,True,0.0,False,625,deadline,426f0fc526a7,000d185,0
approach-c2-92602,00801-stop-corridor,False,False,0,4.0837,False,108.4,False,268,contact,426f0fc526a7,000d185,0
approach-c2-92602,00908-stop-clear,False,False,0,1.0472,True,0.0,False,350,deadline,426f0fc526a7,000d185,0
approach-c2-92602,00908-stop-corridor,False,False,0,1.0481,True,0.0,False,350,deadline,426f0fc526a7,000d185,0
approach-c2-92602,00976-stop-clear,False,False,0,1.7455,True,0.0,False,500,deadline,426f0fc526a7,000d185,0
approach-c2-92602,00976-stop-corridor,False,False,0,1.8056,True,0.0,False,500,deadline,426f0fc526a7,000d185,0
approach-c2-92603,00120-stop-clear,False,False,0,3.5265,True,0.0,False,575,deadline,426f0fc526a7,000d185,0
approach-c2-92603,00120-stop-corridor,False,False,0,4.5272,False,46.47,False,304,contact,426f0fc526a7,000d185,0
approach-c2-92603,00265-stop-clear,False,False,0,1.1746,True,0.0,False,500,deadline,426f0fc526a7,000d185,0
approach-c2-92603,00265-stop-corridor,False,False,0,1.1154,True,0.0,False,500,deadline,426f0fc526a7,000d185,0
approach-c2-92603,00413-stop-clear,False,False,0,0.5535,True,0.0,False,600,deadline,426f0fc526a7,000d185,0
approach-c2-92603,00677-stop-clear,False,False,0,0.4454,True,0.0,False,350,deadline,426f0fc526a7,000d185,0
approach-c2-92603,00677-stop-corridor,False,False,0,0.3996,True,0.0,False,350,deadline,426f0fc526a7,000d185,0
approach-c2-92603,00707-stop-clear,False,False,0,0.6197,True,0.0,False,300,deadline,426f0fc526a7,000d185,0
approach-c2-92603,00707-stop-corridor,False,False,0,0.4221,True,0.0,False,300,deadline,426f0fc526a7,000d185,0
approach-c2-92603,00711-stop-clear,False,False,0,3.4882,True,0.0,False,475,deadline,426f0fc526a7,000d185,0
approach-c2-92603,00711-stop-corridor,False,False,0,3.5726,True,0.0,False,475,deadline,426f0fc526a7,000d185,0
approach-c2-92603,00770-stop-clear,False,False,0,0.8258,True,0.0,False,425,deadline,426f0fc526a7,000d185,0
approach-c2-92603,00770-stop-corridor,False,False,0,1.0,True,0.0,False,425,deadline,426f0fc526a7,000d185,0
approach-c2-92603,00801-stop-clear,False,False,0,1.6502,True,0.0,False,625,deadline,426f0fc526a7,000d185,0
approach-c2-92603,00801-stop-corridor,False,False,0,5.6957,True,0.0,False,625,deadline,426f0fc526a7,000d185,0
approach-c2-92603,00908-stop-clear,False,False,0,0.2985,True,0.0,False,350,deadline,426f0fc526a7,000d185,0
approach-c2-92603,00908-stop-corridor,False,False,0,0.4048,True,0.0,False,350,deadline,426f0fc526a7,000d185,0
approach-c2-92603,00976-stop-clear,False,False,0,1.442,True,0.0,False,500,deadline,426f0fc526a7,000d185,0
approach-c2-92603,00976-stop-corridor,False,False,0,0.8246,False,437.34,False,166,contact,426f0fc526a7,000d185,0
probe-approach-c2-91260,00677-stop-corridor,False,True,11,0.27,True,0.0,False,350,deadline,426f0fc526a7,caecf41,0
probe-approach-c2-91260,00908-stop-clear,True,True,50,0.0811,True,0.0,False,238,goal_hold,426f0fc526a7,caecf41,0
probe-approach-c2-nominal-92601,00677-stop-corridor,False,False,0,1.0703,True,0.0,False,350,deadline,426f0fc526a7,caecf41,0
probe-approach-c2-nominal-92601,00908-stop-clear,False,False,0,1.0637,True,0.0,False,350,deadline,426f0fc526a7,caecf41,0
probe-approach-c2-nominal-92602,00677-stop-corridor,False,False,0,0.7635,True,0.0,False,350,deadline,426f0fc526a7,caecf41,0
probe-approach-c2-nominal-92602,00908-stop-clear,False,False,0,0.3592,True,0.0,False,350,deadline,426f0fc526a7,caecf41,0
recovery-92601,00120-stop-clear,False,False,0,4.2977,True,0.0,False,575,deadline,d4b3c0e288c4,661a234,0
recovery-92601,00120-stop-corridor,False,False,0,4.8333,False,292.11,False,121,contact,d4b3c0e288c4,661a234,0
recovery-92601,00265-stop-clear,False,False,0,0.7859,True,0.0,False,500,deadline,d4b3c0e288c4,661a234,0
recovery-92601,00265-stop-corridor,False,False,0,0.8546,True,0.0,False,500,deadline,d4b3c0e288c4,661a234,0
recovery-92601,00413-stop-clear,False,False,0,1.489,True,0.0,False,600,deadline,d4b3c0e288c4,661a234,0
recovery-92601,00677-stop-clear,False,False,0,1.359,True,0.0,False,350,deadline,d4b3c0e288c4,661a234,0
recovery-92601,00677-stop-corridor,False,False,0,0.7435,False,86.81,False,123,contact,d4b3c0e288c4,661a234,1
recovery-92601,00707-stop-clear,False,False,0,0.3004,True,0.0,False,300,deadline,d4b3c0e288c4,661a234,0
recovery-92601,00707-stop-corridor,False,False,0,0.3394,True,0.0,False,300,deadline,d4b3c0e288c4,661a234,0
recovery-92601,00711-stop-clear,False,False,0,2.8175,True,0.0,False,475,deadline,d4b3c0e288c4,661a234,0
recovery-92601,00711-stop-corridor,False,False,0,3.0854,False,80.93,False,337,contact,d4b3c0e288c4,661a234,0
recovery-92601,00770-stop-clear,False,False,0,1.1489,True,0.0,False,425,deadline,d4b3c0e288c4,661a234,2
recovery-92601,00770-stop-corridor,False,False,0,0.7931,True,0.0,False,425,deadline,d4b3c0e288c4,000d185,0
recovery-92601,00801-stop-clear,False,False,0,2.4202,True,0.0,False,625,deadline,d4b3c0e288c4,000d185,0
recovery-92601,00801-stop-corridor,False,False,0,4.8408,False,219.12,False,379,contact,d4b3c0e288c4,000d185,0
recovery-92601,00908-stop-clear,False,False,0,1.5294,True,0.0,False,350,deadline,d4b3c0e288c4,000d185,0
recovery-92601,00908-stop-corridor,False,True,0,0.3465,True,0.0,False,350,deadline,d4b3c0e288c4,000d185,0
recovery-92601,00976-stop-clear,False,False,0,1.8671,True,0.0,False,500,deadline,d4b3c0e288c4,000d185,0
recovery-92601,00976-stop-corridor,False,False,0,1.4792,True,0.0,False,500,deadline,d4b3c0e288c4,000d185,0
recovery-92602,00120-stop-clear,False,False,0,2.8303,True,0.0,False,575,deadline,d4b3c0e288c4,000d185,0
recovery-92602,00120-stop-corridor,False,False,0,4.7632,False,51.01,False,121,contact,d4b3c0e288c4,000d185,0
recovery-92602,00265-stop-clear,False,False,0,0.7328,True,0.0,False,500,deadline,d4b3c0e288c4,000d185,0
recovery-92602,00265-stop-corridor,False,False,0,1.047,True,0.0,False,500,deadline,d4b3c0e288c4,000d185,0
recovery-92602,00413-stop-clear,False,False,0,1.8373,True,0.0,False,600,deadline,d4b3c0e288c4,000d185,0
recovery-92602,00677-stop-clear,False,False,0,0.7143,True,0.0,False,350,deadline,d4b3c0e288c4,000d185,0
recovery-92602,00677-stop-corridor,False,False,0,0.8652,False,233.99,False,194,contact,d4b3c0e288c4,000d185,0
recovery-92602,00707-stop-clear,False,False,0,0.5604,True,0.0,False,300,deadline,d4b3c0e288c4,000d185,0
recovery-92602,00707-stop-corridor,False,False,0,0.6098,False,57.66,False,139,contact,d4b3c0e288c4,000d185,0
recovery-92602,00711-stop-clear,False,False,0,2.1844,True,0.0,False,475,deadline,d4b3c0e288c4,000d185,0
recovery-92602,00711-stop-corridor,False,False,0,3.4561,True,0.0,False,475,deadline,d4b3c0e288c4,000d185,0
recovery-92602,00770-stop-clear,False,False,0,1.0293,True,0.0,False,425,deadline,d4b3c0e288c4,000d185,0
recovery-92602,00770-stop-corridor,False,False,0,0.6585,True,0.0,False,425,deadline,d4b3c0e288c4,000d185,0
recovery-92602,00801-stop-clear,False,False,0,1.7553,True,0.0,False,625,deadline,d4b3c0e288c4,000d185,0
recovery-92602,00801-stop-corridor,False,False,0,4.1529,False,52.88,False,303,contact,d4b3c0e288c4,000d185,0
recovery-92602,00908-stop-clear,False,False,0,0.8807,True,0.0,False,350,deadline,d4b3c0e288c4,000d185,0
recovery-92602,00908-stop-corridor,False,False,0,0.4511,True,0.0,False,350,deadline,d4b3c0e288c4,000d185,0
recovery-92602,00976-stop-clear,False,False,0,0.9012,True,0.0,False,500,deadline,d4b3c0e288c4,000d185,0
recovery-92602,00976-stop-corridor,False,False,0,1.2319,False,697.39,False,154,contact,d4b3c0e288c4,000d185,0
recovery-92603,00120-stop-clear,False,False,0,2.4135,True,0.0,False,575,deadline,d4b3c0e288c4,000d185,0
recovery-92603,00120-stop-corridor,False,False,0,2.3509,True,0.0,False,575,deadline,d4b3c0e288c4,000d185,0
recovery-92603,00265-stop-clear,False,False,0,0.8124,True,0.0,False,500,deadline,d4b3c0e288c4,000d185,0
recovery-92603,00265-stop-corridor,False,False,0,0.7596,False,62.69,False,394,contact,d4b3c0e288c4,000d185,0
recovery-92603,00413-stop-clear,False,False,0,0.463,True,0.0,False,600,deadline,d4b3c0e288c4,000d185,0
recovery-92603,00677-stop-clear,False,False,0,0.4612,True,0.0,False,350,deadline,d4b3c0e288c4,6a094ab,0
recovery-92603,00677-stop-corridor,False,False,0,0.916,False,6.76,False,251,contact,d4b3c0e288c4,caecf41,0
recovery-92603,00707-stop-clear,False,False,0,0.5066,True,0.0,False,300,deadline,d4b3c0e288c4,caecf41,0
recovery-92603,00707-stop-corridor,False,True,9,0.4392,False,74.28,False,274,contact,d4b3c0e288c4,caecf41,0
recovery-92603,00711-stop-clear,False,False,0,1.7749,True,0.0,False,475,deadline,d4b3c0e288c4,caecf41,0
recovery-92603,00711-stop-corridor,False,False,0,3.1417,False,313.75,False,329,contact,d4b3c0e288c4,caecf41,0
recovery-92603,00770-stop-clear,False,False,0,1.2353,True,0.0,False,425,deadline,d4b3c0e288c4,caecf41,0
recovery-92603,00770-stop-corridor,False,False,0,1.1229,True,0.0,False,425,deadline,d4b3c0e288c4,caecf41,0
recovery-92603,00801-stop-clear,False,False,0,2.8153,True,0.0,False,625,deadline,d4b3c0e288c4,caecf41,0
recovery-92603,00801-stop-corridor,False,False,0,3.5551,True,0.0,False,625,deadline,d4b3c0e288c4,caecf41,0
recovery-92603,00908-stop-clear,False,True,0,0.5505,True,0.0,False,350,deadline,d4b3c0e288c4,caecf41,0
recovery-92603,00908-stop-corridor,False,True,0,0.3548,False,93.34,False,236,contact,d4b3c0e288c4,caecf41,0
recovery-92603,00976-stop-clear,False,False,0,1.631,True,0.0,False,500,deadline,d4b3c0e288c4,caecf41,0
recovery-92603,00976-stop-corridor,False,False,0,0.7806,False,270.1,False,159,contact,d4b3c0e288c4,caecf41,0
release-92601,00120-stop-clear,False,False,0,0.8015,True,0.0,False,575,deadline,,000d185,0
release-92601,00120-stop-corridor,False,False,0,0.7923,True,0.0,False,575,deadline,,000d185,0
release-92601,00265-stop-clear,True,True,50,0.2316,True,0.0,False,392,goal_hold,,000d185,0
release-92601,00265-stop-corridor,True,True,50,0.231,True,0.0,False,392,goal_hold,,000d185,0
release-92601,00399-stop-clear,True,True,50,0.2277,True,0.0,False,536,goal_hold,,000d185,0
release-92601,00399-stop-corridor,False,False,0,0.6025,False,2509.13,False,1,contact,,000d185,0
release-92601,00413-stop-clear,True,True,50,0.0949,True,0.0,False,508,goal_hold,,000d185,0
release-92601,00413-stop-corridor,True,True,50,0.0867,True,0.0,False,502,goal_hold,,000d185,0
release-92601,00677-stop-clear,False,False,0,0.3005,True,0.0,False,350,deadline,,000d185,0
release-92601,00677-stop-corridor,False,False,0,0.3013,True,0.0,False,350,deadline,,000d185,0
release-92601,00707-stop-clear,True,True,50,0.0984,True,0.0,False,261,goal_hold,,000d185,0
release-92601,00707-stop-corridor,True,True,50,0.0917,True,0.0,False,261,goal_hold,,000d185,0
release-92601,00711-stop-clear,False,False,0,0.4019,True,0.0,False,475,deadline,,000d185,0
release-92601,00711-stop-corridor,False,False,0,0.3948,True,0.0,False,475,deadline,,000d185,0
release-92601,00770-stop-clear,True,True,50,0.0757,True,0.0,False,338,goal_hold,,000d185,0
release-92601,00770-stop-corridor,True,True,50,0.0782,True,0.0,False,337,goal_hold,,000d185,0
release-92601,00781-stop-clear,False,False,0,1.7289,True,0.0,False,450,deadline,,000d185,0
release-92601,00781-stop-corridor,False,False,0,3.7863,False,323.11,False,112,contact,,000d185,0
release-92601,00801-stop-clear,True,True,50,0.0728,True,0.0,False,576,goal_hold,,000d185,0
release-92601,00801-stop-corridor,True,True,50,0.0955,True,0.0,False,576,goal_hold,,000d185,0
release-92601,00908-stop-clear,True,True,50,0.1355,True,0.0,False,202,goal_hold,,000d185,0
release-92601,00908-stop-corridor,True,True,50,0.136,True,0.0,False,202,goal_hold,,000d185,0
release-92601,00976-stop-clear,True,True,50,0.0519,True,0.0,False,383,goal_hold,,000d185,0
release-92601,00976-stop-corridor,True,True,50,0.0499,True,0.0,False,383,goal_hold,,000d185,0
teacher8192-92601,00120-stop-clear,True,True,50,0.1472,True,0.0,False,519,goal_hold,,000d185,0
teacher8192-92601,00120-stop-corridor,True,True,50,0.1308,True,0.0,False,519,goal_hold,,000d185,0
teacher8192-92601,00265-stop-clear,True,True,50,0.142,True,0.0,False,408,goal_hold,,000d185,0
teacher8192-92601,00265-stop-corridor,True,True,50,0.1371,True,0.0,False,408,goal_hold,,000d185,0
teacher8192-92601,00399-stop-clear,True,True,50,0.1211,True,0.0,False,495,goal_hold,,000d185,0
teacher8192-92601,00399-stop-corridor,False,False,0,0.6029,False,2558.54,False,1,contact,,000d185,0
teacher8192-92601,00413-stop-clear,True,True,50,0.0417,True,0.0,False,502,goal_hold,,000d185,0
teacher8192-92601,00413-stop-corridor,True,True,50,0.0135,True,0.0,False,462,goal_hold,,000d185,0
teacher8192-92601,00677-stop-clear,True,True,50,0.14,True,0.0,False,297,goal_hold,,000d185,0
teacher8192-92601,00677-stop-corridor,True,True,50,0.1322,True,0.0,False,297,goal_hold,,000d185,0
teacher8192-92601,00707-stop-clear,False,True,38,0.174,True,0.0,False,300,deadline,,000d185,0
teacher8192-92601,00707-stop-corridor,False,True,9,0.2291,True,0.0,False,300,deadline,,000d185,0
teacher8192-92601,00711-stop-clear,True,True,50,0.1018,True,0.0,False,407,goal_hold,,000d185,0
teacher8192-92601,00711-stop-corridor,True,True,50,0.0815,True,0.0,False,408,goal_hold,,000d185,0
teacher8192-92601,00770-stop-clear,True,True,50,0.0723,True,0.0,False,338,goal_hold,,000d185,0
teacher8192-92601,00770-stop-corridor,True,True,50,0.0736,True,0.0,False,338,goal_hold,,000d185,0
teacher8192-92601,00781-stop-clear,False,False,0,0.9654,True,0.0,False,450,deadline,,000d185,0
teacher8192-92601,00781-stop-corridor,False,False,0,3.6877,False,1174.85,False,110,contact,,000d185,0
teacher8192-92601,00801-stop-clear,True,True,50,0.1775,True,0.0,False,575,goal_hold,,000d185,0
teacher8192-92601,00801-stop-corridor,True,True,50,0.1556,True,0.0,False,576,goal_hold,,000d185,0
teacher8192-92601,00908-stop-clear,True,True,50,0.1341,True,0.0,False,205,goal_hold,,000d185,0
teacher8192-92601,00908-stop-corridor,True,True,50,0.1355,True,0.0,False,205,goal_hold,,000d185,0
teacher8192-92601,00976-stop-clear,True,True,50,0.1097,True,0.0,False,394,goal_hold,,000d185,0
teacher8192-92601,00976-stop-corridor,True,True,50,0.1167,True,0.0,False,393,goal_hold,,000d185,0
teacher8192-92602,00120-stop-clear,True,True,50,0.2102,True,0.0,False,517,goal_hold,,000d185,0
teacher8192-92602,00120-stop-corridor,True,True,50,0.2149,True,0.0,False,489,goal_hold,,000d185,0
teacher8192-92602,00265-stop-clear,True,True,50,0.0769,True,0.0,False,374,goal_hold,,000d185,0
teacher8192-92602,00265-stop-corridor,True,True,50,0.0823,True,0.0,False,373,goal_hold,,000d185,0
teacher8192-92602,00399-stop-clear,True,True,50,0.2231,True,0.0,False,474,goal_hold,,000d185,0
teacher8192-92602,00399-stop-corridor,False,False,0,0.6026,False,2306.32,False,1,contact,,000d185,0
teacher8192-92602,00413-stop-clear,True,True,50,0.0914,True,0.0,False,392,goal_hold,,000d185,0
teacher8192-92602,00413-stop-corridor,True,True,50,0.0968,True,0.0,False,392,goal_hold,,000d185,0
teacher8192-92602,00677-stop-clear,True,True,50,0.1608,True,0.0,False,268,goal_hold,,000d185,0
teacher8192-92602,00677-stop-corridor,True,True,50,0.1648,True,0.0,False,268,goal_hold,,000d185,0
teacher8192-92602,00707-stop-clear,True,True,50,0.0641,True,0.0,False,275,goal_hold,,000d185,0
teacher8192-92602,00707-stop-corridor,True,True,50,0.0635,True,0.0,False,275,goal_hold,,000d185,0
teacher8192-92602,00711-stop-clear,True,True,50,0.2041,True,0.0,False,406,goal_hold,,000d185,0
teacher8192-92602,00711-stop-corridor,True,True,50,0.2053,True,0.0,False,406,goal_hold,,000d185,0
teacher8192-92602,00770-stop-clear,True,True,50,0.1104,True,0.0,False,330,goal_hold,,000d185,0
teacher8192-92602,00770-stop-corridor,True,True,50,0.118,True,0.0,False,330,goal_hold,,000d185,0
teacher8192-92602,00781-stop-clear,False,False,0,1.3681,True,0.0,False,450,deadline,,000d185,0
teacher8192-92602,00781-stop-corridor,False,False,0,3.734,False,271.71,False,112,contact,,000d185,0
teacher8192-92602,00801-stop-clear,False,True,0,0.2739,True,0.0,False,625,deadline,,000d185,0
teacher8192-92602,00801-stop-corridor,False,True,0,0.2914,True,0.0,False,625,deadline,,000d185,0
teacher8192-92602,00908-stop-clear,True,True,50,0.1121,True,0.0,False,206,goal_hold,,000d185,0
teacher8192-92602,00908-stop-corridor,True,True,50,0.114,True,0.0,False,207,goal_hold,,000d185,0
teacher8192-92602,00976-stop-clear,True,True,50,0.1526,True,0.0,False,367,goal_hold,,000d185,0
teacher8192-92602,00976-stop-corridor,True,True,50,0.157,True,0.0,False,367,goal_hold,,000d185,0
teacher8192-92603,00120-stop-clear,True,True,50,0.1507,True,0.0,False,487,goal_hold,,000d185,0
teacher8192-92603,00120-stop-corridor,True,True,50,0.1663,True,0.0,False,486,goal_hold,,000d185,0
teacher8192-92603,00265-stop-clear,True,True,50,0.1104,True,0.0,False,372,goal_hold,,000d185,0
teacher8192-92603,00265-stop-corridor,True,True,50,0.1158,True,0.0,False,371,goal_hold,,000d185,0
teacher8192-92603,00399-stop-clear,True,True,50,0.2058,True,0.0,False,512,goal_hold,,000d185,0
teacher8192-92603,00399-stop-corridor,False,False,0,0.6025,False,2984.87,False,1,contact,,000d185,0
teacher8192-92603,00413-stop-clear,True,True,50,0.082,True,0.0,False,512,goal_hold,,000d185,0
teacher8192-92603,00413-stop-corridor,False,True,3,0.1205,False,30.19,False,319,contact,,000d185,0
teacher8192-92603,00677-stop-clear,True,True,50,0.131,True,0.0,False,267,goal_hold,,000d185,0
teacher8192-92603,00677-stop-corridor,True,True,50,0.1283,True,0.0,False,268,goal_hold,,000d185,0
teacher8192-92603,00707-stop-clear,True,True,50,0.1011,True,0.0,False,225,goal_hold,,6a094ab,0
teacher8192-92603,00707-stop-corridor,True,True,50,0.0986,True,0.0,False,224,goal_hold,,caecf41,0
teacher8192-92603,00711-stop-clear,True,True,50,0.0698,True,0.0,False,407,goal_hold,,caecf41,0
teacher8192-92603,00711-stop-corridor,True,True,50,0.074,True,0.0,False,409,goal_hold,,caecf41,0
teacher8192-92603,00770-stop-clear,True,True,50,0.1043,True,0.0,False,329,goal_hold,,000d185,0
teacher8192-92603,00770-stop-corridor,True,True,50,0.0975,True,0.0,False,330,goal_hold,,000d185,0
teacher8192-92603,00781-stop-clear,False,False,0,0.8027,True,0.0,False,450,deadline,,caecf41,0
teacher8192-92603,00781-stop-corridor,False,False,0,3.6802,False,834.31,False,114,contact,,caecf41,0
teacher8192-92603,00801-stop-clear,True,True,50,0.2384,True,0.0,False,599,goal_hold,,caecf41,0
teacher8192-92603,00801-stop-corridor,True,True,50,0.2276,True,0.0,False,582,goal_hold,,caecf41,0
teacher8192-92603,00908-stop-clear,True,True,50,0.0804,True,0.0,False,220,goal_hold,,000d185,0
teacher8192-92603,00908-stop-corridor,True,True,50,0.0777,True,0.0,False,220,goal_hold,,000d185,0
teacher8192-92603,00976-stop-clear,True,True,50,0.1995,True,0.0,False,351,goal_hold,,000d185,0
teacher8192-92603,00976-stop-corridor,True,True,50,0.1929,True,0.0,False,351,goal_hold,,000d185,0
uniform-c2-92601,00120-stop-clear,False,False,0,1.401,True,0.0,False,575,deadline,3af09f466ada,000d185,0
uniform-c2-92601,00120-stop-corridor,False,False,0,4.2005,False,123.91,False,411,contact,3af09f466ada,000d185,0
uniform-c2-92601,00265-stop-clear,False,False,0,0.2862,True,0.0,False,500,deadline,3af09f466ada,000d185,0
uniform-c2-92601,00265-stop-corridor,False,False,0,0.9139,True,0.0,False,500,deadline,3af09f466ada,000d185,0
uniform-c2-92601,00413-stop-clear,False,False,0,1.1494,True,0.0,False,600,deadline,3af09f466ada,000d185,0
uniform-c2-92601,00677-stop-clear,False,False,0,0.7774,True,0.0,False,350,deadline,3af09f466ada,000d185,0
uniform-c2-92601,00677-stop-corridor,False,False,0,0.5514,False,141.72,False,261,contact,3af09f466ada,000d185,0
uniform-c2-92601,00707-stop-clear,False,True,42,0.6497,True,0.0,False,300,deadline,3af09f466ada,000d185,0
uniform-c2-92601,00707-stop-corridor,False,True,35,0.2932,True,0.0,False,300,deadline,3af09f466ada,000d185,0
uniform-c2-92601,00711-stop-clear,False,False,0,2.0273,True,0.0,False,475,deadline,3af09f466ada,000d185,0
uniform-c2-92601,00711-stop-corridor,False,False,0,2.3076,True,0.0,False,475,deadline,3af09f466ada,000d185,0
uniform-c2-92601,00770-stop-clear,False,False,0,0.8341,True,0.0,False,425,deadline,3af09f466ada,000d185,0
uniform-c2-92601,00770-stop-corridor,False,False,0,0.5856,True,0.0,False,425,deadline,3af09f466ada,000d185,0
uniform-c2-92601,00801-stop-clear,False,False,0,2.9789,True,0.0,False,625,deadline,3af09f466ada,000d185,0
uniform-c2-92601,00801-stop-corridor,False,False,0,4.52,False,6.62,False,315,contact,3af09f466ada,000d185,0
uniform-c2-92601,00908-stop-clear,False,False,0,0.9614,True,0.0,False,350,deadline,3af09f466ada,000d185,0
uniform-c2-92601,00908-stop-corridor,False,False,0,0.8913,True,0.0,False,350,deadline,3af09f466ada,000d185,0
uniform-c2-92601,00976-stop-clear,False,False,0,1.2634,True,0.0,False,500,deadline,3af09f466ada,000d185,0
uniform-c2-92601,00976-stop-corridor,False,False,0,1.616,True,0.0,False,500,deadline,3af09f466ada,000d185,0
uniform-c2-92602,00120-stop-clear,False,False,0,2.2449,True,0.0,False,575,deadline,3af09f466ada,000d185,0
uniform-c2-92602,00120-stop-corridor,False,False,0,3.0334,True,0.0,False,575,deadline,3af09f466ada,000d185,0
uniform-c2-92602,00265-stop-clear,False,False,0,1.4781,True,0.0,False,500,deadline,3af09f466ada,000d185,0
uniform-c2-92602,00265-stop-corridor,False,False,0,1.282,True,0.0,False,500,deadline,3af09f466ada,000d185,0
uniform-c2-92602,00413-stop-clear,False,False,0,1.1246,True,0.0,False,600,deadline,3af09f466ada,000d185,0
uniform-c2-92602,00677-stop-clear,False,False,0,0.9051,True,0.0,False,350,deadline,3af09f466ada,000d185,0
uniform-c2-92602,00677-stop-corridor,False,False,0,0.8922,True,0.0,False,350,deadline,3af09f466ada,000d185,0
uniform-c2-92602,00707-stop-clear,False,False,0,0.4033,True,0.0,False,300,deadline,3af09f466ada,000d185,0
uniform-c2-92602,00707-stop-corridor,False,False,0,0.4416,True,0.0,False,300,deadline,3af09f466ada,000d185,0
uniform-c2-92602,00711-stop-clear,False,False,0,3.4333,True,0.0,False,475,deadline,3af09f466ada,000d185,0
uniform-c2-92602,00711-stop-corridor,False,False,0,2.8726,False,25.15,False,264,contact,3af09f466ada,000d185,0
uniform-c2-92602,00770-stop-clear,False,False,0,1.1723,True,0.0,False,425,deadline,3af09f466ada,000d185,0
uniform-c2-92602,00770-stop-corridor,False,False,0,1.0488,True,0.0,False,425,deadline,3af09f466ada,000d185,0
uniform-c2-92602,00801-stop-clear,False,False,0,3.9772,True,0.0,False,625,deadline,3af09f466ada,000d185,0
uniform-c2-92602,00801-stop-corridor,False,False,0,1.7365,True,0.0,False,625,deadline,3af09f466ada,000d185,0
uniform-c2-92602,00908-stop-clear,False,False,0,1.0439,True,0.0,False,350,deadline,3af09f466ada,000d185,0
uniform-c2-92602,00908-stop-corridor,False,False,0,1.0406,True,0.0,False,350,deadline,3af09f466ada,000d185,0
uniform-c2-92602,00976-stop-clear,False,False,0,1.108,True,0.0,False,500,deadline,3af09f466ada,000d185,0
uniform-c2-92602,00976-stop-corridor,False,False,0,1.181,False,87.3,False,208,contact,3af09f466ada,000d185,0
uniform-c2-92603,00120-stop-clear,False,False,0,3.5348,True,0.0,False,575,deadline,3af09f466ada,000d185,0
uniform-c2-92603,00120-stop-corridor,False,False,0,2.1154,True,0.0,False,575,deadline,3af09f466ada,000d185,0
uniform-c2-92603,00265-stop-clear,False,False,0,1.018,True,0.0,False,500,deadline,3af09f466ada,000d185,0
uniform-c2-92603,00265-stop-corridor,False,False,0,1.3712,True,0.0,False,500,deadline,3af09f466ada,000d185,0
uniform-c2-92603,00413-stop-clear,False,False,0,0.2767,True,0.0,False,600,deadline,3af09f466ada,000d185,0
uniform-c2-92603,00677-stop-clear,False,False,0,1.0052,True,0.0,False,350,deadline,3af09f466ada,000d185,0
uniform-c2-92603,00677-stop-corridor,False,False,0,0.9043,True,0.0,False,350,deadline,3af09f466ada,000d185,0
uniform-c2-92603,00707-stop-clear,False,False,0,0.2765,True,0.0,False,300,deadline,3af09f466ada,000d185,0
uniform-c2-92603,00707-stop-corridor,False,False,0,0.8513,True,0.0,False,300,deadline,3af09f466ada,000d185,0
uniform-c2-92603,00711-stop-clear,False,False,0,3.1519,True,0.0,False,475,deadline,3af09f466ada,000d185,0
uniform-c2-92603,00711-stop-corridor,False,False,0,1.4109,True,0.0,False,475,deadline,3af09f466ada,000d185,0
uniform-c2-92603,00770-stop-clear,False,False,0,1.5162,True,0.0,False,425,deadline,3af09f466ada,000d185,0
uniform-c2-92603,00770-stop-corridor,False,False,0,1.5469,True,0.0,False,425,deadline,3af09f466ada,000d185,0
uniform-c2-92603,00801-stop-clear,False,False,0,1.7525,True,0.0,False,625,deadline,3af09f466ada,000d185,0
uniform-c2-92603,00801-stop-corridor,False,False,0,2.1299,True,0.0,False,625,deadline,3af09f466ada,000d185,0
uniform-c2-92603,00908-stop-clear,False,False,0,0.4151,True,0.0,False,350,deadline,3af09f466ada,000d185,0
uniform-c2-92603,00908-stop-corridor,False,False,0,0.2598,True,0.0,False,350,deadline,3af09f466ada,000d185,0
uniform-c2-92603,00976-stop-clear,False,False,0,0.944,True,0.0,False,500,deadline,3af09f466ada,000d185,0
uniform-c2-92603,00976-stop-corridor,False,False,0,0.8543,False,431.97,False,161,contact,3af09f466ada,000d185,0
