cell_elapsed_seconds,cells,ended_at,hours,record,stage,started_at,study
"{""icra_41001_uniform_00_a0"": 40.583, ""icra_41001_uniform_00_a1"": 41.583, ""icra_41001_uniform_01_a0"": 41.79, ""icra_41001_uniform_01_a1"": 36.684, ""icra_41001_uniform_02_a0"": 41.444, ""icra_41001_uniform_02_a1"": 41.84, ""icra_41001_uniform_03_a0"": 39.643, ""icra_41001_uniform_03_a1"": 41.783}",8,2026-09-07T01:23:37-04:00,0.0903751498205626,"{""bytes"": 44232, ""path"": ""/home/linjiw/research-data/groot-wbc/m2s-icra-v1-labels-00/run_record.json"", ""sha256"": ""sha256:3d0a5e8dfbf0a52c340e066e9346d5e876245a57b238bf539444bbd7e6ded404""}",labels,2026-09-07T00:57:52-04:00,robust
"{""icra_41001_analytic_00_a0"": 38.18, ""icra_41001_analytic_00_a1"": 40.222, ""icra_41001_no_contrast_00_a0"": 42.23, ""icra_41001_no_contrast_00_a1"": 40.138, ""icra_41001_uniform_04_a0"": 73.075, ""icra_41001_uniform_04_a1"": 40.991, ""icra_41001_uniform_05_a0"": 38.077, ""icra_41001_uniform_05_a1"": 37.57}",8,2026-09-07T01:39:16-04:00,0.09735650899999504,"{""bytes"": 43300, ""path"": ""/home/linjiw/research-data/groot-wbc/m2s-icra-v1-labels-01/run_record.json"", ""sha256"": ""sha256:6b906ac09e14326ceafec928d0eb5e0f9a17b0adc99473b5dab034715e79c845""}",labels,2026-09-07T01:23:47-04:00,robust
"{""icra_41001_no_contrast_01_a0"": 42.19, ""icra_41001_no_contrast_01_a1"": 41.932, ""icra_41001_no_contrast_02_a0"": 42.854, ""icra_41001_no_contrast_02_a1"": 42.791, ""icra_41001_no_contrast_04_a0"": 36.583, ""icra_41001_no_contrast_04_a1"": 39.339, ""icra_41001_no_contrast_05_a0"": 40.831, ""icra_41001_no_contrast_05_a1"": 37.93}",8,2026-09-07T02:08:18-04:00,0.09012485593749767,"{""bytes"": 42343, ""path"": ""/home/linjiw/research-data/groot-wbc/m2s-icra-v1-labels-02/run_record.json"", ""sha256"": ""sha256:18a54b4115bc338dc7a63bd4261f3ea1728effbf849a60d19920e028210d17ed""}",labels,2026-09-07T01:39:27-04:00,robust
"{""icra_41001_shared_absent_a0"": 41.14, ""icra_41001_shared_absent_a1"": 41.187, ""icra_41001_shared_raised_a0"": 40.39, ""icra_41001_shared_raised_a1"": 40.924, ""icra_41002_uniform_00_a0"": 34.269, ""icra_41002_uniform_00_a1"": 33.613, ""icra_41002_uniform_01_a0"": 33.716, ""icra_41002_uniform_01_a1"": 33.513}",8,2026-09-07T02:22:38-04:00,0.08298657415944845,"{""bytes"": 43302, ""path"": ""/home/linjiw/research-data/groot-wbc/m2s-icra-v1-labels-03/run_record.json"", ""sha256"": ""sha256:5ac6d65b3e4c038ce0bfaa8df86559c3063ac38f833d75ec4f49a302ede0e104""}",labels,2026-09-07T02:08:28-04:00,robust
"{""icra_41002_uniform_02_a0"": 33.72, ""icra_41002_uniform_02_a1"": 33.014, ""icra_41002_uniform_03_a0"": 33.165, ""icra_41002_uniform_03_a1"": 33.615, ""icra_41002_uniform_04_a0"": 33.214, ""icra_41002_uniform_04_a1"": 33.366, ""icra_41002_uniform_05_a0"": 33.513, ""icra_41002_uniform_05_a1"": 33.715}",8,2026-09-07T02:27:15-04:00,0.07425640437417315,"{""bytes"": 43393, ""path"": ""/home/linjiw/research-data/groot-wbc/m2s-icra-v1-labels-04/run_record.json"", ""sha256"": ""sha256:56d00474fdceb2ea466ac8ffc1ab2bdd05dccee34dc282e49733b7d0c4f9ff90""}",labels,2026-09-07T02:22:48-04:00,robust
"{""icra_41002_no_contrast_00_a0"": 33.523, ""icra_41002_no_contrast_00_a1"": 33.566, ""icra_41002_no_contrast_01_a0"": 33.71, ""icra_41002_no_contrast_01_a1"": 33.51, ""icra_41002_no_contrast_02_a0"": 33.758, ""icra_41002_no_contrast_02_a1"": 33.268, ""icra_41002_no_contrast_03_a0"": 33.765, ""icra_41002_no_contrast_03_a1"": 33.565}",8,2026-09-07T02:31:54-04:00,0.07462909116805853,"{""bytes"": 42135, ""path"": ""/home/linjiw/research-data/groot-wbc/m2s-icra-v1-labels-05/run_record.json"", ""sha256"": ""sha256:66879711bb7f19a509de7bb655c2d010df2623ccf46bd5ba5841348cdcfef606""}",labels,2026-09-07T02:27:25-04:00,robust
"{""icra_41002_no_contrast_04_a0"": 33.566, ""icra_41002_no_contrast_04_a1"": 33.665, ""icra_41002_no_contrast_05_a0"": 33.164, ""icra_41002_no_contrast_05_a1"": 33.115, ""icra_41002_shared_absent_a0"": 33.42, ""icra_41002_shared_absent_a1"": 33.507, ""icra_41002_shared_blocked_a0"": 34.166, ""icra_41002_shared_blocked_a1"": 34.009}",8,2026-09-07T02:36:34-04:00,0.07461455485000139,"{""bytes"": 43130, ""path"": ""/home/linjiw/research-data/groot-wbc/m2s-icra-v1-labels-06/run_record.json"", ""sha256"": ""sha256:5eef3a5c2942d2179a48c47b9be3d73f5e33d7b3080abaca773f09ba14a55a84""}",labels,2026-09-07T02:32:05-04:00,robust
"{""icra_41003_uniform_00_a0"": 33.169, ""icra_41003_uniform_00_a1"": 32.457, ""icra_41003_uniform_01_a0"": 33.013, ""icra_41003_uniform_01_a1"": 33.414, ""icra_41003_uniform_02_a0"": 33.159, ""icra_41003_uniform_02_a1"": 33.217, ""icra_41003_uniform_03_a0"": 33.66, ""icra_41003_uniform_03_a1"": 33.165}",8,2026-09-07T02:41:10-04:00,0.07368138411694317,"{""bytes"": 44068, ""path"": ""/home/linjiw/research-data/groot-wbc/m2s-icra-v1-labels-07/run_record.json"", ""sha256"": ""sha256:c8231000d3dd0925fc5099bfaaa2954c16c7420c445e821bc8e508a6fdffb852""}",labels,2026-09-07T02:36:44-04:00,robust
"{""icra_41003_no_contrast_00_a0"": 33.616, ""icra_41003_no_contrast_00_a1"": 33.012, ""icra_41003_no_contrast_01_a0"": 33.109, ""icra_41003_no_contrast_01_a1"": 33.213, ""icra_41003_uniform_04_a0"": 33.724, ""icra_41003_uniform_04_a1"": 33.159, ""icra_41003_uniform_05_a0"": 33.31, ""icra_41003_uniform_05_a1"": 33.415}",8,2026-09-07T02:45:47-04:00,0.07404368542333639,"{""bytes"": 42698, ""path"": ""/home/linjiw/research-data/groot-wbc/m2s-icra-v1-labels-08/run_record.json"", ""sha256"": ""sha256:fe894e0cf5cab1dc9ef3667418e3d4b1b17a6df396ba82706d9a6b1c38ca953f""}",labels,2026-09-07T02:41:20-04:00,robust
"{""icra_41003_no_contrast_02_a0"": 33.022, ""icra_41003_no_contrast_02_a1"": 33.014, ""icra_41003_no_contrast_03_a0"": 33.209, ""icra_41003_no_contrast_03_a1"": 33.065, ""icra_41003_no_contrast_04_a0"": 33.214, ""icra_41003_no_contrast_04_a1"": 32.758, ""icra_41003_shared_raised_a0"": 32.812, ""icra_41003_shared_raised_a1"": 32.862}",8,2026-09-07T02:50:21-04:00,0.07332141925693172,"{""bytes"": 42149, ""path"": ""/home/linjiw/research-data/groot-wbc/m2s-icra-v1-labels-09/run_record.json"", ""sha256"": ""sha256:642d5655765cdfd277418c04a34d86b9cea3770fde524e8831006a02cf1052ef""}",labels,2026-09-07T02:45:56-04:00,robust
"{""icra_41003_shared_blocked_a0"": 33.829, ""icra_41003_shared_blocked_a1"": 33.557}",2,2026-09-07T02:51:38-04:00,0.018718448274165793,"{""bytes"": 12199, ""path"": ""/home/linjiw/research-data/groot-wbc/m2s-icra-v1-labels-10/run_record.json"", ""sha256"": ""sha256:c88e93672aee08ef6fb158884313a5d0c7577c087b3c0ed8261dced9e6b1fffe""}",labels,2026-09-07T02:50:31-04:00,robust
"{""icra_eval_41001_layout_00_p8511_analytic"": 32.861, ""icra_eval_41001_layout_00_p8511_motion2scene"": 32.96, ""icra_eval_41001_layout_00_p8511_no_contrast"": 33.165, ""icra_eval_41001_layout_00_p8511_privileged_geometry"": 32.716, ""icra_eval_41001_layout_00_p8511_scripted_rays"": 32.517, ""icra_eval_41001_layout_00_p8511_uniform"": 32.825}",6,2026-09-07T02:55:10-04:00,0.054734096769445593,"{""bytes"": 36803, ""path"": ""/home/linjiw/research-data/groot-wbc/m2s-icra-learning-v1-eval-000/run_record.json"", ""sha256"": ""sha256:c1f66895666bb986ae10ea12b5a03fc3480771189bc7eb4684f86acbf7e4fe1e""}",evaluation,2026-09-07T02:51:52-04:00,robust
"{""icra_eval_41002_layout_00_p8511_analytic"": 33.107, ""icra_eval_41002_layout_00_p8511_motion2scene"": 32.566, ""icra_eval_41002_layout_00_p8511_no_contrast"": 32.808, ""icra_eval_41002_layout_00_p8511_privileged_geometry"": 33.006, ""icra_eval_41002_layout_00_p8511_scripted_rays"": 32.961, ""icra_eval_41002_layout_00_p8511_uniform"": 33.07}",6,2026-09-07T02:58:36-04:00,0.0548662421863911,"{""bytes"": 36277, ""path"": ""/home/linjiw/research-data/groot-wbc/m2s-icra-learning-v1-eval-001/run_record.json"", ""sha256"": ""sha256:f8613f9ab94bdc94c2ea1261df312e2bab9bce767b4923361bfa98a2fda4e233""}",evaluation,2026-09-07T02:55:18-04:00,robust
"{""icra_eval_41003_layout_00_p8511_analytic"": 33.017, ""icra_eval_41003_layout_00_p8511_motion2scene"": 32.664, ""icra_eval_41003_layout_00_p8511_no_contrast"": 32.717, ""icra_eval_41003_layout_00_p8511_privileged_geometry"": 33.217, ""icra_eval_41003_layout_00_p8511_scripted_rays"": 33.014, ""icra_eval_41003_layout_00_p8511_uniform"": 32.973}",6,2026-09-07T03:02:02-04:00,0.054889543717225826,"{""bytes"": 36574, ""path"": ""/home/linjiw/research-data/groot-wbc/m2s-icra-learning-v1-eval-002/run_record.json"", ""sha256"": ""sha256:9c688a964dbae2c524a76587ac12c2b5c3740c4a31adaf9d752ddbc2e2b8fd47""}",evaluation,2026-09-07T02:58:43-04:00,robust
"{""icra_eval_41001_layout_00_p8512_analytic"": 32.963, ""icra_eval_41001_layout_00_p8512_motion2scene"": 33.06, ""icra_eval_41001_layout_00_p8512_no_contrast"": 32.961, ""icra_eval_41001_layout_00_p8512_privileged_geometry"": 33.064, ""icra_eval_41001_layout_00_p8512_scripted_rays"": 33.063, ""icra_eval_41001_layout_00_p8512_uniform"": 32.968}",6,2026-09-07T03:05:28-04:00,0.05502184542166004,"{""bytes"": 36400, ""path"": ""/home/linjiw/research-data/groot-wbc/m2s-icra-learning-v1-eval-003/run_record.json"", ""sha256"": ""sha256:2b948b08769b599da4e49ceb57aa120978609cff3b9e45d2cabc6f35560ab4cd""}",evaluation,2026-09-07T03:02:09-04:00,robust
"{""icra_eval_41002_layout_00_p8512_analytic"": 24.197, ""icra_eval_41002_layout_00_p8512_motion2scene"": 27.559, ""icra_eval_41002_layout_00_p8512_no_contrast"": 24.148, ""icra_eval_41002_layout_00_p8512_privileged_geometry"": 23.995, ""icra_eval_41002_layout_00_p8512_scripted_rays"": 24.25, ""icra_eval_41002_layout_00_p8512_uniform"": 24.758}",6,2026-09-07T03:08:05-04:00,0.04136341009084491,"{""bytes"": 35869, ""path"": ""/home/linjiw/research-data/groot-wbc/m2s-icra-learning-v1-eval-004/run_record.json"", ""sha256"": ""sha256:dad14bff938dfcba31b5cd95c6f849d74024718ccdcf61113f19d1aac0019af9""}",evaluation,2026-09-07T03:05:36-04:00,robust
"{""icra_eval_41003_layout_00_p8512_analytic"": 23.901, ""icra_eval_41003_layout_00_p8512_motion2scene"": 23.899, ""icra_eval_41003_layout_00_p8512_no_contrast"": 23.946, ""icra_eval_41003_layout_00_p8512_privileged_geometry"": 24.098, ""icra_eval_41003_layout_00_p8512_scripted_rays"": 26.499, ""icra_eval_41003_layout_00_p8512_uniform"": 23.754}",6,2026-09-07T03:10:39-04:00,0.040582772608888464,"{""bytes"": 36456, ""path"": ""/home/linjiw/research-data/groot-wbc/m2s-icra-learning-v1-eval-005/run_record.json"", ""sha256"": ""sha256:aa35618efa179b80b4780ac2fea36bee14bd1791b0a5ce6414c0800b5ea163d7""}",evaluation,2026-09-07T03:08:13-04:00,robust
"{""icra_eval_41001_layout_01_p8511_analytic"": 29.355, ""icra_eval_41001_layout_01_p8511_motion2scene"": 31.908, ""icra_eval_41001_layout_01_p8511_no_contrast"": 31.711, ""icra_eval_41001_layout_01_p8511_privileged_geometry"": 31.714, ""icra_eval_41001_layout_01_p8511_scripted_rays"": 31.812, ""icra_eval_41001_layout_01_p8511_uniform"": 31.962}",6,2026-09-07T03:13:56-04:00,0.05235082024388248,"{""bytes"": 36026, ""path"": ""/home/linjiw/research-data/groot-wbc/m2s-icra-learning-v1-eval-006/run_record.json"", ""sha256"": ""sha256:9e59528937d3d1326ce78de86e2b681c6dfa637bba183c5e646338f194517ad7""}",evaluation,2026-09-07T03:10:47-04:00,robust
"{""icra_eval_41002_layout_01_p8511_analytic"": 31.859, ""icra_eval_41002_layout_01_p8511_motion2scene"": 31.958, ""icra_eval_41002_layout_01_p8511_no_contrast"": 31.808, ""icra_eval_41002_layout_01_p8511_privileged_geometry"": 31.956, ""icra_eval_41002_layout_01_p8511_scripted_rays"": 31.856, ""icra_eval_41002_layout_01_p8511_uniform"": 31.665}",6,2026-09-07T03:17:15-04:00,0.0530837951822145,"{""bytes"": 34240, ""path"": ""/home/linjiw/research-data/groot-wbc/m2s-icra-learning-v1-eval-007/run_record.json"", ""sha256"": ""sha256:cc9c6c37ce8c55ee633b4d63eaabb1c513b162c6bdc64f980e8cd6ee19657c45""}",evaluation,2026-09-07T03:14:04-04:00,robust
"{""icra_eval_41003_layout_01_p8511_analytic"": 30.356, ""icra_eval_41003_layout_01_p8511_motion2scene"": 32.156, ""icra_eval_41003_layout_01_p8511_no_contrast"": 31.957, ""icra_eval_41003_layout_01_p8511_privileged_geometry"": 31.81, ""icra_eval_41003_layout_01_p8511_scripted_rays"": 29.661, ""icra_eval_41003_layout_01_p8511_uniform"": 31.964}",6,2026-09-07T03:20:31-04:00,0.05219597956945007,"{""bytes"": 35574, ""path"": ""/home/linjiw/research-data/groot-wbc/m2s-icra-learning-v1-eval-008/run_record.json"", ""sha256"": ""sha256:120ca70485202a32c3865f9388ef3a537242971246ca8ebc6cedfb84b9ef3efc""}",evaluation,2026-09-07T03:17:23-04:00,robust
"{""icra_eval_41001_layout_01_p8512_analytic"": 31.812, ""icra_eval_41001_layout_01_p8512_motion2scene"": 31.806, ""icra_eval_41001_layout_01_p8512_no_contrast"": 30.359, ""icra_eval_41001_layout_01_p8512_privileged_geometry"": 31.709, ""icra_eval_41001_layout_01_p8512_scripted_rays"": 31.811, ""icra_eval_41001_layout_01_p8512_uniform"": 32.018}",6,2026-09-07T03:23:49-04:00,0.05264327695695102,"{""bytes"": 36276, ""path"": ""/home/linjiw/research-data/groot-wbc/m2s-icra-learning-v1-eval-009/run_record.json"", ""sha256"": ""sha256:2adc4ef59541e4df52379b9e55195c87c18d94819933750cb20a9df9dbe19432""}",evaluation,2026-09-07T03:20:39-04:00,robust
"{""icra_eval_41002_layout_01_p8512_analytic"": 32.009, ""icra_eval_41002_layout_01_p8512_motion2scene"": 32.111, ""icra_eval_41002_layout_01_p8512_no_contrast"": 31.909, ""icra_eval_41002_layout_01_p8512_privileged_geometry"": 32.062, ""icra_eval_41002_layout_01_p8512_scripted_rays"": 30.856, ""icra_eval_41002_layout_01_p8512_uniform"": 31.067}",6,2026-09-07T03:27:07-04:00,0.05278141704555309,"{""bytes"": 35774, ""path"": ""/home/linjiw/research-data/groot-wbc/m2s-icra-learning-v1-eval-010/run_record.json"", ""sha256"": ""sha256:8bc46aaf572f71c7d4cfc77d594e0a359d312f018dc01c57f6cd6427db50c474""}",evaluation,2026-09-07T03:23:57-04:00,robust
"{""icra_eval_41003_layout_01_p8512_analytic"": 31.799, ""icra_eval_41003_layout_01_p8512_motion2scene"": 31.805, ""icra_eval_41003_layout_01_p8512_no_contrast"": 29.704, ""icra_eval_41003_layout_01_p8512_privileged_geometry"": 30.155, ""icra_eval_41003_layout_01_p8512_scripted_rays"": 31.961, ""icra_eval_41003_layout_01_p8512_uniform"": 31.913}",6,2026-09-07T03:30:23-04:00,0.05203773402916946,"{""bytes"": 35747, ""path"": ""/home/linjiw/research-data/groot-wbc/m2s-icra-learning-v1-eval-011/run_record.json"", ""sha256"": ""sha256:051238a42f8c5ba2d4541b043375856cfd317839fb6f253a144dcc6a58b472ce""}",evaluation,2026-09-07T03:27:15-04:00,robust
"{""icra_eval_41001_layout_02_p8511_analytic"": 31.758, ""icra_eval_41001_layout_02_p8511_motion2scene"": 31.206, ""icra_eval_41001_layout_02_p8511_no_contrast"": 31.857, ""icra_eval_41001_layout_02_p8511_privileged_geometry"": 31.862, ""icra_eval_41001_layout_02_p8511_scripted_rays"": 31.856, ""icra_eval_41001_layout_02_p8511_uniform"": 29.76}",6,2026-09-07T03:33:39-04:00,0.05230549433972757,"{""bytes"": 34244, ""path"": ""/home/linjiw/research-data/groot-wbc/m2s-icra-learning-v1-eval-012/run_record.json"", ""sha256"": ""sha256:8a85c31653e87ee41bc7f4375e33e8580177c66415e13e9c2af2ee6c368d38b5""}",evaluation,2026-09-07T03:30:30-04:00,robust
"{""icra_eval_41002_layout_02_p8511_analytic"": 31.662, ""icra_eval_41002_layout_02_p8511_motion2scene"": 31.762, ""icra_eval_41002_layout_02_p8511_no_contrast"": 31.808, ""icra_eval_41002_layout_02_p8511_privileged_geometry"": 30.907, ""icra_eval_41002_layout_02_p8511_scripted_rays"": 31.957, ""icra_eval_41002_layout_02_p8511_uniform"": 31.915}",6,2026-09-07T03:36:57-04:00,0.052780749871655847,"{""bytes"": 34240, ""path"": ""/home/linjiw/research-data/groot-wbc/m2s-icra-learning-v1-eval-013/run_record.json"", ""sha256"": ""sha256:1bd92d8c7f8fa18588609401163d7dfbcd5e762517df7698005f0b5b5b330e46""}",evaluation,2026-09-07T03:33:47-04:00,robust
"{""icra_eval_41003_layout_02_p8511_analytic"": 31.915, ""icra_eval_41003_layout_02_p8511_motion2scene"": 29.653, ""icra_eval_41003_layout_02_p8511_no_contrast"": 32.011, ""icra_eval_41003_layout_02_p8511_privileged_geometry"": 31.956, ""icra_eval_41003_layout_02_p8511_scripted_rays"": 31.81, ""icra_eval_41003_layout_02_p8511_uniform"": 31.966}",6,2026-09-07T03:40:15-04:00,0.052586248875005466,"{""bytes"": 34251, ""path"": ""/home/linjiw/research-data/groot-wbc/m2s-icra-learning-v1-eval-014/run_record.json"", ""sha256"": ""sha256:8723760c36ae528f4fb954ff3c6958ed8bdf48ad096361d85b6ac9c57e86e207""}",evaluation,2026-09-07T03:37:05-04:00,robust
"{""icra_eval_41001_layout_02_p8512_analytic"": 24.048, ""icra_eval_41001_layout_02_p8512_motion2scene"": 29.858, ""icra_eval_41001_layout_02_p8512_no_contrast"": 31.808, ""icra_eval_41001_layout_02_p8512_privileged_geometry"": 32.113, ""icra_eval_41001_layout_02_p8512_scripted_rays"": 31.912, ""icra_eval_41001_layout_02_p8512_uniform"": 24.658}",6,2026-09-07T03:43:17-04:00,0.04844359005750448,"{""bytes"": 34227, ""path"": ""/home/linjiw/research-data/groot-wbc/m2s-icra-learning-v1-eval-015/run_record.json"", ""sha256"": ""sha256:dedac89939c0edcc35666aa0ac747ab2a7f1f7369ae5189aa2974324203f675a""}",evaluation,2026-09-07T03:40:22-04:00,robust
"{""icra_eval_41002_layout_02_p8512_analytic"": 29.655, ""icra_eval_41002_layout_02_p8512_motion2scene"": 31.963, ""icra_eval_41002_layout_02_p8512_no_contrast"": 32.109, ""icra_eval_41002_layout_02_p8512_privileged_geometry"": 31.907, ""icra_eval_41002_layout_02_p8512_scripted_rays"": 31.658, ""icra_eval_41002_layout_02_p8512_uniform"": 31.865}",6,2026-09-07T03:46:34-04:00,0.05254377573250773,"{""bytes"": 34287, ""path"": ""/home/linjiw/research-data/groot-wbc/m2s-icra-learning-v1-eval-016/run_record.json"", ""sha256"": ""sha256:e570a0bb0c8d007cd550cc896762623dce82a09482ec0802150b8976f3159e62""}",evaluation,2026-09-07T03:43:25-04:00,robust
"{""icra_eval_41003_layout_02_p8512_analytic"": 31.814, ""icra_eval_41003_layout_02_p8512_motion2scene"": 31.706, ""icra_eval_41003_layout_02_p8512_no_contrast"": 31.861, ""icra_eval_41003_layout_02_p8512_privileged_geometry"": 31.962, ""icra_eval_41003_layout_02_p8512_scripted_rays"": 31.756, ""icra_eval_41003_layout_02_p8512_uniform"": 31.666}",6,2026-09-07T03:49:54-04:00,0.05299023279805422,"{""bytes"": 34239, ""path"": ""/home/linjiw/research-data/groot-wbc/m2s-icra-learning-v1-eval-017/run_record.json"", ""sha256"": ""sha256:9fc7e4f2a71dcddcb438804166cd8b0c047cb6fd64cb6c1f9056c200f98fc3ce""}",evaluation,2026-09-07T03:46:42-04:00,robust
"{""icra_eval_41001_layout_03_p8511_analytic"": 31.907, ""icra_eval_41001_layout_03_p8511_motion2scene"": 31.91, ""icra_eval_41001_layout_03_p8511_no_contrast"": 31.859, ""icra_eval_41001_layout_03_p8511_privileged_geometry"": 31.715, ""icra_eval_41001_layout_03_p8511_scripted_rays"": 30.261, ""icra_eval_41001_layout_03_p8511_uniform"": 31.818}",6,2026-09-07T03:53:11-04:00,0.05263064726470879,"{""bytes"": 36572, ""path"": ""/home/linjiw/research-data/groot-wbc/m2s-icra-learning-v1-eval-018/run_record.json"", ""sha256"": ""sha256:a3d400f278f35d1f4753cb0dcf70eab9b5a5edd21cbff7fc5476e16a562d62c4""}",evaluation,2026-09-07T03:50:01-04:00,robust
"{""icra_eval_41002_layout_03_p8511_analytic"": 31.762, ""icra_eval_41002_layout_03_p8511_motion2scene"": 31.86, ""icra_eval_41002_layout_03_p8511_no_contrast"": 30.059, ""icra_eval_41002_layout_03_p8511_privileged_geometry"": 29.649, ""icra_eval_41002_layout_03_p8511_scripted_rays"": 31.958, ""icra_eval_41002_layout_03_p8511_uniform"": 31.714}",6,2026-09-07T03:56:26-04:00,0.05194465770723279,"{""bytes"": 36148, ""path"": ""/home/linjiw/research-data/groot-wbc/m2s-icra-learning-v1-eval-019/run_record.json"", ""sha256"": ""sha256:75e1d835b09afd22582f81db48faa0f6bdf23e841b4eccb5ddbbe430446ef0b7""}",evaluation,2026-09-07T03:53:19-04:00,robust
"{""icra_eval_41003_layout_03_p8511_analytic"": 31.658, ""icra_eval_41003_layout_03_p8511_motion2scene"": 30.259, ""icra_eval_41003_layout_03_p8511_no_contrast"": 31.912, ""icra_eval_41003_layout_03_p8511_privileged_geometry"": 31.763, ""icra_eval_41003_layout_03_p8511_scripted_rays"": 31.656, ""icra_eval_41003_layout_03_p8511_uniform"": 29.61}",6,2026-09-07T03:59:41-04:00,0.051904973286113494,"{""bytes"": 36105, ""path"": ""/home/linjiw/research-data/groot-wbc/m2s-icra-learning-v1-eval-020/run_record.json"", ""sha256"": ""sha256:d16abad8f156a288865f039b6d0e2896fad24bdb7f5c6d70831503c1364746eb""}",evaluation,2026-09-07T03:56:34-04:00,robust
"{""icra_eval_41001_layout_03_p8512_analytic"": 29.816, ""icra_eval_41001_layout_03_p8512_motion2scene"": 31.957, ""icra_eval_41001_layout_03_p8512_no_contrast"": 31.608, ""icra_eval_41001_layout_03_p8512_privileged_geometry"": 32.008, ""icra_eval_41001_layout_03_p8512_scripted_rays"": 31.666, ""icra_eval_41001_layout_03_p8512_uniform"": 31.714}",6,2026-09-07T04:02:58-04:00,0.05243582948861229,"{""bytes"": 36585, ""path"": ""/home/linjiw/research-data/groot-wbc/m2s-icra-learning-v1-eval-021/run_record.json"", ""sha256"": ""sha256:bbe355d68dd8cdc00d240d180745c1b20e02773127c8c86973bdb88e8d6e2cbe""}",evaluation,2026-09-07T03:59:49-04:00,robust
"{""icra_eval_41002_layout_03_p8512_analytic"": 31.854, ""icra_eval_41002_layout_03_p8512_motion2scene"": 31.61, ""icra_eval_41002_layout_03_p8512_no_contrast"": 31.557, ""icra_eval_41002_layout_03_p8512_privileged_geometry"": 31.761, ""icra_eval_41002_layout_03_p8512_scripted_rays"": 31.852, ""icra_eval_41002_layout_03_p8512_uniform"": 31.613}",6,2026-09-07T04:06:17-04:00,0.0528466692705519,"{""bytes"": 36351, ""path"": ""/home/linjiw/research-data/groot-wbc/m2s-icra-learning-v1-eval-022/run_record.json"", ""sha256"": ""sha256:bca1b8f2b451f487528f97845eab98a258aa0310f0d5982a1e0a7d9affe5ce3d""}",evaluation,2026-09-07T04:03:06-04:00,robust
"{""icra_eval_41003_layout_03_p8512_analytic"": 31.658, ""icra_eval_41003_layout_03_p8512_motion2scene"": 31.563, ""icra_eval_41003_layout_03_p8512_no_contrast"": 31.659, ""icra_eval_41003_layout_03_p8512_privileged_geometry"": 31.609, ""icra_eval_41003_layout_03_p8512_scripted_rays"": 30.606, ""icra_eval_41003_layout_03_p8512_uniform"": 31.661}",6,2026-09-07T04:09:34-04:00,0.052432206721383004,"{""bytes"": 36802, ""path"": ""/home/linjiw/research-data/groot-wbc/m2s-icra-learning-v1-eval-023/run_record.json"", ""sha256"": ""sha256:e090a4dd20aadf0a30b4b51f0f89a6d98eb5bbcdbafdcee48f0e277401c22451""}",evaluation,2026-09-07T04:06:25-04:00,robust
"{""icra_eval_41001_layout_04_p8511_analytic"": 32.064, ""icra_eval_41001_layout_04_p8511_motion2scene"": 24.503, ""icra_eval_41001_layout_04_p8511_no_contrast"": 30.411, ""icra_eval_41001_layout_04_p8511_privileged_geometry"": 24.097, ""icra_eval_41001_layout_04_p8511_scripted_rays"": 24.149, ""icra_eval_41001_layout_04_p8511_uniform"": 31.767}",6,2026-09-07T04:12:29-04:00,0.04638651348193687,"{""bytes"": 35412, ""path"": ""/home/linjiw/research-data/groot-wbc/m2s-icra-learning-v1-eval-024/run_record.json"", ""sha256"": ""sha256:41cccfaf853f38440ca38ceae6f8058a0eda763a5a7154beabd872dad1acc423""}",evaluation,2026-09-07T04:09:41-04:00,robust
"{""icra_eval_41002_layout_04_p8511_analytic"": 24.049, ""icra_eval_41002_layout_04_p8511_motion2scene"": 29.555, ""icra_eval_41002_layout_04_p8511_no_contrast"": 32.014, ""icra_eval_41002_layout_04_p8511_privileged_geometry"": 32.009, ""icra_eval_41002_layout_04_p8511_scripted_rays"": 31.905, ""icra_eval_41002_layout_04_p8511_uniform"": 23.95}",6,2026-09-07T04:15:30-04:00,0.04818935858499673,"{""bytes"": 35750, ""path"": ""/home/linjiw/research-data/groot-wbc/m2s-icra-learning-v1-eval-025/run_record.json"", ""sha256"": ""sha256:bc46f7fed8e9a9af668080a38c7ee400ecc2b186bad166ece37c4082cef38b86""}",evaluation,2026-09-07T04:12:36-04:00,robust
"{""icra_eval_41003_layout_04_p8511_analytic"": 30.057, ""icra_eval_41003_layout_04_p8511_motion2scene"": 31.955, ""icra_eval_41003_layout_04_p8511_no_contrast"": 31.807, ""icra_eval_41003_layout_04_p8511_privileged_geometry"": 31.906, ""icra_eval_41003_layout_04_p8511_scripted_rays"": 31.856, ""icra_eval_41003_layout_04_p8511_uniform"": 31.812}",6,2026-09-07T04:18:48-04:00,0.052609255130559585,"{""bytes"": 35260, ""path"": ""/home/linjiw/research-data/groot-wbc/m2s-icra-learning-v1-eval-026/run_record.json"", ""sha256"": ""sha256:4cea1a78e06da0ebbd55bdd9b3fd185729c5b1ca95eee0536f869eec406f9d00""}",evaluation,2026-09-07T04:15:38-04:00,robust
"{""icra_eval_41001_layout_04_p8512_analytic"": 31.758, ""icra_eval_41001_layout_04_p8512_motion2scene"": 31.857, ""icra_eval_41001_layout_04_p8512_no_contrast"": 31.908, ""icra_eval_41001_layout_04_p8512_privileged_geometry"": 32.06, ""icra_eval_41001_layout_04_p8512_scripted_rays"": 32.008, ""icra_eval_41001_layout_04_p8512_uniform"": 31.665}",6,2026-09-07T04:22:08-04:00,0.053126446316107634,"{""bytes"": 35523, ""path"": ""/home/linjiw/research-data/groot-wbc/m2s-icra-learning-v1-eval-027/run_record.json"", ""sha256"": ""sha256:d2236c375be644321994c6c7a21fb14b110f44c74ade17945131d63ad13094e5""}",evaluation,2026-09-07T04:18:56-04:00,robust
"{""icra_eval_41002_layout_04_p8512_analytic"": 31.856, ""icra_eval_41002_layout_04_p8512_motion2scene"": 31.958, ""icra_eval_41002_layout_04_p8512_no_contrast"": 31.958, ""icra_eval_41002_layout_04_p8512_privileged_geometry"": 31.905, ""icra_eval_41002_layout_04_p8512_scripted_rays"": 29.753, ""icra_eval_41002_layout_04_p8512_uniform"": 32.168}",6,2026-09-07T04:25:25-04:00,0.052666205734163266,"{""bytes"": 35753, ""path"": ""/home/linjiw/research-data/groot-wbc/m2s-icra-learning-v1-eval-028/run_record.json"", ""sha256"": ""sha256:88cfad97882136dced7ebf8d676e062e08e17234c803ecca6f66e845656ff0f9""}",evaluation,2026-09-07T04:22:15-04:00,robust
"{""icra_eval_41003_layout_04_p8512_analytic"": 32.16, ""icra_eval_41003_layout_04_p8512_motion2scene"": 31.857, ""icra_eval_41003_layout_04_p8512_no_contrast"": 29.653, ""icra_eval_41003_layout_04_p8512_privileged_geometry"": 31.86, ""icra_eval_41003_layout_04_p8512_scripted_rays"": 32.063, ""icra_eval_41003_layout_04_p8512_uniform"": 31.718}",6,2026-09-07T04:28:43-04:00,0.052586643726115455,"{""bytes"": 35438, ""path"": ""/home/linjiw/research-data/groot-wbc/m2s-icra-learning-v1-eval-029/run_record.json"", ""sha256"": ""sha256:338609c9a3bafdfd49fcc8895e273d431485a073d31478c9478bf18cb9639eac""}",evaluation,2026-09-07T04:25:33-04:00,robust
"{""icra_eval_41001_layout_05_p8511_analytic"": 31.814, ""icra_eval_41001_layout_05_p8511_motion2scene"": 31.91, ""icra_eval_41001_layout_05_p8511_no_contrast"": 31.957, ""icra_eval_41001_layout_05_p8511_privileged_geometry"": 32.007, ""icra_eval_41001_layout_05_p8511_scripted_rays"": 31.811, ""icra_eval_41001_layout_05_p8511_uniform"": 29.61}",6,2026-09-07T04:32:00-04:00,0.052530271856950195,"{""bytes"": 34300, ""path"": ""/home/linjiw/research-data/groot-wbc/m2s-icra-learning-v1-eval-030/run_record.json"", ""sha256"": ""sha256:399eb3f879cb23f1deec58c0a1a78427f667cd657f844be0a7271a2bbc91c912""}",evaluation,2026-09-07T04:28:51-04:00,robust
"{""icra_eval_41002_layout_05_p8511_analytic"": 31.806, ""icra_eval_41002_layout_05_p8511_motion2scene"": 31.909, ""icra_eval_41002_layout_05_p8511_no_contrast"": 31.855, ""icra_eval_41002_layout_05_p8511_privileged_geometry"": 29.606, ""icra_eval_41002_layout_05_p8511_scripted_rays"": 31.812, ""icra_eval_41002_layout_05_p8511_uniform"": 31.866}",6,2026-09-07T04:35:17-04:00,0.05245931583777645,"{""bytes"": 34241, ""path"": ""/home/linjiw/research-data/groot-wbc/m2s-icra-learning-v1-eval-031/run_record.json"", ""sha256"": ""sha256:ea7ee3bb615a72fb2561156d59c5032fc183fd9711aeb68f3c92febf196d1f81""}",evaluation,2026-09-07T04:32:08-04:00,robust
"{""icra_eval_41003_layout_05_p8511_analytic"": 31.806, ""icra_eval_41003_layout_05_p8511_motion2scene"": 29.603, ""icra_eval_41003_layout_05_p8511_no_contrast"": 31.962, ""icra_eval_41003_layout_05_p8511_privileged_geometry"": 32.057, ""icra_eval_41003_layout_05_p8511_scripted_rays"": 31.76, ""icra_eval_41003_layout_05_p8511_uniform"": 31.914}",6,2026-09-07T04:38:34-04:00,0.05252830741139607,"{""bytes"": 34308, ""path"": ""/home/linjiw/research-data/groot-wbc/m2s-icra-learning-v1-eval-032/run_record.json"", ""sha256"": ""sha256:31075f1eef01e185c0f22380fd2165276d41a973df277eef5b36497f56bcab75""}",evaluation,2026-09-07T04:35:25-04:00,robust
"{""icra_eval_41001_layout_05_p8512_analytic"": 29.512, ""icra_eval_41001_layout_05_p8512_motion2scene"": 32.005, ""icra_eval_41001_layout_05_p8512_no_contrast"": 31.661, ""icra_eval_41001_layout_05_p8512_privileged_geometry"": 31.755, ""icra_eval_41001_layout_05_p8512_scripted_rays"": 30.461, ""icra_eval_41001_layout_05_p8512_uniform"": 31.77}",6,2026-09-07T04:41:50-04:00,0.05199004718914997,"{""bytes"": 34323, ""path"": ""/home/linjiw/research-data/groot-wbc/m2s-icra-learning-v1-eval-033/run_record.json"", ""sha256"": ""sha256:9fe60c36c4551969a145140c916a33cc9148e8871a1fc86ec49cfc12715af32d""}",evaluation,2026-09-07T04:38:42-04:00,robust
"{""icra_eval_41002_layout_05_p8512_analytic"": 31.908, ""icra_eval_41002_layout_05_p8512_motion2scene"": 24.048, ""icra_eval_41002_layout_05_p8512_no_contrast"": 25.104, ""icra_eval_41002_layout_05_p8512_privileged_geometry"": 24.095, ""icra_eval_41002_layout_05_p8512_scripted_rays"": 23.897, ""icra_eval_41002_layout_05_p8512_uniform"": 31.759}",6,2026-09-07T04:44:39-04:00,0.0446697289430449,"{""bytes"": 34278, ""path"": ""/home/linjiw/research-data/groot-wbc/m2s-icra-learning-v1-eval-034/run_record.json"", ""sha256"": ""sha256:a2d778b62b461e4626495a4121fc0fd5719260aa2e92b9fa22eba60df02ed601""}",evaluation,2026-09-07T04:41:58-04:00,robust
"{""icra_eval_41003_layout_05_p8512_analytic"": 24.051, ""icra_eval_41003_layout_05_p8512_motion2scene"": 31.41, ""icra_eval_41003_layout_05_p8512_no_contrast"": 23.949, ""icra_eval_41003_layout_05_p8512_privileged_geometry"": 31.956, ""icra_eval_41003_layout_05_p8512_scripted_rays"": 31.811, ""icra_eval_41003_layout_05_p8512_uniform"": 24.405}",6,2026-09-07T04:47:34-04:00,0.04655061988915097,"{""bytes"": 34292, ""path"": ""/home/linjiw/research-data/groot-wbc/m2s-icra-learning-v1-eval-035/run_record.json"", ""sha256"": ""sha256:b1bbc64b2d3731bd3c5e216cb87da9a981ac0fb03b50a0b975df524624277eba""}",evaluation,2026-09-07T04:44:46-04:00,robust
"{""icra_eval_41001_layout_06_p8511_analytic"": 31.907, ""icra_eval_41001_layout_06_p8511_motion2scene"": 31.713, ""icra_eval_41001_layout_06_p8511_no_contrast"": 31.758, ""icra_eval_41001_layout_06_p8511_privileged_geometry"": 29.455, ""icra_eval_41001_layout_06_p8511_scripted_rays"": 31.811, ""icra_eval_41001_layout_06_p8511_uniform"": 31.617}",6,2026-09-07T04:50:51-04:00,0.05229475301861789,"{""bytes"": 36465, ""path"": ""/home/linjiw/research-data/groot-wbc/m2s-icra-learning-v1-eval-036/run_record.json"", ""sha256"": ""sha256:1a236c9e812f9202c20a962ebf7912aaf393c11f677e3cd18f5268d335ceee36""}",evaluation,2026-09-07T04:47:42-04:00,robust
"{""icra_eval_41002_layout_06_p8511_analytic"": 31.655, ""icra_eval_41002_layout_06_p8511_motion2scene"": 29.552, ""icra_eval_41002_layout_06_p8511_no_contrast"": 31.856, ""icra_eval_41002_layout_06_p8511_privileged_geometry"": 32.106, ""icra_eval_41002_layout_06_p8511_scripted_rays"": 31.655, ""icra_eval_41002_layout_06_p8511_uniform"": 31.011}",6,2026-09-07T04:54:07-04:00,0.05217627040195415,"{""bytes"": 36347, ""path"": ""/home/linjiw/research-data/groot-wbc/m2s-icra-learning-v1-eval-037/run_record.json"", ""sha256"": ""sha256:a26164aaf321bb962399b6513b88f65cecddf957800872cda7c5590abf6ead86""}",evaluation,2026-09-07T04:50:59-04:00,robust
"{""icra_eval_41003_layout_06_p8511_analytic"": 29.455, ""icra_eval_41003_layout_06_p8511_motion2scene"": 31.91, ""icra_eval_41003_layout_06_p8511_no_contrast"": 31.707, ""icra_eval_41003_layout_06_p8511_privileged_geometry"": 31.806, ""icra_eval_41003_layout_06_p8511_scripted_rays"": 31.857, ""icra_eval_41003_layout_06_p8511_uniform"": 32.01}",6,2026-09-07T04:57:24-04:00,0.052429249737494195,"{""bytes"": 35696, ""path"": ""/home/linjiw/research-data/groot-wbc/m2s-icra-learning-v1-eval-038/run_record.json"", ""sha256"": ""sha256:9a102c7f9b2f3c99e31339770b4f21bde88dd9a3653377ac21f842035962937e""}",evaluation,2026-09-07T04:54:14-04:00,robust
"{""icra_eval_41001_layout_06_p8512_analytic"": 31.708, ""icra_eval_41001_layout_06_p8512_motion2scene"": 31.759, ""icra_eval_41001_layout_06_p8512_no_contrast"": 31.809, ""icra_eval_41001_layout_06_p8512_privileged_geometry"": 31.858, ""icra_eval_41001_layout_06_p8512_scripted_rays"": 31.757, ""icra_eval_41001_layout_06_p8512_uniform"": 31.619}",6,2026-09-07T05:00:42-04:00,0.05291945692860786,"{""bytes"": 36369, ""path"": ""/home/linjiw/research-data/groot-wbc/m2s-icra-learning-v1-eval-039/run_record.json"", ""sha256"": ""sha256:970bf2d650dc6a1a6c37fdc96365c97640c88c3f4f264eb38cd17f1d954ecd23""}",evaluation,2026-09-07T04:57:32-04:00,robust
"{""icra_eval_41002_layout_06_p8512_analytic"": 31.709, ""icra_eval_41002_layout_06_p8512_motion2scene"": 31.707, ""icra_eval_41002_layout_06_p8512_no_contrast"": 31.66, ""icra_eval_41002_layout_06_p8512_privileged_geometry"": 31.76, ""icra_eval_41002_layout_06_p8512_scripted_rays"": 31.31, ""icra_eval_41002_layout_06_p8512_uniform"": 31.663}",6,2026-09-07T05:04:00-04:00,0.05272461208694343,"{""bytes"": 36484, ""path"": ""/home/linjiw/research-data/groot-wbc/m2s-icra-learning-v1-eval-040/run_record.json"", ""sha256"": ""sha256:a52d0b64fc5f1f9e4aabea87a2f6d5f93cbb1f933afe3c17eb21e2d7c55269be""}",evaluation,2026-09-07T05:00:50-04:00,robust
"{""icra_eval_41003_layout_06_p8512_analytic"": 31.864, ""icra_eval_41003_layout_06_p8512_motion2scene"": 31.814, ""icra_eval_41003_layout_06_p8512_no_contrast"": 31.408, ""icra_eval_41003_layout_06_p8512_privileged_geometry"": 29.26, ""icra_eval_41003_layout_06_p8512_scripted_rays"": 31.757, ""icra_eval_41003_layout_06_p8512_uniform"": 31.613}",6,2026-09-07T05:07:16-04:00,0.05214332063083323,"{""bytes"": 36338, ""path"": ""/home/linjiw/research-data/groot-wbc/m2s-icra-learning-v1-eval-041/run_record.json"", ""sha256"": ""sha256:2dba9a1db509cf5e1e015231853d7c1cf05a9e3f789d1e94580f4c0df83dc437""}",evaluation,2026-09-07T05:04:08-04:00,robust
"{""icra_eval_41001_layout_07_p8511_analytic"": 31.859, ""icra_eval_41001_layout_07_p8511_motion2scene"": 29.608, ""icra_eval_41001_layout_07_p8511_no_contrast"": 32.01, ""icra_eval_41001_layout_07_p8511_privileged_geometry"": 32.113, ""icra_eval_41001_layout_07_p8511_scripted_rays"": 31.92, ""icra_eval_41001_layout_07_p8511_uniform"": 31.261}",6,2026-09-07T05:10:33-04:00,0.052436636320546515,"{""bytes"": 35309, ""path"": ""/home/linjiw/research-data/groot-wbc/m2s-icra-learning-v1-eval-042/run_record.json"", ""sha256"": ""sha256:881cd00be488bf80a7e1fb717217096b4bf479cb42fed5349efeba14164b57ef""}",evaluation,2026-09-07T05:07:24-04:00,robust
"{""icra_eval_41002_layout_07_p8511_analytic"": 29.654, ""icra_eval_41002_layout_07_p8511_motion2scene"": 32.108, ""icra_eval_41002_layout_07_p8511_no_contrast"": 31.962, ""icra_eval_41002_layout_07_p8511_privileged_geometry"": 32.363, ""icra_eval_41002_layout_07_p8511_scripted_rays"": 31.957, ""icra_eval_41002_layout_07_p8511_uniform"": 32.111}",6,2026-09-07T05:13:51-04:00,0.05282076972194773,"{""bytes"": 35459, ""path"": ""/home/linjiw/research-data/groot-wbc/m2s-icra-learning-v1-eval-043/run_record.json"", ""sha256"": ""sha256:c673d9590bd62a738889ea9f2cc1581e2deee3c78dd1a0deb22870cbef81db93""}",evaluation,2026-09-07T05:10:41-04:00,robust
"{""icra_eval_41003_layout_07_p8511_analytic"": 31.907, ""icra_eval_41003_layout_07_p8511_motion2scene"": 30.455, ""icra_eval_41003_layout_07_p8511_no_contrast"": 32.409, ""icra_eval_41003_layout_07_p8511_privileged_geometry"": 24.197, ""icra_eval_41003_layout_07_p8511_scripted_rays"": 24.346, ""icra_eval_41003_layout_07_p8511_uniform"": 32.067}",6,2026-09-07T05:16:55-04:00,0.04871713254637951,"{""bytes"": 34425, ""path"": ""/home/linjiw/research-data/groot-wbc/m2s-icra-learning-v1-eval-044/run_record.json"", ""sha256"": ""sha256:72fd5424a731877c522d3cbbbf63f18703ee815c839d7976362ab1094f9c7f3c""}",evaluation,2026-09-07T05:13:59-04:00,robust
"{""icra_eval_41001_layout_07_p8512_analytic"": 24.049, ""icra_eval_41001_layout_07_p8512_motion2scene"": 32.215, ""icra_eval_41001_layout_07_p8512_no_contrast"": 24.004, ""icra_eval_41001_layout_07_p8512_privileged_geometry"": 32.16, ""icra_eval_41001_layout_07_p8512_scripted_rays"": 29.555, ""icra_eval_41001_layout_07_p8512_uniform"": 24.258}",6,2026-09-07T05:19:49-04:00,0.04617841383861054,"{""bytes"": 35441, ""path"": ""/home/linjiw/research-data/groot-wbc/m2s-icra-learning-v1-eval-045/run_record.json"", ""sha256"": ""sha256:9a69abefc54934f31e6e76da8cc7fd92935c6bf62b335fc6a55a7007e97e26fe""}",evaluation,2026-09-07T05:17:02-04:00,robust
"{""icra_eval_41002_layout_07_p8512_analytic"": 32.012, ""icra_eval_41002_layout_07_p8512_motion2scene"": 31.812, ""icra_eval_41002_layout_07_p8512_no_contrast"": 30.656, ""icra_eval_41002_layout_07_p8512_privileged_geometry"": 32.005, ""icra_eval_41002_layout_07_p8512_scripted_rays"": 31.905, ""icra_eval_41002_layout_07_p8512_uniform"": 31.814}",6,2026-09-07T05:23:08-04:00,0.052834403103891724,"{""bytes"": 35394, ""path"": ""/home/linjiw/research-data/groot-wbc/m2s-icra-learning-v1-eval-046/run_record.json"", ""sha256"": ""sha256:41fb86039dd64476533d9038a2ca33e932a88da83963068302640abef883021b""}",evaluation,2026-09-07T05:19:57-04:00,robust
"{""icra_eval_41003_layout_07_p8512_analytic"": 31.862, ""icra_eval_41003_layout_07_p8512_motion2scene"": 32.159, ""icra_eval_41003_layout_07_p8512_no_contrast"": 32.059, ""icra_eval_41003_layout_07_p8512_privileged_geometry"": 31.912, ""icra_eval_41003_layout_07_p8512_scripted_rays"": 29.804, ""icra_eval_41003_layout_07_p8512_uniform"": 32.065}",6,2026-09-07T05:26:26-04:00,0.05273943003361637,"{""bytes"": 34404, ""path"": ""/home/linjiw/research-data/groot-wbc/m2s-icra-learning-v1-eval-047/run_record.json"", ""sha256"": ""sha256:433e4b78b88fb0cb554c05ecb89d1ecaa33e88c748ce3f5fe1f9bc7c6a2430e1""}",evaluation,2026-09-07T05:23:16-04:00,robust
"{""icra_eval_41001_layout_08_p8511_analytic"": 31.86, ""icra_eval_41001_layout_08_p8511_motion2scene"": 31.861, ""icra_eval_41001_layout_08_p8511_no_contrast"": 29.705, ""icra_eval_41001_layout_08_p8511_privileged_geometry"": 32.063, ""icra_eval_41001_layout_08_p8511_scripted_rays"": 31.963, ""icra_eval_41001_layout_08_p8511_uniform"": 32.212}",6,2026-09-07T05:29:44-04:00,0.05268401082334296,"{""bytes"": 34244, ""path"": ""/home/linjiw/research-data/groot-wbc/m2s-icra-learning-v1-eval-048/run_record.json"", ""sha256"": ""sha256:e97009ec8b755a909ba8390c5e562470ec81e70d00ba5d9d25231c6f2798a98e""}",evaluation,2026-09-07T05:26:34-04:00,robust
"{""icra_eval_41002_layout_08_p8511_analytic"": 31.811, ""icra_eval_41002_layout_08_p8511_motion2scene"": 31.814, ""icra_eval_41002_layout_08_p8511_no_contrast"": 32.158, ""icra_eval_41002_layout_08_p8511_privileged_geometry"": 32.155, ""icra_eval_41002_layout_08_p8511_scripted_rays"": 31.859, ""icra_eval_41002_layout_08_p8511_uniform"": 29.612}",6,2026-09-07T05:33:01-04:00,0.05261353899472548,"{""bytes"": 34241, ""path"": ""/home/linjiw/research-data/groot-wbc/m2s-icra-learning-v1-eval-049/run_record.json"", ""sha256"": ""sha256:cfaf7600e1bd6d901a650c4a2ccae5f8dda7e32f0d224c7e157aa9e4c41c1166""}",evaluation,2026-09-07T05:29:52-04:00,robust
"{""icra_eval_41003_layout_08_p8511_analytic"": 32.209, ""icra_eval_41003_layout_08_p8511_motion2scene"": 32.012, ""icra_eval_41003_layout_08_p8511_no_contrast"": 31.705, ""icra_eval_41003_layout_08_p8511_privileged_geometry"": 29.704, ""icra_eval_41003_layout_08_p8511_scripted_rays"": 31.96, ""icra_eval_41003_layout_08_p8511_uniform"": 31.866}",6,2026-09-07T05:36:19-04:00,0.05262651282804856,"{""bytes"": 34250, ""path"": ""/home/linjiw/research-data/groot-wbc/m2s-icra-learning-v1-eval-050/run_record.json"", ""sha256"": ""sha256:5c0cff4d8c76e1930d437b2007a1f5470ad6baf6bf1d699cd40c00e52ad50065""}",evaluation,2026-09-07T05:33:09-04:00,robust
"{""icra_eval_41001_layout_08_p8512_analytic"": 31.904, ""icra_eval_41001_layout_08_p8512_motion2scene"": 29.611, ""icra_eval_41001_layout_08_p8512_no_contrast"": 32.065, ""icra_eval_41001_layout_08_p8512_privileged_geometry"": 31.959, ""icra_eval_41001_layout_08_p8512_scripted_rays"": 31.959, ""icra_eval_41001_layout_08_p8512_uniform"": 29.963}",6,2026-09-07T05:39:35-04:00,0.05207223044416525,"{""bytes"": 34227, ""path"": ""/home/linjiw/research-data/groot-wbc/m2s-icra-learning-v1-eval-051/run_record.json"", ""sha256"": ""sha256:2c14312d2fd9a8efb07516fc59dbf7878e732a2e08f307083874f71751562444""}",evaluation,2026-09-07T05:36:27-04:00,robust
"{""icra_eval_41002_layout_08_p8512_analytic"": 30.708, ""icra_eval_41002_layout_08_p8512_motion2scene"": 31.957, ""icra_eval_41002_layout_08_p8512_no_contrast"": 31.855, ""icra_eval_41002_layout_08_p8512_privileged_geometry"": 31.661, ""icra_eval_41002_layout_08_p8512_scripted_rays"": 31.956, ""icra_eval_41002_layout_08_p8512_uniform"": 31.966}",6,2026-09-07T05:42:53-04:00,0.052806454786388915,"{""bytes"": 34280, ""path"": ""/home/linjiw/research-data/groot-wbc/m2s-icra-learning-v1-eval-052/run_record.json"", ""sha256"": ""sha256:02ba99659ad0a2a912151a9cbd0d9baeffbcde7fc86c97c45b5e2d48cd0ffb37""}",evaluation,2026-09-07T05:39:43-04:00,robust
"{""icra_eval_41003_layout_08_p8512_analytic"": 31.858, ""icra_eval_41003_layout_08_p8512_motion2scene"": 30.158, ""icra_eval_41003_layout_08_p8512_no_contrast"": 32.059, ""icra_eval_41003_layout_08_p8512_privileged_geometry"": 32.063, ""icra_eval_41003_layout_08_p8512_scripted_rays"": 31.908, ""icra_eval_41003_layout_08_p8512_uniform"": 31.81}",6,2026-09-07T05:46:11-04:00,0.05273791846667236,"{""bytes"": 34238, ""path"": ""/home/linjiw/research-data/groot-wbc/m2s-icra-learning-v1-eval-053/run_record.json"", ""sha256"": ""sha256:7f419926a7076cb8ebce8ef1710fb8e8e3c14f2940806cf860a322c018164bd5""}",evaluation,2026-09-07T05:43:01-04:00,robust
"{""icra_eval_41001_layout_09_p8511_analytic"": 29.454, ""icra_eval_41001_layout_09_p8511_motion2scene"": 24.653, ""icra_eval_41001_layout_09_p8511_no_contrast"": 31.656, ""icra_eval_41001_layout_09_p8511_privileged_geometry"": 31.763, ""icra_eval_41001_layout_09_p8511_scripted_rays"": 24.0, ""icra_eval_41001_layout_09_p8511_uniform"": 31.716}",6,2026-09-07T05:49:13-04:00,0.04812274122389984,"{""bytes"": 36373, ""path"": ""/home/linjiw/research-data/groot-wbc/m2s-icra-learning-v1-eval-054/run_record.json"", ""sha256"": ""sha256:f338fc0b81f57170ace12c9fae5f12612f9810774fb2e8775d5b2a25d43c16b0""}",evaluation,2026-09-07T05:46:19-04:00,robust
"{""icra_eval_41002_layout_09_p8511_analytic"": 31.507, ""icra_eval_41002_layout_09_p8511_motion2scene"": 32.062, ""icra_eval_41002_layout_09_p8511_no_contrast"": 31.612, ""icra_eval_41002_layout_09_p8511_privileged_geometry"": 31.457, ""icra_eval_41002_layout_09_p8511_scripted_rays"": 30.906, ""icra_eval_41002_layout_09_p8511_uniform"": 31.817}",6,2026-09-07T05:52:30-04:00,0.05260022900557185,"{""bytes"": 36363, ""path"": ""/home/linjiw/research-data/groot-wbc/m2s-icra-learning-v1-eval-055/run_record.json"", ""sha256"": ""sha256:085f6faea19ae27a5b050bc9451ac94d1b1f62afc636b5b43d398b6957ac99be""}",evaluation,2026-09-07T05:49:20-04:00,robust
"{""icra_eval_41003_layout_09_p8511_analytic"": 31.756, ""icra_eval_41003_layout_09_p8511_motion2scene"": 31.757, ""icra_eval_41003_layout_09_p8511_no_contrast"": 30.158, ""icra_eval_41003_layout_09_p8511_privileged_geometry"": 29.56, ""icra_eval_41003_layout_09_p8511_scripted_rays"": 32.056, ""icra_eval_41003_layout_09_p8511_uniform"": 31.717}",6,2026-09-07T05:55:45-04:00,0.05194557782501862,"{""bytes"": 36332, ""path"": ""/home/linjiw/research-data/groot-wbc/m2s-icra-learning-v1-eval-056/run_record.json"", ""sha256"": ""sha256:71722c9197c11be4c57dea656e3c1386f6f4cc071d7f61e58594d19bd8d1814c""}",evaluation,2026-09-07T05:52:38-04:00,robust
"{""icra_eval_41001_layout_09_p8512_analytic"": 31.557, ""icra_eval_41001_layout_09_p8512_motion2scene"": 29.805, ""icra_eval_41001_layout_09_p8512_no_contrast"": 31.857, ""icra_eval_41001_layout_09_p8512_privileged_geometry"": 31.713, ""icra_eval_41001_layout_09_p8512_scripted_rays"": 31.56, ""icra_eval_41001_layout_09_p8512_uniform"": 29.513}",6,2026-09-07T05:58:59-04:00,0.05166814772778404,"{""bytes"": 36344, ""path"": ""/home/linjiw/research-data/groot-wbc/m2s-icra-learning-v1-eval-057/run_record.json"", ""sha256"": ""sha256:7095656fc98dc3e9972a41bd2f6d8e4ad7e65a61470185c67e6e9877c3a79d7d""}",evaluation,2026-09-07T05:55:53-04:00,robust
"{""icra_eval_41002_layout_09_p8512_analytic"": 29.255, ""icra_eval_41002_layout_09_p8512_motion2scene"": 31.558, ""icra_eval_41002_layout_09_p8512_no_contrast"": 31.611, ""icra_eval_41002_layout_09_p8512_privileged_geometry"": 31.707, ""icra_eval_41002_layout_09_p8512_scripted_rays"": 31.912, ""icra_eval_41002_layout_09_p8512_uniform"": 31.663}",6,2026-09-07T06:02:15-04:00,0.05214061232221462,"{""bytes"": 36345, ""path"": ""/home/linjiw/research-data/groot-wbc/m2s-icra-learning-v1-eval-058/run_record.json"", ""sha256"": ""sha256:1fe466e3af90a6e56e30b5f3fb95b871ac4c31fdfa64a48cf67a10e1c386e82c""}",evaluation,2026-09-07T05:59:07-04:00,robust
"{""icra_eval_41003_layout_09_p8512_analytic"": 31.707, ""icra_eval_41003_layout_09_p8512_motion2scene"": 31.805, ""icra_eval_41003_layout_09_p8512_no_contrast"": 31.762, ""icra_eval_41003_layout_09_p8512_privileged_geometry"": 31.855, ""icra_eval_41003_layout_09_p8512_scripted_rays"": 31.905, ""icra_eval_41003_layout_09_p8512_uniform"": 31.621}",6,2026-09-07T06:05:34-04:00,0.0529599242699947,"{""bytes"": 35684, ""path"": ""/home/linjiw/research-data/groot-wbc/m2s-icra-learning-v1-eval-059/run_record.json"", ""sha256"": ""sha256:7187f596dd847745e6fe53950386f3b0a75131d219a4bc20fad15347c9052fcc""}",evaluation,2026-09-07T06:02:23-04:00,robust
"{""icra_eval_41001_layout_10_p8511_analytic"": 31.805, ""icra_eval_41001_layout_10_p8511_motion2scene"": 32.26, ""icra_eval_41001_layout_10_p8511_no_contrast"": 32.008, ""icra_eval_41001_layout_10_p8511_privileged_geometry"": 32.01, ""icra_eval_41001_layout_10_p8511_scripted_rays"": 29.66, ""icra_eval_41001_layout_10_p8511_uniform"": 31.917}",6,2026-09-07T06:08:52-04:00,0.052683445002783436,"{""bytes"": 35579, ""path"": ""/home/linjiw/research-data/groot-wbc/m2s-icra-learning-v1-eval-060/run_record.json"", ""sha256"": ""sha256:e911bdb813270bdf900837d2b57143c98c64a047cb388d56d4d70a1dbea5af6c""}",evaluation,2026-09-07T06:05:42-04:00,robust
"{""icra_eval_41002_layout_10_p8511_analytic"": 24.155, ""icra_eval_41002_layout_10_p8511_motion2scene"": 24.047, ""icra_eval_41002_layout_10_p8511_no_contrast"": 24.05, ""icra_eval_41002_layout_10_p8511_privileged_geometry"": 23.95, ""icra_eval_41002_layout_10_p8511_scripted_rays"": 23.948, ""icra_eval_41002_layout_10_p8511_uniform"": 24.814}",6,2026-09-07T10:42:02-04:00,0.04026791101332896,"{""bytes"": 35409, ""path"": ""/home/linjiw/research-data/groot-wbc/m2s-icra-learning-v1-eval-061/run_record.json"", ""sha256"": ""sha256:6d6afe770beb3c7d4333906c114a78fed06bf51c69598a9d1aeb611769d25079""}",evaluation,2026-09-07T06:09:00-04:00,robust
"{""icra_eval_41003_layout_10_p8511_analytic"": 23.797, ""icra_eval_41003_layout_10_p8511_motion2scene"": 23.902, ""icra_eval_41003_layout_10_p8511_no_contrast"": 24.096, ""icra_eval_41003_layout_10_p8511_privileged_geometry"": 23.851, ""icra_eval_41003_layout_10_p8511_scripted_rays"": 23.901, ""icra_eval_41003_layout_10_p8511_uniform"": 23.852}",6,2026-09-07T10:51:52-04:00,0.03983312407804381,"{""bytes"": 35343, ""path"": ""/home/linjiw/research-data/groot-wbc/m2s-icra-learning-v1-eval-062/run_record.json"", ""sha256"": ""sha256:335e64dce4ac8f26b4f5563b8a7a9adc83dfcb9f3cf62c42927c3f6dbb11c0f6""}",evaluation,2026-09-07T10:42:09-04:00,robust
"{""icra_eval_41001_layout_10_p8512_analytic"": 24.012, ""icra_eval_41001_layout_10_p8512_motion2scene"": 24.304, ""icra_eval_41001_layout_10_p8512_no_contrast"": 24.05, ""icra_eval_41001_layout_10_p8512_privileged_geometry"": 23.951, ""icra_eval_41001_layout_10_p8512_scripted_rays"": 24.152, ""icra_eval_41001_layout_10_p8512_uniform"": 24.053}",6,2026-09-07T10:54:24-04:00,0.04014529460497821,"{""bytes"": 35636, ""path"": ""/home/linjiw/research-data/groot-wbc/m2s-icra-learning-v1-eval-063/run_record.json"", ""sha256"": ""sha256:fb1caab9674bdae906d734a36be88fb99711bf9622c8b1c1338c3ce1a4cab4b0""}",evaluation,2026-09-07T10:51:59-04:00,robust
"{""icra_eval_41002_layout_10_p8512_analytic"": 23.901, ""icra_eval_41002_layout_10_p8512_motion2scene"": 23.946, ""icra_eval_41002_layout_10_p8512_no_contrast"": 24.194, ""icra_eval_41002_layout_10_p8512_privileged_geometry"": 24.051, ""icra_eval_41002_layout_10_p8512_scripted_rays"": 23.899, ""icra_eval_41002_layout_10_p8512_uniform"": 24.053}",6,2026-09-07T10:56:55-04:00,0.04001224912638362,"{""bytes"": 34260, ""path"": ""/home/linjiw/research-data/groot-wbc/m2s-icra-learning-v1-eval-064/run_record.json"", ""sha256"": ""sha256:bbd7ed6d3b6243459fdec2d617ca4743ef8147b0bbc50b40068672279e35aa7f""}",evaluation,2026-09-07T10:54:31-04:00,robust
"{""icra_eval_41003_layout_10_p8512_analytic"": 23.997, ""icra_eval_41003_layout_10_p8512_motion2scene"": 24.152, ""icra_eval_41003_layout_10_p8512_no_contrast"": 24.05, ""icra_eval_41003_layout_10_p8512_privileged_geometry"": 23.899, ""icra_eval_41003_layout_10_p8512_scripted_rays"": 24.099, ""icra_eval_41003_layout_10_p8512_uniform"": 24.102}",6,2026-09-07T10:59:27-04:00,0.04008336101967466,"{""bytes"": 35817, ""path"": ""/home/linjiw/research-data/groot-wbc/m2s-icra-learning-v1-eval-065/run_record.json"", ""sha256"": ""sha256:9d40d4c8f867baac422507b8f8e2ab52bedb5edca06f004af793464838deb924""}",evaluation,2026-09-07T10:57:03-04:00,robust
"{""icra_eval_41001_layout_11_p8511_analytic"": 24.002, ""icra_eval_41001_layout_11_p8511_motion2scene"": 23.947, ""icra_eval_41001_layout_11_p8511_no_contrast"": 23.801, ""icra_eval_41001_layout_11_p8511_privileged_geometry"": 23.948, ""icra_eval_41001_layout_11_p8511_scripted_rays"": 23.897, ""icra_eval_41001_layout_11_p8511_uniform"": 23.802}",6,2026-09-07T11:04:35-04:00,0.039832299033587336,"{""bytes"": 34358, ""path"": ""/home/linjiw/research-data/groot-wbc/m2s-icra-learning-v1-eval-066/run_record.json"", ""sha256"": ""sha256:824e13ed65373755bcad25059a5f932adcb0518b085e0a67675ee25c6de89abf""}",evaluation,2026-09-07T10:59:35-04:00,robust
"{""icra_eval_41002_layout_11_p8511_analytic"": 23.797, ""icra_eval_41002_layout_11_p8511_motion2scene"": 23.997, ""icra_eval_41002_layout_11_p8511_no_contrast"": 23.897, ""icra_eval_41002_layout_11_p8511_privileged_geometry"": 23.9, ""icra_eval_41002_layout_11_p8511_scripted_rays"": 23.999, ""icra_eval_41002_layout_11_p8511_uniform"": 23.956}",6,2026-09-07T11:07:06-04:00,0.039873650044157535,"{""bytes"": 34238, ""path"": ""/home/linjiw/research-data/groot-wbc/m2s-icra-learning-v1-eval-067/run_record.json"", ""sha256"": ""sha256:7f3aac0aa568948e8ccb1dcc50826e8e0a26faa855e870a3920069ff5284006d""}",evaluation,2026-09-07T11:04:42-04:00,robust
"{""icra_eval_41003_layout_11_p8511_analytic"": 23.899, ""icra_eval_41003_layout_11_p8511_motion2scene"": 24.049, ""icra_eval_41003_layout_11_p8511_no_contrast"": 23.947, ""icra_eval_41003_layout_11_p8511_privileged_geometry"": 23.949, ""icra_eval_41003_layout_11_p8511_scripted_rays"": 23.826, ""icra_eval_41003_layout_11_p8511_uniform"": 24.003}",6,2026-09-07T11:09:38-04:00,0.039909545068609685,"{""bytes"": 34368, ""path"": ""/home/linjiw/research-data/groot-wbc/m2s-icra-learning-v1-eval-068/run_record.json"", ""sha256"": ""sha256:d7a8a7fdd77a89b2f01e33df42dd274cd6d8373d75e86addb943ed00f4069de9""}",evaluation,2026-09-07T11:07:14-04:00,robust
"{""icra_eval_41001_layout_11_p8512_analytic"": 24.347, ""icra_eval_41001_layout_11_p8512_motion2scene"": 23.85, ""icra_eval_41001_layout_11_p8512_no_contrast"": 23.902, ""icra_eval_41001_layout_11_p8512_privileged_geometry"": 23.949, ""icra_eval_41001_layout_11_p8512_scripted_rays"": 23.798, ""icra_eval_41001_layout_11_p8512_uniform"": 24.001}",6,2026-09-07T11:28:22-04:00,0.03995722660054323,"{""bytes"": 34420, ""path"": ""/home/linjiw/research-data/groot-wbc/m2s-icra-learning-v1-eval-069/run_record.json"", ""sha256"": ""sha256:d4f7c5522518c880b5760c88cab66aa1fe38a54e521cbd5a25ad0f091332d039""}",evaluation,2026-09-07T11:09:45-04:00,robust
"{""icra_eval_41002_layout_11_p8512_analytic"": 24.0, ""icra_eval_41002_layout_11_p8512_motion2scene"": 23.997, ""icra_eval_41002_layout_11_p8512_no_contrast"": 23.948, ""icra_eval_41002_layout_11_p8512_privileged_geometry"": 23.947, ""icra_eval_41002_layout_11_p8512_scripted_rays"": 24.151, ""icra_eval_41002_layout_11_p8512_uniform"": 23.902}",6,2026-09-07T11:30:53-04:00,0.03998478891250367,"{""bytes"": 34285, ""path"": ""/home/linjiw/research-data/groot-wbc/m2s-icra-learning-v1-eval-070/run_record.json"", ""sha256"": ""sha256:5b90ce567e9aa369ce583292a7cc733fea5a57bd521bdbd166113bc72a5ad776""}",evaluation,2026-09-07T11:28:29-04:00,robust
"{""icra_eval_41003_layout_11_p8512_analytic"": 23.7, ""icra_eval_41003_layout_11_p8512_motion2scene"": 23.996, ""icra_eval_41003_layout_11_p8512_no_contrast"": 23.949, ""icra_eval_41003_layout_11_p8512_privileged_geometry"": 23.997, ""icra_eval_41003_layout_11_p8512_scripted_rays"": 23.95, ""icra_eval_41003_layout_11_p8512_uniform"": 23.9}",6,2026-09-07T11:33:24-04:00,0.03985894127887958,"{""bytes"": 34342, ""path"": ""/home/linjiw/research-data/groot-wbc/m2s-icra-learning-v1-eval-071/run_record.json"", ""sha256"": ""sha256:c8e8305819d01147a253772566e8c620a3465e0c882f38fbedda4b19949b9ae4""}",evaluation,2026-09-07T11:31:00-04:00,robust
"{""icra_eval_41001_absent_p8511_analytic"": 23.799, ""icra_eval_41001_absent_p8511_motion2scene"": 23.898, ""icra_eval_41001_absent_p8511_no_contrast"": 23.8, ""icra_eval_41001_absent_p8511_privileged_geometry"": 23.947, ""icra_eval_41001_absent_p8511_scripted_rays"": 23.85, ""icra_eval_41001_absent_p8511_uniform"": 24.103}",6,2026-09-07T11:40:06-04:00,0.03983238888999848,"{""bytes"": 34128, ""path"": ""/home/linjiw/research-data/groot-wbc/m2s-icra-learning-v1-eval-072/run_record.json"", ""sha256"": ""sha256:dfe97f7df2a945200f180862b742814ee4415d3cd8eb5deaf3ce3cbf3cb939ac""}",evaluation,2026-09-07T11:33:31-04:00,robust
"{""icra_eval_41002_absent_p8511_analytic"": 23.85, ""icra_eval_41002_absent_p8511_motion2scene"": 23.896, ""icra_eval_41002_absent_p8511_no_contrast"": 23.899, ""icra_eval_41002_absent_p8511_privileged_geometry"": 23.903, ""icra_eval_41002_absent_p8511_scripted_rays"": 23.9, ""icra_eval_41002_absent_p8511_uniform"": 24.052}",6,2026-09-07T11:42:37-04:00,0.039861039096399,"{""bytes"": 34120, ""path"": ""/home/linjiw/research-data/groot-wbc/m2s-icra-learning-v1-eval-073/run_record.json"", ""sha256"": ""sha256:dd6f31a26174fe1179316a260990fb2fe3fce4eef46e8924fd28c1c9df0c454a""}",evaluation,2026-09-07T11:40:13-04:00,robust
"{""icra_eval_41003_absent_p8511_analytic"": 23.95, ""icra_eval_41003_absent_p8511_motion2scene"": 23.995, ""icra_eval_41003_absent_p8511_no_contrast"": 23.897, ""icra_eval_41003_absent_p8511_privileged_geometry"": 24.046, ""icra_eval_41003_absent_p8511_scripted_rays"": 23.894, ""icra_eval_41003_absent_p8511_uniform"": 23.853}",6,2026-09-07T11:45:09-04:00,0.03989871810499204,"{""bytes"": 34136, ""path"": ""/home/linjiw/research-data/groot-wbc/m2s-icra-learning-v1-eval-074/run_record.json"", ""sha256"": ""sha256:71f0716814c3b88584e416ab106680eac1d1b73cd25a0d08b8bf4fa33b9fb909""}",evaluation,2026-09-07T11:42:44-04:00,robust
"{""icra_eval_41001_absent_p8512_analytic"": 23.801, ""icra_eval_41001_absent_p8512_motion2scene"": 23.897, ""icra_eval_41001_absent_p8512_no_contrast"": 24.05, ""icra_eval_41001_absent_p8512_privileged_geometry"": 24.05, ""icra_eval_41001_absent_p8512_scripted_rays"": 24.0, ""icra_eval_41001_absent_p8512_uniform"": 23.953}",6,2026-09-07T13:00:20-04:00,0.03993057935026526,"{""bytes"": 34109, ""path"": ""/home/linjiw/research-data/groot-wbc/m2s-icra-learning-v1-eval-075/run_record.json"", ""sha256"": ""sha256:fa86138624cc099b9db0a2c1c216e1231487ecf8d108184987bbf8a25eaed25c""}",evaluation,2026-09-07T11:45:16-04:00,robust
"{""icra_eval_41002_absent_p8512_analytic"": 23.95, ""icra_eval_41002_absent_p8512_motion2scene"": 24.095, ""icra_eval_41002_absent_p8512_no_contrast"": 23.846, ""icra_eval_41002_absent_p8512_privileged_geometry"": 23.9, ""icra_eval_41002_absent_p8512_scripted_rays"": 23.896, ""icra_eval_41002_absent_p8512_uniform"": 24.005}",6,2026-09-07T13:02:51-04:00,0.03991439061221576,"{""bytes"": 34170, ""path"": ""/home/linjiw/research-data/groot-wbc/m2s-icra-learning-v1-eval-076/run_record.json"", ""sha256"": ""sha256:86ad6e8d5312be27c15426739e2b01dd7083b0a058f7820f7b7ee091abfeb9e6""}",evaluation,2026-09-07T13:00:27-04:00,robust
"{""icra_eval_41003_absent_p8512_analytic"": 23.846, ""icra_eval_41003_absent_p8512_motion2scene"": 23.897, ""icra_eval_41003_absent_p8512_no_contrast"": 23.997, ""icra_eval_41003_absent_p8512_privileged_geometry"": 23.895, ""icra_eval_41003_absent_p8512_scripted_rays"": 23.95, ""icra_eval_41003_absent_p8512_uniform"": 23.8}",6,2026-09-07T13:05:22-04:00,0.039828956158906095,"{""bytes"": 34123, ""path"": ""/home/linjiw/research-data/groot-wbc/m2s-icra-learning-v1-eval-077/run_record.json"", ""sha256"": ""sha256:9210e4bad6df2161c1afba9deb9a7a0c196a8bb08bd2e6e4fdc7ca6dce98d2ed""}",evaluation,2026-09-07T13:02:58-04:00,robust
"{""icra_eval_41001_raised_p8511_analytic"": 24.0, ""icra_eval_41001_raised_p8511_motion2scene"": 23.998, ""icra_eval_41001_raised_p8511_no_contrast"": 23.898, ""icra_eval_41001_raised_p8511_privileged_geometry"": 23.946, ""icra_eval_41001_raised_p8511_scripted_rays"": 23.996, ""icra_eval_41001_raised_p8511_uniform"": 24.004}",6,2026-09-07T13:07:53-04:00,0.03995562410085565,"{""bytes"": 34129, ""path"": ""/home/linjiw/research-data/groot-wbc/m2s-icra-learning-v1-eval-078/run_record.json"", ""sha256"": ""sha256:60d2cb7e30f9edd4ba349e603c9db51a88d269ace21dd13adfb73038b0d0f462""}",evaluation,2026-09-07T13:05:29-04:00,robust
"{""icra_eval_41002_raised_p8511_analytic"": 23.85, ""icra_eval_41002_raised_p8511_motion2scene"": 23.996, ""icra_eval_41002_raised_p8511_no_contrast"": 23.9, ""icra_eval_41002_raised_p8511_privileged_geometry"": 23.953, ""icra_eval_41002_raised_p8511_scripted_rays"": 23.997, ""icra_eval_41002_raised_p8511_uniform"": 23.849}",6,2026-09-07T13:10:25-04:00,0.03987361519917613,"{""bytes"": 34122, ""path"": ""/home/linjiw/research-data/groot-wbc/m2s-icra-learning-v1-eval-079/run_record.json"", ""sha256"": ""sha256:810fb581e44570d5f0845d46322b20df357ac9d1a4876bd0f1e282a26feb0be4""}",evaluation,2026-09-07T13:08:01-04:00,robust
"{""icra_eval_41003_raised_p8511_analytic"": 24.15, ""icra_eval_41003_raised_p8511_motion2scene"": 23.949, ""icra_eval_41003_raised_p8511_no_contrast"": 23.947, ""icra_eval_41003_raised_p8511_privileged_geometry"": 23.898, ""icra_eval_41003_raised_p8511_scripted_rays"": 23.87, ""icra_eval_41003_raised_p8511_uniform"": 24.103}",6,2026-09-07T13:12:56-04:00,0.03997682503752811,"{""bytes"": 34135, ""path"": ""/home/linjiw/research-data/groot-wbc/m2s-icra-learning-v1-eval-080/run_record.json"", ""sha256"": ""sha256:4d190d8e40289b04eadfccebf7a2be9a49c35e53e7071101f6a9457f965bbca4""}",evaluation,2026-09-07T13:10:32-04:00,robust
"{""icra_eval_41001_raised_p8512_analytic"": 23.749, ""icra_eval_41001_raised_p8512_motion2scene"": 23.949, ""icra_eval_41001_raised_p8512_no_contrast"": 23.948, ""icra_eval_41001_raised_p8512_privileged_geometry"": 23.85, ""icra_eval_41001_raised_p8512_scripted_rays"": 24.051, ""icra_eval_41001_raised_p8512_uniform"": 23.753}",6,2026-09-07T13:15:27-04:00,0.03980544004109106,"{""bytes"": 34112, ""path"": ""/home/linjiw/research-data/groot-wbc/m2s-icra-learning-v1-eval-081/run_record.json"", ""sha256"": ""sha256:e311b13e4d356ea50086d53e87ff967e3761e80e014da3f2a4fcd50fd249be80""}",evaluation,2026-09-07T13:13:03-04:00,robust
"{""icra_eval_41002_raised_p8512_analytic"": 24.045, ""icra_eval_41002_raised_p8512_motion2scene"": 23.901, ""icra_eval_41002_raised_p8512_no_contrast"": 23.898, ""icra_eval_41002_raised_p8512_privileged_geometry"": 24.05, ""icra_eval_41002_raised_p8512_scripted_rays"": 23.849, ""icra_eval_41002_raised_p8512_uniform"": 23.851}",6,2026-09-07T13:17:58-04:00,0.03988706340862942,"{""bytes"": 34172, ""path"": ""/home/linjiw/research-data/groot-wbc/m2s-icra-learning-v1-eval-082/run_record.json"", ""sha256"": ""sha256:7862ee2c5db92649eca21845003a953aea985df41852e885403942ed2f87ace8""}",evaluation,2026-09-07T13:15:34-04:00,robust
"{""icra_eval_41003_raised_p8512_analytic"": 23.95, ""icra_eval_41003_raised_p8512_motion2scene"": 23.896, ""icra_eval_41003_raised_p8512_no_contrast"": 23.85, ""icra_eval_41003_raised_p8512_privileged_geometry"": 23.944, ""icra_eval_41003_raised_p8512_scripted_rays"": 23.948, ""icra_eval_41003_raised_p8512_uniform"": 23.851}",6,2026-09-07T13:20:29-04:00,0.03984437052137865,"{""bytes"": 34123, ""path"": ""/home/linjiw/research-data/groot-wbc/m2s-icra-learning-v1-eval-083/run_record.json"", ""sha256"": ""sha256:08459af517a4bd00c8acca855da9c295d70cb195ed20351b776e1490efbee089""}",evaluation,2026-09-07T13:18:05-04:00,robust
"{""icra_eval_41001_blocked_p8511_analytic"": 24.651, ""icra_eval_41001_blocked_p8511_motion2scene"": 24.752, ""icra_eval_41001_blocked_p8511_no_contrast"": 24.7, ""icra_eval_41001_blocked_p8511_privileged_geometry"": 24.648, ""icra_eval_41001_blocked_p8511_scripted_rays"": 24.749, ""icra_eval_41001_blocked_p8511_uniform"": 24.703}",6,2026-09-07T13:23:05-04:00,0.0411672821891908,"{""bytes"": 37322, ""path"": ""/home/linjiw/research-data/groot-wbc/m2s-icra-learning-v1-eval-084/run_record.json"", ""sha256"": ""sha256:398eca8556c6fa9c9ea466c05494303cdac252ffa6a52a52f8439b6d0b5b1cb7""}",evaluation,2026-09-07T13:20:36-04:00,robust
"{""icra_eval_41002_blocked_p8511_analytic"": 24.295, ""icra_eval_41002_blocked_p8511_motion2scene"": 24.398, ""icra_eval_41002_blocked_p8511_no_contrast"": 24.346, ""icra_eval_41002_blocked_p8511_privileged_geometry"": 24.447, ""icra_eval_41002_blocked_p8511_scripted_rays"": 24.397, ""icra_eval_41002_blocked_p8511_uniform"": 24.452}",6,2026-09-07T14:06:26-04:00,0.04064823906331892,"{""bytes"": 36845, ""path"": ""/home/linjiw/research-data/groot-wbc/m2s-icra-learning-v1-eval-085/run_record.json"", ""sha256"": ""sha256:c03c767935738b5298b323f33a9c5cda5924f783284e0a98e5a8f00571aad6d1""}",evaluation,2026-09-07T13:23:12-04:00,robust
"{""icra_eval_41003_blocked_p8511_analytic"": 24.496, ""icra_eval_41003_blocked_p8511_motion2scene"": 24.449, ""icra_eval_41003_blocked_p8511_no_contrast"": 24.497, ""icra_eval_41003_blocked_p8511_privileged_geometry"": 24.597, ""icra_eval_41003_blocked_p8511_scripted_rays"": 24.496, ""icra_eval_41003_blocked_p8511_uniform"": 24.701}",6,2026-09-07T14:09:01-04:00,0.04089881745747536,"{""bytes"": 36611, ""path"": ""/home/linjiw/research-data/groot-wbc/m2s-icra-learning-v1-eval-086/run_record.json"", ""sha256"": ""sha256:d122a5f380fcc9a879756d573eb5eab9258fd88fc0adcf659aabf447b5fcb8f5""}",evaluation,2026-09-07T14:06:33-04:00,robust
"{""icra_eval_41001_blocked_p8512_analytic"": 24.797, ""icra_eval_41001_blocked_p8512_motion2scene"": 25.051, ""icra_eval_41001_blocked_p8512_no_contrast"": 24.698, ""icra_eval_41001_blocked_p8512_privileged_geometry"": 24.849, ""icra_eval_41001_blocked_p8512_scripted_rays"": 24.848, ""icra_eval_41001_blocked_p8512_uniform"": 24.701}",6,2026-09-07T14:11:38-04:00,0.04137341341142828,"{""bytes"": 37295, ""path"": ""/home/linjiw/research-data/groot-wbc/m2s-icra-learning-v1-eval-087/run_record.json"", ""sha256"": ""sha256:e2e3252f0906214bd4e4935b2aab8a56284adca649e22fd99553a738693e3682""}",evaluation,2026-09-07T14:09:08-04:00,robust
"{""icra_eval_41002_blocked_p8512_analytic"": 24.547, ""icra_eval_41002_blocked_p8512_motion2scene"": 24.6, ""icra_eval_41002_blocked_p8512_no_contrast"": 24.496, ""icra_eval_41002_blocked_p8512_privileged_geometry"": 24.544, ""icra_eval_41002_blocked_p8512_scripted_rays"": 24.449, ""icra_eval_41002_blocked_p8512_uniform"": 24.451}",6,2026-09-07T20:31:46-04:00,0.04085746539556163,"{""bytes"": 37719, ""path"": ""/home/linjiw/research-data/groot-wbc/m2s-icra-learning-v1-eval-088/run_record.json"", ""sha256"": ""sha256:c737263704ad61cd7a17d229719edfa62451b2ffd5dace54e73aba9fb076dba2""}",evaluation,2026-09-07T14:11:45-04:00,robust
"{""icra_eval_41003_blocked_p8512_analytic"": 24.598, ""icra_eval_41003_blocked_p8512_motion2scene"": 24.446, ""icra_eval_41003_blocked_p8512_no_contrast"": 24.449, ""icra_eval_41003_blocked_p8512_privileged_geometry"": 24.548, ""icra_eval_41003_blocked_p8512_scripted_rays"": 24.598, ""icra_eval_41003_blocked_p8512_uniform"": 24.554}",6,2026-09-07T20:34:21-04:00,0.040887282381138194,"{""bytes"": 37356, ""path"": ""/home/linjiw/research-data/groot-wbc/m2s-icra-learning-v1-eval-089/run_record.json"", ""sha256"": ""sha256:f56d29eae4f32bc0d130fa8efa91ae9caf8c43d4ac219cda86f9b6c40827f63a""}",evaluation,2026-09-07T20:31:53-04:00,robust
"{""nom_41001_analytic_00_a0"": 23.998, ""nom_41001_analytic_00_a1"": 24.102, ""nom_41001_uniform_00_a0"": 23.804, ""nom_41001_uniform_00_a1"": 23.799, ""nom_41001_uniform_01_a0"": 23.948, ""nom_41001_uniform_01_a1"": 24.049, ""nom_41001_uniform_02_a0"": 24.045, ""nom_41001_uniform_02_a1"": 24.048}",8,2026-09-07T21:02:17-04:00,0.05327592747332852,"{""bytes"": 44211, ""path"": ""/home/linjiw/research-data/groot-wbc/m2s-icra-nominal-v1-labels-00/run_record.json"", ""sha256"": ""sha256:70d702709713ee33520bba044d4e80b3dc74bed57d010904c08dae6660c18a37""}",labels,2026-09-07T20:35:25-04:00,nominal
"{""nom_41001_analytic_01_a0"": 24.252, ""nom_41001_analytic_01_a1"": 24.048, ""nom_41001_analytic_02_a0"": 24.001, ""nom_41001_analytic_02_a1"": 24.201, ""nom_41001_no_contrast_00_a0"": 23.949, ""nom_41001_no_contrast_00_a1"": 23.848, ""nom_41001_no_contrast_01_a0"": 23.897, ""nom_41001_no_contrast_01_a1"": 23.952}",8,2026-09-07T21:05:39-04:00,0.053374657444461876,"{""bytes"": 43188, ""path"": ""/home/linjiw/research-data/groot-wbc/m2s-icra-nominal-v1-labels-01/run_record.json"", ""sha256"": ""sha256:5d92e19f0f8f63b395d83248352090368eb14a436cbcc07bb8124ea5d0cb96ac""}",labels,2026-09-07T21:02:26-04:00,nominal
"{""nom_41001_motion2scene_06_a0"": 24.199, ""nom_41001_motion2scene_06_a1"": 24.051, ""nom_41001_motion2scene_07_a0"": 24.203, ""nom_41001_motion2scene_07_a1"": 24.049, ""nom_41001_motion2scene_09_a0"": 24.009, ""nom_41001_motion2scene_09_a1"": 24.047, ""nom_41001_no_contrast_02_a0"": 24.055, ""nom_41001_no_contrast_02_a1"": 24.148}",8,2026-09-07T21:09:01-04:00,0.05354466915555855,"{""bytes"": 43646, ""path"": ""/home/linjiw/research-data/groot-wbc/m2s-icra-nominal-v1-labels-02/run_record.json"", ""sha256"": ""sha256:c864d69130b1877b119cb30166239317b8b478087eea4bd643817dee9c6a7497""}",labels,2026-09-07T21:05:48-04:00,nominal
"{""nom_41002_analytic_00_a0"": 24.101, ""nom_41002_analytic_00_a1"": 23.996, ""nom_41002_uniform_00_a0"": 24.051, ""nom_41002_uniform_00_a1"": 23.995, ""nom_41002_uniform_01_a0"": 24.047, ""nom_41002_uniform_01_a1"": 23.949, ""nom_41002_uniform_02_a0"": 24.046, ""nom_41002_uniform_02_a1"": 24.047}",8,2026-09-07T21:12:23-04:00,0.053397634139449424,"{""bytes"": 43738, ""path"": ""/home/linjiw/research-data/groot-wbc/m2s-icra-nominal-v1-labels-03/run_record.json"", ""sha256"": ""sha256:a7df7ef63eb56b9b22169ac361386763153768b4e5a289f82e1885241043c123""}",labels,2026-09-07T21:09:10-04:00,nominal
"{""nom_41002_analytic_01_a0"": 24.054, ""nom_41002_analytic_01_a1"": 23.903, ""nom_41002_analytic_02_a0"": 23.997, ""nom_41002_analytic_02_a1"": 23.951, ""nom_41002_no_contrast_00_a0"": 24.049, ""nom_41002_no_contrast_00_a1"": 24.055, ""nom_41002_no_contrast_01_a0"": 24.047, ""nom_41002_no_contrast_01_a1"": 23.846}",8,2026-09-07T21:15:44-04:00,0.053305911597514445,"{""bytes"": 42961, ""path"": ""/home/linjiw/research-data/groot-wbc/m2s-icra-nominal-v1-labels-04/run_record.json"", ""sha256"": ""sha256:c06a36bce361d20c166bc7ec639aa3809997692cede44bc36d2ee117c1ac51ef""}",labels,2026-09-07T21:12:32-04:00,nominal
"{""nom_41002_motion2scene_00_a0"": 24.196, ""nom_41002_motion2scene_00_a1"": 24.097, ""nom_41002_motion2scene_01_a0"": 24.201, ""nom_41002_motion2scene_01_a1"": 23.948, ""nom_41002_motion2scene_02_a0"": 24.048, ""nom_41002_motion2scene_02_a1"": 24.046, ""nom_41002_no_contrast_02_a0"": 24.101, ""nom_41002_no_contrast_02_a1"": 23.947}",8,2026-09-07T21:19:07-04:00,0.05349535122334297,"{""bytes"": 43366, ""path"": ""/home/linjiw/research-data/groot-wbc/m2s-icra-nominal-v1-labels-05/run_record.json"", ""sha256"": ""sha256:a6ff112dc1c7cae45a7056eb5c443af40597aec3593c84117049154ff4043603""}",labels,2026-09-07T21:15:54-04:00,nominal
"{""nom_41003_analytic_03_a0"": 23.95, ""nom_41003_analytic_03_a1"": 24.048, ""nom_41003_uniform_00_a0"": 23.95, ""nom_41003_uniform_00_a1"": 23.998, ""nom_41003_uniform_01_a0"": 23.95, ""nom_41003_uniform_01_a1"": 24.148, ""nom_41003_uniform_02_a0"": 24.148, ""nom_41003_uniform_02_a1"": 23.998}",8,2026-09-07T21:22:29-04:00,0.053386414153598405,"{""bytes"": 43995, ""path"": ""/home/linjiw/research-data/groot-wbc/m2s-icra-nominal-v1-labels-06/run_record.json"", ""sha256"": ""sha256:a743cf1ca79f6d010fb9301bcbb3225e7649a147300fe2a2b2c95fc527a74432""}",labels,2026-09-07T21:19:16-04:00,nominal
"{""nom_41003_analytic_04_a0"": 24.107, ""nom_41003_analytic_04_a1"": 24.047, ""nom_41003_analytic_05_a0"": 24.197, ""nom_41003_analytic_05_a1"": 24.096, ""nom_41003_no_contrast_00_a0"": 23.896, ""nom_41003_no_contrast_00_a1"": 23.962, ""nom_41003_no_contrast_01_a0"": 24.198, ""nom_41003_no_contrast_01_a1"": 24.099}",8,2026-09-07T21:25:51-04:00,0.05350046871860589,"{""bytes"": 42902, ""path"": ""/home/linjiw/research-data/groot-wbc/m2s-icra-nominal-v1-labels-07/run_record.json"", ""sha256"": ""sha256:9aa708719bb0e45fa040179d7cc88a6690ef6478f7cbdb96f27bd5c049793271""}",labels,2026-09-07T21:22:38-04:00,nominal
"{""nom_41003_motion2scene_00_a0"": 24.047, ""nom_41003_motion2scene_00_a1"": 24.047, ""nom_41003_motion2scene_01_a0"": 24.2, ""nom_41003_motion2scene_01_a1"": 24.049, ""nom_41003_motion2scene_02_a0"": 24.199, ""nom_41003_motion2scene_02_a1"": 24.097, ""nom_41003_no_contrast_02_a0"": 24.152, ""nom_41003_no_contrast_02_a1"": 24.048}",8,2026-09-07T21:29:13-04:00,0.05356663395498698,"{""bytes"": 43185, ""path"": ""/home/linjiw/research-data/groot-wbc/m2s-icra-nominal-v1-labels-08/run_record.json"", ""sha256"": ""sha256:c8d71f7402b495f593cace1db2a92c5136f24208304ca812d755b4bc97144606""}",labels,2026-09-07T21:26:00-04:00,nominal
"{""nom_eval_41001_layout_00_p8511_analytic"": 23.951, ""nom_eval_41001_layout_00_p8511_motion2scene"": 23.948, ""nom_eval_41001_layout_00_p8511_no_contrast"": 23.9, ""nom_eval_41001_layout_00_p8511_uniform"": 24.005}",4,2026-09-07T21:31:06-04:00,0.026612339544711476,"{""bytes"": 24921, ""path"": ""/home/linjiw/research-data/groot-wbc/m2s-icra-nominal-learning-v1-eval-000/run_record.json"", ""sha256"": ""sha256:7e4287de4a53390c88d64934283fc1f6a05e8c1f65f5bdd204d2ca4bf8c93da5""}",evaluation,2026-09-07T21:29:30-04:00,nominal
"{""nom_eval_41002_layout_00_p8511_analytic"": 23.845, ""nom_eval_41002_layout_00_p8511_motion2scene"": 23.994, ""nom_eval_41002_layout_00_p8511_no_contrast"": 23.898, ""nom_eval_41002_layout_00_p8511_uniform"": 24.151}",4,2026-09-07T21:32:47-04:00,0.02663528726192049,"{""bytes"": 24562, ""path"": ""/home/linjiw/research-data/groot-wbc/m2s-icra-nominal-learning-v1-eval-001/run_record.json"", ""sha256"": ""sha256:7c8e78f22c35a8880519d7b79f3fc8aef6a37ff0bc40d230ac14659163642cf4""}",evaluation,2026-09-07T21:31:11-04:00,nominal
"{""nom_eval_41003_layout_00_p8511_analytic"": 23.996, ""nom_eval_41003_layout_00_p8511_motion2scene"": 23.848, ""nom_eval_41003_layout_00_p8511_no_contrast"": 24.051, ""nom_eval_41003_layout_00_p8511_uniform"": 24.104}",4,2026-09-07T21:34:28-04:00,0.026666342333321356,"{""bytes"": 24775, ""path"": ""/home/linjiw/research-data/groot-wbc/m2s-icra-nominal-learning-v1-eval-002/run_record.json"", ""sha256"": ""sha256:debbabefdc38b6a664d06d2edfa51b4b58b470dd56b37529924374d0a5dd6100""}",evaluation,2026-09-07T21:32:52-04:00,nominal
"{""nom_eval_41001_layout_01_p8511_analytic"": 24.0, ""nom_eval_41001_layout_01_p8511_motion2scene"": 23.997, ""nom_eval_41001_layout_01_p8511_no_contrast"": 24.046, ""nom_eval_41001_layout_01_p8511_uniform"": 24.006}",4,2026-09-07T21:36:09-04:00,0.026680382270812212,"{""bytes"": 24304, ""path"": ""/home/linjiw/research-data/groot-wbc/m2s-icra-nominal-learning-v1-eval-003/run_record.json"", ""sha256"": ""sha256:392f58d551d80c23a5d1031aa73518c8aa1d8fce30984381fd3f1ddb38eceb6b""}",evaluation,2026-09-07T21:34:33-04:00,nominal
"{""nom_eval_41002_layout_01_p8511_analytic"": 23.944, ""nom_eval_41002_layout_01_p8511_motion2scene"": 24.047, ""nom_eval_41002_layout_01_p8511_no_contrast"": 24.095, ""nom_eval_41002_layout_01_p8511_uniform"": 24.102}",4,2026-09-07T21:37:51-04:00,0.026719061570022153,"{""bytes"": 23213, ""path"": ""/home/linjiw/research-data/groot-wbc/m2s-icra-nominal-learning-v1-eval-004/run_record.json"", ""sha256"": ""sha256:8f166249ce5e1913fc64d49cd6c9e4cbcf2fe5cf5c8a4e74c2052f7c6ac5f05b""}",evaluation,2026-09-07T21:36:14-04:00,nominal
"{""nom_eval_41003_layout_01_p8511_analytic"": 24.0, ""nom_eval_41003_layout_01_p8511_motion2scene"": 23.95, ""nom_eval_41003_layout_01_p8511_no_contrast"": 23.947, ""nom_eval_41003_layout_01_p8511_uniform"": 24.256}",4,2026-09-07T21:39:32-04:00,0.026709432725571483,"{""bytes"": 23936, ""path"": ""/home/linjiw/research-data/groot-wbc/m2s-icra-nominal-learning-v1-eval-005/run_record.json"", ""sha256"": ""sha256:eda64cb3097f1838b5f5b42bcc48dfc522a23c1de4d472825b4ae77f4173718f""}",evaluation,2026-09-07T21:37:56-04:00,nominal
"{""nom_eval_41001_layout_02_p8511_analytic"": 23.948, ""nom_eval_41001_layout_02_p8511_motion2scene"": 23.998, ""nom_eval_41001_layout_02_p8511_no_contrast"": 23.898, ""nom_eval_41001_layout_02_p8511_uniform"": 24.102}",4,2026-09-07T21:41:14-04:00,0.026651639308305067,"{""bytes"": 23215, ""path"": ""/home/linjiw/research-data/groot-wbc/m2s-icra-nominal-learning-v1-eval-006/run_record.json"", ""sha256"": ""sha256:8ffefbad2a428eace64ff8b31a4efb6c5b5a7089c82a112ffd285c03a930970e""}",evaluation,2026-09-07T21:39:37-04:00,nominal
"{""nom_eval_41002_layout_02_p8511_analytic"": 24.1, ""nom_eval_41002_layout_02_p8511_motion2scene"": 24.296, ""nom_eval_41002_layout_02_p8511_no_contrast"": 24.049, ""nom_eval_41002_layout_02_p8511_uniform"": 24.055}",4,2026-09-07T21:42:55-04:00,0.026805598258878387,"{""bytes"": 23209, ""path"": ""/home/linjiw/research-data/groot-wbc/m2s-icra-nominal-learning-v1-eval-007/run_record.json"", ""sha256"": ""sha256:bf34d3f3e2372455a2b9d7f7d43652217cf827d8c2a288d4514b41aa048ea0d3""}",evaluation,2026-09-07T21:41:19-04:00,nominal
"{""nom_eval_41003_layout_02_p8511_analytic"": 24.197, ""nom_eval_41003_layout_02_p8511_motion2scene"": 23.8, ""nom_eval_41003_layout_02_p8511_no_contrast"": 24.096, ""nom_eval_41003_layout_02_p8511_uniform"": 24.157}",4,2026-09-07T21:44:37-04:00,0.026736127215279137,"{""bytes"": 23275, ""path"": ""/home/linjiw/research-data/groot-wbc/m2s-icra-nominal-learning-v1-eval-008/run_record.json"", ""sha256"": ""sha256:224d6cb3d14ed0305f95da9b66d851d22f392ad3a6602263a96ceea242a2cf3f""}",evaluation,2026-09-07T21:43:00-04:00,nominal
"{""nom_eval_41001_layout_03_p8511_analytic"": 23.848, ""nom_eval_41001_layout_03_p8511_motion2scene"": 23.951, ""nom_eval_41001_layout_03_p8511_no_contrast"": 23.948, ""nom_eval_41001_layout_03_p8511_uniform"": 23.955}",4,2026-09-07T21:46:18-04:00,0.026583881039437582,"{""bytes"": 24767, ""path"": ""/home/linjiw/research-data/groot-wbc/m2s-icra-nominal-learning-v1-eval-009/run_record.json"", ""sha256"": ""sha256:10d2d093d8666bac5d84e3bc6fdec591ebdc0d034daa6706f003fde473883fe3""}",evaluation,2026-09-07T21:44:42-04:00,nominal
"{""nom_eval_41002_layout_03_p8511_analytic"": 23.85, ""nom_eval_41002_layout_03_p8511_motion2scene"": 24.147, ""nom_eval_41002_layout_03_p8511_no_contrast"": 23.895, ""nom_eval_41002_layout_03_p8511_uniform"": 23.85}",4,2026-09-07T21:47:59-04:00,0.02659479709639628,"{""bytes"": 24516, ""path"": ""/home/linjiw/research-data/groot-wbc/m2s-icra-nominal-learning-v1-eval-010/run_record.json"", ""sha256"": ""sha256:b4b39f229a671a3b1174daf5108883acc7b58094424bb419e0ac0168f2817d17""}",evaluation,2026-09-07T21:46:23-04:00,nominal
"{""nom_eval_41003_layout_03_p8511_analytic"": 23.896, ""nom_eval_41003_layout_03_p8511_motion2scene"": 23.845, ""nom_eval_41003_layout_03_p8511_no_contrast"": 23.903, ""nom_eval_41003_layout_03_p8511_uniform"": 24.203}",4,2026-09-07T21:49:40-04:00,0.026624324470548244,"{""bytes"": 24379, ""path"": ""/home/linjiw/research-data/groot-wbc/m2s-icra-nominal-learning-v1-eval-011/run_record.json"", ""sha256"": ""sha256:a77eaa103f58b14261a833d19d108ad309c106e2e664fd19f17fe7110439bfb6""}",evaluation,2026-09-07T21:48:04-04:00,nominal
"{""nom_eval_41001_layout_04_p8511_analytic"": 24.0, ""nom_eval_41001_layout_04_p8511_motion2scene"": 24.052, ""nom_eval_41001_layout_04_p8511_no_contrast"": 24.053, ""nom_eval_41001_layout_04_p8511_uniform"": 24.003}",4,2026-09-07T21:51:22-04:00,0.026696453348882238,"{""bytes"": 23991, ""path"": ""/home/linjiw/research-data/groot-wbc/m2s-icra-nominal-learning-v1-eval-012/run_record.json"", ""sha256"": ""sha256:e39c7b2cd8f42dbe10b48899ff34d1fc61ceebc14db9fb1c288d82ee563a3845""}",evaluation,2026-09-07T21:49:45-04:00,nominal
"{""nom_eval_41002_layout_04_p8511_analytic"": 24.002, ""nom_eval_41002_layout_04_p8511_motion2scene"": 24.097, ""nom_eval_41002_layout_04_p8511_no_contrast"": 24.048, ""nom_eval_41002_layout_04_p8511_uniform"": 24.004}",4,2026-09-07T21:53:03-04:00,0.02670869562445053,"{""bytes"": 24118, ""path"": ""/home/linjiw/research-data/groot-wbc/m2s-icra-nominal-learning-v1-eval-013/run_record.json"", ""sha256"": ""sha256:0c9e32d164f0ee690a9460fc7c986f733570a19ea665d8e329e321c3e29cbfa5""}",evaluation,2026-09-07T21:51:27-04:00,nominal
"{""nom_eval_41003_layout_04_p8511_analytic"": 23.996, ""nom_eval_41003_layout_04_p8511_motion2scene"": 23.945, ""nom_eval_41003_layout_04_p8511_no_contrast"": 23.996, ""nom_eval_41003_layout_04_p8511_uniform"": 24.155}",4,2026-09-07T21:54:44-04:00,0.02669207380167791,"{""bytes"": 23890, ""path"": ""/home/linjiw/research-data/groot-wbc/m2s-icra-nominal-learning-v1-eval-014/run_record.json"", ""sha256"": ""sha256:924194b46eb1378c78f4caef3d5558d7dfdb016068e5ee15ca048b1ee6a51f89""}",evaluation,2026-09-07T21:53:08-04:00,nominal
"{""nom_eval_41001_layout_05_p8511_analytic"": 23.997, ""nom_eval_41001_layout_05_p8511_motion2scene"": 23.95, ""nom_eval_41001_layout_05_p8511_no_contrast"": 23.949, ""nom_eval_41001_layout_05_p8511_uniform"": 24.104}",4,2026-09-07T21:56:26-04:00,0.026666609015551835,"{""bytes"": 23270, ""path"": ""/home/linjiw/research-data/groot-wbc/m2s-icra-nominal-learning-v1-eval-015/run_record.json"", ""sha256"": ""sha256:f80620c4708e679b8ae652d18fc0973d60b0b3a748717f506b4a210affbc500a""}",evaluation,2026-09-07T21:54:49-04:00,nominal
"{""nom_eval_41002_layout_05_p8511_analytic"": 24.098, ""nom_eval_41002_layout_05_p8511_motion2scene"": 24.049, ""nom_eval_41002_layout_05_p8511_no_contrast"": 24.147, ""nom_eval_41002_layout_05_p8511_uniform"": 24.151}",4,2026-09-07T21:58:08-04:00,0.02679035934250957,"{""bytes"": 23212, ""path"": ""/home/linjiw/research-data/groot-wbc/m2s-icra-nominal-learning-v1-eval-016/run_record.json"", ""sha256"": ""sha256:da40715f7ac65f1448654a1ae7d3bade94ed08db99fa04f0177da0f39ce09777""}",evaluation,2026-09-07T21:56:31-04:00,nominal
"{""nom_eval_41003_layout_05_p8511_analytic"": 23.895, ""nom_eval_41003_layout_05_p8511_motion2scene"": 24.097, ""nom_eval_41003_layout_05_p8511_no_contrast"": 23.998, ""nom_eval_41003_layout_05_p8511_uniform"": 24.0}",4,2026-09-07T21:59:49-04:00,0.0266641514194392,"{""bytes"": 23331, ""path"": ""/home/linjiw/research-data/groot-wbc/m2s-icra-nominal-learning-v1-eval-017/run_record.json"", ""sha256"": ""sha256:962844e012b610096535fc4cd1106f98405bd3a9ae0585c39f874791228dd336""}",evaluation,2026-09-07T21:58:13-04:00,nominal
"{""nom_eval_41001_layout_06_p8511_analytic"": 23.847, ""nom_eval_41001_layout_06_p8511_motion2scene"": 23.902, ""nom_eval_41001_layout_06_p8511_no_contrast"": 23.898, ""nom_eval_41001_layout_06_p8511_uniform"": 23.853}",4,2026-09-07T22:01:30-04:00,0.026527946143614825,"{""bytes"": 24695, ""path"": ""/home/linjiw/research-data/groot-wbc/m2s-icra-nominal-learning-v1-eval-018/run_record.json"", ""sha256"": ""sha256:53ebd48fde352404ffb0f6f678e41f3561449dd4c322dad50a4c663f4d0ba4ea""}",evaluation,2026-09-07T21:59:54-04:00,nominal
"{""nom_eval_41002_layout_06_p8511_analytic"": 23.748, ""nom_eval_41002_layout_06_p8511_motion2scene"": 23.894, ""nom_eval_41002_layout_06_p8511_no_contrast"": 23.898, ""nom_eval_41002_layout_06_p8511_uniform"": 24.149}",4,2026-09-07T22:03:11-04:00,0.026580448070534557,"{""bytes"": 24619, ""path"": ""/home/linjiw/research-data/groot-wbc/m2s-icra-nominal-learning-v1-eval-019/run_record.json"", ""sha256"": ""sha256:6b8b285c4931fec15a4d01c84acf9aaae1ff203d01f14f91057679af172a2a21""}",evaluation,2026-09-07T22:01:35-04:00,nominal
"{""nom_eval_41003_layout_06_p8511_analytic"": 23.897, ""nom_eval_41003_layout_06_p8511_motion2scene"": 23.899, ""nom_eval_41003_layout_06_p8511_no_contrast"": 23.849, ""nom_eval_41003_layout_06_p8511_uniform"": 23.901}",4,2026-09-07T22:04:52-04:00,0.02654047109472837,"{""bytes"": 24289, ""path"": ""/home/linjiw/research-data/groot-wbc/m2s-icra-nominal-learning-v1-eval-020/run_record.json"", ""sha256"": ""sha256:04ed895558b9282b90c0c522c6bc3e713ce7b5b2a81478d9fd05095859e860c4""}",evaluation,2026-09-07T22:03:16-04:00,nominal
"{""nom_eval_41001_layout_07_p8511_analytic"": 24.247, ""nom_eval_41001_layout_07_p8511_motion2scene"": 23.996, ""nom_eval_41001_layout_07_p8511_no_contrast"": 23.948, ""nom_eval_41001_layout_07_p8511_uniform"": 24.049}",4,2026-09-07T22:06:33-04:00,0.026733743786947647,"{""bytes"": 23925, ""path"": ""/home/linjiw/research-data/groot-wbc/m2s-icra-nominal-learning-v1-eval-021/run_record.json"", ""sha256"": ""sha256:33bcee7d9fc08532cdffd4c6967d9f5c12f92b4f9e659487f6704345f2ca0cc0""}",evaluation,2026-09-07T22:04:56-04:00,nominal
"{""nom_eval_41002_layout_07_p8511_analytic"": 24.0, ""nom_eval_41002_layout_07_p8511_motion2scene"": 23.947, ""nom_eval_41002_layout_07_p8511_no_contrast"": 24.05, ""nom_eval_41002_layout_07_p8511_uniform"": 24.003}",4,2026-09-07T22:08:14-04:00,0.02666662327304948,"{""bytes"": 23819, ""path"": ""/home/linjiw/research-data/groot-wbc/m2s-icra-nominal-learning-v1-eval-022/run_record.json"", ""sha256"": ""sha256:154d0939fdbe39d5128cc8a0d38bfe0f6fa8ca6f244002788f93ccc7381fa5c1""}",evaluation,2026-09-07T22:06:38-04:00,nominal
"{""nom_eval_41003_layout_07_p8511_analytic"": 24.049, ""nom_eval_41003_layout_07_p8511_motion2scene"": 24.098, ""nom_eval_41003_layout_07_p8511_no_contrast"": 23.997, ""nom_eval_41003_layout_07_p8511_uniform"": 24.402}",4,2026-09-07T22:09:56-04:00,0.026818293330579765,"{""bytes"": 23335, ""path"": ""/home/linjiw/research-data/groot-wbc/m2s-icra-nominal-learning-v1-eval-023/run_record.json"", ""sha256"": ""sha256:3e8e724b9d8f63b62239ae8a80a90e80bb5f219b7d32f61dbc233b5d5dd054c0""}",evaluation,2026-09-07T22:08:19-04:00,nominal
"{""nom_eval_41001_layout_08_p8511_analytic"": 23.899, ""nom_eval_41001_layout_08_p8511_motion2scene"": 24.051, ""nom_eval_41001_layout_08_p8511_no_contrast"": 23.999, ""nom_eval_41001_layout_08_p8511_uniform"": 24.101}",4,2026-09-07T22:11:38-04:00,0.026680823470572552,"{""bytes"": 23215, ""path"": ""/home/linjiw/research-data/groot-wbc/m2s-icra-nominal-learning-v1-eval-024/run_record.json"", ""sha256"": ""sha256:69994ea30454f52538d1f6a52a1e138af515c956ac31e5e966f67dd40aabff9a""}",evaluation,2026-09-07T22:10:01-04:00,nominal
"{""nom_eval_41002_layout_08_p8511_analytic"": 23.951, ""nom_eval_41002_layout_08_p8511_motion2scene"": 24.05, ""nom_eval_41002_layout_08_p8511_no_contrast"": 23.948, ""nom_eval_41002_layout_08_p8511_uniform"": 24.05}",4,2026-09-07T22:13:19-04:00,0.026666551536909538,"{""bytes"": 23211, ""path"": ""/home/linjiw/research-data/groot-wbc/m2s-icra-nominal-learning-v1-eval-025/run_record.json"", ""sha256"": ""sha256:e623ba63eddf33385a218b4e120cf694dabe0c578357881216b3adbdebbd4aa0""}",evaluation,2026-09-07T22:11:42-04:00,nominal
"{""nom_eval_41003_layout_08_p8511_analytic"": 24.052, ""nom_eval_41003_layout_08_p8511_motion2scene"": 24.001, ""nom_eval_41003_layout_08_p8511_no_contrast"": 23.997, ""nom_eval_41003_layout_08_p8511_uniform"": 24.051}",4,2026-09-07T22:15:00-04:00,0.02669451412250055,"{""bytes"": 23276, ""path"": ""/home/linjiw/research-data/groot-wbc/m2s-icra-nominal-learning-v1-eval-026/run_record.json"", ""sha256"": ""sha256:cabc558aa1729eeaa417aeb3f08a211aea3f86997c5837e40df13f3fe8e5f931""}",evaluation,2026-09-07T22:13:24-04:00,nominal
"{""nom_eval_41001_layout_09_p8511_analytic"": 23.798, ""nom_eval_41001_layout_09_p8511_motion2scene"": 23.8, ""nom_eval_41001_layout_09_p8511_no_contrast"": 23.8, ""nom_eval_41001_layout_09_p8511_uniform"": 23.952}",4,2026-09-07T22:16:41-04:00,0.026485943718079295,"{""bytes"": 24631, ""path"": ""/home/linjiw/research-data/groot-wbc/m2s-icra-nominal-learning-v1-eval-027/run_record.json"", ""sha256"": ""sha256:00cde14457334aa6c9de9ac8898205d2ddddcd795e0447dc79996dc95ddba40d""}",evaluation,2026-09-07T22:15:05-04:00,nominal
"{""nom_eval_41002_layout_09_p8511_analytic"": 23.75, ""nom_eval_41002_layout_09_p8511_motion2scene"": 23.895, ""nom_eval_41002_layout_09_p8511_no_contrast"": 23.763, ""nom_eval_41002_layout_09_p8511_uniform"": 23.802}",4,2026-09-07T22:18:21-04:00,0.02644726820860847,"{""bytes"": 24625, ""path"": ""/home/linjiw/research-data/groot-wbc/m2s-icra-nominal-learning-v1-eval-028/run_record.json"", ""sha256"": ""sha256:70ff0571270467949b68be89d78311568ca7e83a9f602afc49006eb20c8f099c""}",evaluation,2026-09-07T22:16:46-04:00,nominal
"{""nom_eval_41003_layout_09_p8511_analytic"": 23.952, ""nom_eval_41003_layout_09_p8511_motion2scene"": 23.946, ""nom_eval_41003_layout_09_p8511_no_contrast"": 23.947, ""nom_eval_41003_layout_09_p8511_uniform"": 24.156}",4,2026-09-07T22:20:03-04:00,0.02666690724027123,"{""bytes"": 24610, ""path"": ""/home/linjiw/research-data/groot-wbc/m2s-icra-nominal-learning-v1-eval-029/run_record.json"", ""sha256"": ""sha256:0d094250aea8fb6f681f9230105a694b5212c640548695c4c843a35cb484c374""}",evaluation,2026-09-07T22:18:26-04:00,nominal
"{""nom_eval_41001_layout_10_p8511_analytic"": 24.198, ""nom_eval_41001_layout_10_p8511_motion2scene"": 24.15, ""nom_eval_41001_layout_10_p8511_no_contrast"": 24.051, ""nom_eval_41001_layout_10_p8511_uniform"": 24.101}",4,2026-09-07T22:21:44-04:00,0.026805407771397664,"{""bytes"": 23938, ""path"": ""/home/linjiw/research-data/groot-wbc/m2s-icra-nominal-learning-v1-eval-030/run_record.json"", ""sha256"": ""sha256:3bc3a588750708f644dc7ad73f6f7450a6f2c6dc4f32979ea58f81ba760dab24""}",evaluation,2026-09-07T22:20:08-04:00,nominal
"{""nom_eval_41002_layout_10_p8511_analytic"": 23.946, ""nom_eval_41002_layout_10_p8511_motion2scene"": 24.097, ""nom_eval_41002_layout_10_p8511_no_contrast"": 24.049, ""nom_eval_41002_layout_10_p8511_uniform"": 24.151}",4,2026-09-07T22:23:26-04:00,0.026734244865543183,"{""bytes"": 23799, ""path"": ""/home/linjiw/research-data/groot-wbc/m2s-icra-nominal-learning-v1-eval-031/run_record.json"", ""sha256"": ""sha256:6e40a4ec79f1f32ce410c0a7b4d0ff174ac5e83e7cad8cd561df216ee380f296""}",evaluation,2026-09-07T22:21:49-04:00,nominal
"{""nom_eval_41003_layout_10_p8511_analytic"": 24.296, ""nom_eval_41003_layout_10_p8511_motion2scene"": 24.453, ""nom_eval_41003_layout_10_p8511_no_contrast"": 24.147, ""nom_eval_41003_layout_10_p8511_uniform"": 24.151}",4,2026-09-07T22:25:08-04:00,0.026957344687236602,"{""bytes"": 23947, ""path"": ""/home/linjiw/research-data/groot-wbc/m2s-icra-nominal-learning-v1-eval-032/run_record.json"", ""sha256"": ""sha256:857e8dcee9c63fda90c4aa67c970e520f1b25e315c651674f24b8395dbe989d9""}",evaluation,2026-09-07T22:23:31-04:00,nominal
"{""nom_eval_41001_layout_11_p8511_analytic"": 24.701, ""nom_eval_41001_layout_11_p8511_motion2scene"": 24.454, ""nom_eval_41001_layout_11_p8511_no_contrast"": 24.296, ""nom_eval_41001_layout_11_p8511_uniform"": 24.455}",4,2026-09-07T22:26:52-04:00,0.027196367976963908,"{""bytes"": 23327, ""path"": ""/home/linjiw/research-data/groot-wbc/m2s-icra-nominal-learning-v1-eval-033/run_record.json"", ""sha256"": ""sha256:4cdcb362058e0da5d0165a0cdd1862eeea2771757a9371df29c5b19a29c6c069""}",evaluation,2026-09-07T22:25:13-04:00,nominal
"{""nom_eval_41002_layout_11_p8511_analytic"": 24.302, ""nom_eval_41002_layout_11_p8511_motion2scene"": 23.998, ""nom_eval_41002_layout_11_p8511_no_contrast"": 24.298, ""nom_eval_41002_layout_11_p8511_uniform"": 24.256}",4,2026-09-07T22:28:34-04:00,0.02690378470529039,"{""bytes"": 23210, ""path"": ""/home/linjiw/research-data/groot-wbc/m2s-icra-nominal-learning-v1-eval-034/run_record.json"", ""sha256"": ""sha256:0b765dca52583a92879688f32ccd697da1094965bac65122e6de95bd2f5fc5e7""}",evaluation,2026-09-07T22:26:57-04:00,nominal
"{""nom_eval_41003_layout_11_p8511_analytic"": 24.099, ""nom_eval_41003_layout_11_p8511_motion2scene"": 24.351, ""nom_eval_41003_layout_11_p8511_no_contrast"": 24.297, ""nom_eval_41003_layout_11_p8511_uniform"": 24.208}",4,2026-09-07T22:30:16-04:00,0.02693162125722867,"{""bytes"": 23334, ""path"": ""/home/linjiw/research-data/groot-wbc/m2s-icra-nominal-learning-v1-eval-035/run_record.json"", ""sha256"": ""sha256:8de2074214ba86697289c10c337858c3852c314f118fde45705e706ff858cc6b""}",evaluation,2026-09-07T22:28:39-04:00,nominal
"{""audit_41001_layout_02_p8511_always_d040"": 24.398, ""audit_41001_layout_02_p8511_always_walk"": 24.808}",2,2026-09-08T00:32:35-04:00,0.013668270743332364,"{""bytes"": 12019, ""path"": ""/home/linjiw/research-data/groot-wbc/m2s-submission-command-audit-v1-eval-00/run_record.json"", ""sha256"": ""sha256:c848e1ec3fe66821fff3108b71271d1aa3b9e89783de96c9d5b12121ef7dbf68""}",evaluation,2026-09-08T00:31:21-04:00,post_hoc_command_audit
"{""audit_41001_layout_03_p8511_always_d040"": 24.25, ""audit_41001_layout_03_p8511_always_walk"": 24.555}",2,2026-09-08T00:33:26-04:00,0.013556904699168322,"{""bytes"": 12700, ""path"": ""/home/linjiw/research-data/groot-wbc/m2s-submission-command-audit-v1-eval-01/run_record.json"", ""sha256"": ""sha256:e7ebecec012c6bb75c7a7e2060aed19ec58e5440be9416ed09db273a7698d082""}",evaluation,2026-09-08T00:31:22-04:00,post_hoc_command_audit
"{""audit_41001_layout_06_p8511_always_d040"": 24.351, ""audit_41001_layout_06_p8511_always_walk"": 24.808}",2,2026-09-08T00:34:18-04:00,0.013655342483883335,"{""bytes"": 12681, ""path"": ""/home/linjiw/research-data/groot-wbc/m2s-submission-command-audit-v1-eval-02/run_record.json"", ""sha256"": ""sha256:6dd5a3765f8c8157d59a3edcb77f2d6fb594a05706d2b0f34c049984a57aad6c""}",evaluation,2026-09-08T00:31:22-04:00,post_hoc_command_audit
"{""audit_41001_layout_08_p8511_always_d040"": 24.503, ""audit_41001_layout_08_p8511_always_walk"": 24.304}",2,2026-09-08T00:35:10-04:00,0.01355750015277105,"{""bytes"": 12018, ""path"": ""/home/linjiw/research-data/groot-wbc/m2s-submission-command-audit-v1-eval-03/run_record.json"", ""sha256"": ""sha256:a65d9a7efc0535c5bc86947502b7851c6151edf6242a553c59f9f870db43543b""}",evaluation,2026-09-08T00:31:22-04:00,post_hoc_command_audit
"{""audit_41001_layout_09_p8511_always_d040"": 40.14, ""audit_41001_layout_09_p8511_always_walk"": 26.781}",2,2026-09-08T00:36:19-04:00,0.018588996621676616,"{""bytes"": 12664, ""path"": ""/home/linjiw/research-data/groot-wbc/m2s-submission-command-audit-v1-eval-04/run_record.json"", ""sha256"": ""sha256:2361f6afe6cf5772a6d48c4baf98ddc8ada5dfde10c1904e6c5c948a363f75cc""}",evaluation,2026-09-08T00:31:23-04:00,post_hoc_command_audit
"{""audit_41002_layout_02_p8511_always_d040"": 40.729, ""audit_41002_layout_02_p8511_always_walk"": 39.512}",2,2026-09-08T00:37:43-04:00,0.022289261483044054,"{""bytes"": 11963, ""path"": ""/home/linjiw/research-data/groot-wbc/m2s-submission-command-audit-v1-eval-05/run_record.json"", ""sha256"": ""sha256:4417bd7af60591be6c844d6eb444c1b90079e9393e4df0049528479c4ffd99e0""}",evaluation,2026-09-08T00:31:23-04:00,post_hoc_command_audit
"{""audit_41002_layout_09_p8511_always_d040"": 43.815, ""audit_41002_layout_09_p8511_always_walk"": 42.813}",2,2026-09-08T00:39:14-04:00,0.024063356570259202,"{""bytes"": 12664, ""path"": ""/home/linjiw/research-data/groot-wbc/m2s-submission-command-audit-v1-eval-06/run_record.json"", ""sha256"": ""sha256:d150d49c0e234f9e82048421d25aabd504245a9f2a0483d096f55f327ed1b8fd""}",evaluation,2026-09-08T00:31:23-04:00,post_hoc_command_audit
"{""audit_41002_layout_11_p8511_always_d040"": 26.26, ""audit_41002_layout_11_p8511_always_walk"": 37.975}",2,2026-09-08T00:40:22-04:00,0.017842969938339795,"{""bytes"": 11962, ""path"": ""/home/linjiw/research-data/groot-wbc/m2s-submission-command-audit-v1-eval-07/run_record.json"", ""sha256"": ""sha256:f1e2f4b5229ef84b01d54c6d6747c1b600b7f1c93b7e9077ff5ef70ce3c2e008""}",evaluation,2026-09-08T00:31:24-04:00,post_hoc_command_audit
