time_s,goal_distance_m,root_speed_mps,consecutive_hold_ticks
0.02,1.0700108997652573,0.2239890843629837,0
0.04,1.0716857230310273,0.1600816547870636,0
0.06,1.0737459900304944,0.12410692870616913,0
0.08,1.0751440706083846,0.07398143410682678,0
0.1,1.076142832345592,0.07398384809494019,0
0.12,1.077084555467359,0.08959661424160004,0
0.14,1.078030573536647,0.0963929072022438,0
0.16,1.0789955451334408,0.0872044563293457,0
0.18,1.0800035381376438,0.06947247684001923,0
0.2,1.0812249212005371,0.08675549924373627,0
0.22,1.0827270889784046,0.10719870775938034,0
0.24,1.084401757096627,0.1186152845621109,0
0.26,1.0860936106082326,0.11580834537744522,0
0.28,1.0878935462509285,0.12523917853832245,0
0.3,1.089589929724623,0.1404457539319992,0
0.32,1.0908598135186258,0.13787788152694702,0
0.34,1.0915407471965926,0.12185176461935043,0
0.36,1.0918149846679586,0.12637366354465485,0
0.38,1.0920144867556143,0.1241181418299675,0
0.4,1.0922415362224045,0.12732788920402527,0
0.42,1.0925116717949248,0.1306121051311493,0
0.44,1.0928819328352715,0.1276746243238449,0
0.46,1.0930429947600195,0.12054050713777542,0
0.48,1.0929553130942653,0.11488404124975204,0
0.5,1.0926808821130807,0.11414851993322372,0
0.52,1.0922927026380262,0.12229625135660172,0
0.54,1.0917040177397095,0.12322407960891724,0
0.56,1.0908784769892554,0.1332743912935257,0
0.58,1.0897105358081247,0.1329186111688614,0
0.6,1.0883045821656592,0.14947375655174255,0
0.62,1.0866799700333887,0.16169165074825287,0
0.64,1.0849015024313418,0.168598473072052,0
0.66,1.0830992845171115,0.17679862678050995,0
0.68,1.081187726430468,0.18461284041404724,0
0.7000000000000001,1.0790126078817983,0.19087770581245422,0
0.72,1.0765443522866245,0.20485857129096985,0
0.74,1.0736955358186533,0.23824723064899445,0
0.76,1.070544147425205,0.25516170263290405,0
0.78,1.0672403219618292,0.2713133692741394,0
0.8,1.063985462170661,0.2827466130256653,0
0.8200000000000001,1.0610760169588214,0.2863897383213043,0
0.84,1.0585238368427121,0.28831377625465393,0
0.86,1.0562173055189734,0.29509928822517395,0
0.88,1.054152441637323,0.29848676919937134,0
0.9,1.052318530279583,0.308782160282135,0
0.92,1.0506578678382652,0.2975095212459564,0
0.9400000000000001,1.0489660522917912,0.2660970091819763,0
0.96,1.0469816060171495,0.23380638659000397,0
0.98,1.0447457029533502,0.19516414403915405,0
1.0,1.0422284310501777,0.16989873349666595,0
1.02,1.0391967956979267,0.16704337298870087,0
1.04,1.035533990926739,0.19123373925685883,0
1.06,1.0311592326815218,0.22428278625011444,0
1.08,1.0261194156387716,0.273887038230896,0
1.1,1.0203919788331537,0.3187291622161865,0
1.12,1.0138893956518622,0.3509829640388489,0
1.1400000000000001,1.006529398677988,0.40274694561958313,0
1.16,0.9982330498796491,0.43621331453323364,0
1.18,0.9888957238601527,0.48359331488609314,0
1.2,0.9785209453917593,0.5169260501861572,0
1.22,0.9676743764602435,0.5565242767333984,0
1.24,0.9568052790510684,0.5955418348312378,0
1.26,0.9452926316961516,0.6346555352210999,0
1.28,0.9329595814980521,0.6667789816856384,0
1.3,0.9201313361884702,0.7112548351287842,0
1.32,0.907450384976136,0.6988858580589294,0
1.34,0.8948684605026067,0.6750472187995911,0
1.36,0.8821504662552297,0.670514702796936,0
1.3800000000000001,0.8690228226731899,0.6852388381958008,0
1.4000000000000001,0.8556376630398412,0.7074917554855347,0
1.42,0.8422557705994352,0.7208662033081055,0
1.44,0.8292875609271791,0.6814444065093994,0
1.46,0.8173304031359171,0.639397919178009,0
1.48,0.8061385097238141,0.6120271682739258,0
1.5,0.7953660147694035,0.5861146450042725,0
1.52,0.7849274664384353,0.5664300918579102,0
1.54,0.7745613342298671,0.5498711466789246,0
1.56,0.7641051950782152,0.5467668175697327,0
1.58,0.7535341263658156,0.5417255163192749,0
1.6,0.7428163607999563,0.5507283210754395,0
1.62,0.7319826435109478,0.5526010394096375,0
1.6400000000000001,0.7213803590926948,0.5607693791389465,0
1.6600000000000001,0.7109001485050161,0.558060348033905,0
1.68,0.7002382905101712,0.5535658597946167,0
1.7,0.6893881597056509,0.556143581867218,0
1.72,0.6785725856888272,0.5699896812438965,0
1.74,0.6676497327071117,0.5856364965438843,0
1.76,0.6563959284408365,0.6190353631973267,0
1.78,0.6446554206782552,0.6628448963165283,0
1.8,0.6326219687437192,0.6992462277412415,0
1.82,0.6203041195685448,0.725740373134613,0
1.84,0.6075987993512735,0.7454817295074463,0
1.86,0.5948094870316544,0.7306191325187683,0
1.8800000000000001,0.5819584710253098,0.7466293573379517,0
1.9000000000000001,0.5690705767335298,0.7502988576889038,0
1.92,0.5561783838757819,0.7546751499176025,0
1.94,0.543221740616613,0.7628093957901001,0
1.96,0.5301671795621214,0.7561231255531311,0
1.98,0.5169525069139866,0.7611278295516968,0
2.0,0.5036537951810897,0.7727394700050354,0
2.02,0.49061856277161736,0.7544617056846619,0
2.04,0.4782331791468995,0.7060905694961548,0
2.06,0.4667498190451642,0.6500279903411865,0
2.08,0.4561434832065541,0.591476321220398,0
2.1,0.44628147892125514,0.5396705865859985,0
2.12,0.43712389831528603,0.48763296008110046,0
2.14,0.42844283122724797,0.45024996995925903,0
2.16,0.4200004266277281,0.45181331038475037,0
2.18,0.4113712126196201,0.44582003355026245,0
2.2,0.4026369073481056,0.4490036964416504,0
2.22,0.39397963134517144,0.4528959095478058,0
2.24,0.38528952693414953,0.45628729462623596,0
2.2600000000000002,0.37622557035718,0.47313350439071655,0
2.2800000000000002,0.3666603116082093,0.4928358495235443,0
2.3000000000000003,0.35658292914948336,0.5363103747367859,0
2.32,0.34580335937065065,0.5835443139076233,0
2.34,0.33426193650317026,0.6322600245475769,0
2.36,0.3218841430678333,0.6680288314819336,0
2.38,0.308840099532734,0.7069456577301025,0
2.4,0.29525005187602593,0.7441626787185669,0
2.42,0.2811391663273111,0.7849425077438354,0
2.44,0.26687955054393436,0.8185557126998901,0
2.46,0.2524153515596791,0.8407803773880005,0
2.48,0.2384550034935585,0.7724656462669373,0
2.5,0.22539487894450214,0.7059449553489685,0
2.52,0.21322339373861626,0.6541478037834167,0
2.54,0.20181849131916957,0.6186900734901428,0
2.56,0.19076533141444746,0.6067522168159485,0
2.58,0.18020907800020575,0.5791882276535034,0
2.6,0.17000047290921078,0.5574045777320862,0
2.62,0.16016260953311384,0.5366724729537964,0
2.64,0.15088890209844188,0.5223672389984131,0
2.66,0.14207749390254087,0.5111187696456909,0
2.68,0.13363705320659122,0.4898171126842499,0
2.7,0.1257461309762635,0.46565961837768555,0
2.72,0.11849047702137695,0.44048458337783813,0
2.74,0.1121111197293036,0.39367786049842834,0
2.7600000000000002,0.10664692698510073,0.328570157289505,0
2.7800000000000002,0.10207136425301164,0.29067423939704895,0
2.8000000000000003,0.09846615885567271,0.2554970681667328,0
2.82,0.09595241202347875,0.21585214138031006,0
2.84,0.09451280346304528,0.18710041046142578,0
2.86,0.09419723254448761,0.1861356496810913,0
2.88,0.09499887417896603,0.20045512914657593,0
2.9,0.09674016576322701,0.21817447245121002,0
2.92,0.09920263125136845,0.24461053311824799,0
2.94,0.10243077867967706,0.26105621457099915,0
2.96,0.10609825059981697,0.29472824931144714,0
2.98,0.1096153527776499,0.27690574526786804,0
3.0,0.11279424966813914,0.24374833703041077,0
3.02,0.11581465766585623,0.22530245780944824,0
3.04,0.11867183546273821,0.19525961577892303,0
3.06,0.12118086000694239,0.17997997999191284,0
3.08,0.12330285727379929,0.16925765573978424,0
3.1,0.12512518663128952,0.14756739139556885,0
3.12,0.12677494762388739,0.11912041157484055,0
3.14,0.12819796703761624,0.1079423800110817,0
3.16,0.12923479139708624,0.09804701060056686,1
3.18,0.12991259806824057,0.07516558468341827,2
3.2,0.13013403722050707,0.07494866102933884,3
3.22,0.12997206883799126,0.09277033805847168,4
3.24,0.12955473107309332,0.0985080897808075,5
3.2600000000000002,0.12902689853862123,0.10503291338682175,0
3.2800000000000002,0.12860702199229354,0.11682713031768799,0
3.3000000000000003,0.12841217050532358,0.12483079731464386,0
3.3200000000000003,0.12857601959265647,0.1259787231683731,0
3.34,0.12908646846539912,0.12372289597988129,0
3.36,0.1298970276345557,0.10920901596546173,0
3.38,0.13093824518087865,0.12201126664876938,0
3.4,0.1320835862792699,0.11171270906925201,0
3.42,0.1332613960574739,0.09449790418148041,1
3.44,0.13442192881818021,0.08498942106962204,2
3.46,0.1355407701774222,0.07474014163017273,3
3.48,0.13654949883490192,0.07577022165060043,4
3.5,0.13753938537218127,0.06657129526138306,5
3.52,0.13855294300951154,0.06557715684175491,6
3.54,0.13957041605572848,0.07105732709169388,7
3.56,0.14061403021748892,0.08255359530448914,8
3.58,0.14176819788631137,0.10551903396844864,0
3.6,0.14306627267563557,0.11580625921487808,0
3.62,0.14438445134215264,0.128153458237648,0
3.64,0.1457307795601159,0.11379031836986542,0
3.66,0.14699394734817764,0.10833999514579773,0
3.68,0.14805879726715607,0.11886486411094666,0
3.7,0.1488900461906285,0.10844822973012924,0
3.72,0.14935394619822168,0.10062339901924133,0
3.74,0.1494398954464923,0.07915829867124557,1
3.7600000000000002,0.1492695698605281,0.05532846227288246,2
3.7800000000000002,0.14908514190286365,0.03692498803138733,3
3.8000000000000003,0.14895930616382697,0.024260640144348145,4
3.8200000000000003,0.14902496721153782,0.021689172834157944,5
3.84,0.14927043644686702,0.028823979198932648,6
3.86,0.14967426743549594,0.04133966565132141,7
3.88,0.1503375425830673,0.04889687895774841,8
3.9,0.15110592608773343,0.05646221712231636,9
3.92,0.15186945059342477,0.06756896525621414,10
3.94,0.1526397406093054,0.08069387078285217,11
3.96,0.1534000629836207,0.09588537365198135,12
3.98,0.15423583492888807,0.10403677821159363,0
4.0,0.15519621832270294,0.1040937528014183,0
4.0200000000000005,0.15626078868578772,0.0969223827123642,1
4.04,0.15738252370145853,0.08350477367639542,2
4.0600000000000005,0.15867326882360275,0.07029065489768982,3
4.08,0.15991022546828365,0.07746754586696625,4
4.1,0.16109131934617452,0.07767776399850845,5
4.12,0.1623713832079125,0.07082909345626831,6
4.14,0.16378701463540388,0.07811973243951797,7
4.16,0.16540292813652083,0.09032703936100006,8
4.18,0.16710750433501453,0.09602861851453781,9
4.2,0.16887576934089785,0.09489593654870987,10
4.22,0.17060943863765776,0.09679067134857178,11
4.24,0.1722359567774425,0.09474676102399826,12
4.26,0.173902094704216,0.08817165344953537,13
4.28,0.17542995768372072,0.09427762776613235,14
4.3,0.17675524260807648,0.08758844435214996,15
4.32,0.17750604202817194,0.0688188299536705,16
4.34,0.17830161277101075,0.04313376918435097,17
4.36,0.17922089362607993,0.044061314314603806,18
4.38,0.18027286998735356,0.06257738173007965,19
4.4,0.18139744107591277,0.06912628561258316,20
4.42,0.18254064398730718,0.0662667453289032,21
4.44,0.18357032885409905,0.06866293400526047,22
4.46,0.18457710483221787,0.06283549964427948,23
4.48,0.18561837191805924,0.05217153951525688,24
4.5,0.18661525353965128,0.048552677035331726,25
4.5200000000000005,0.1876307332588956,0.04711513966321945,26
4.54,0.188571476437205,0.05353522300720215,27
4.5600000000000005,0.18933075777352834,0.057242460548877716,28
4.58,0.1899701995988993,0.055857930332422256,29
4.6000000000000005,0.1903451515628982,0.05851049721240997,30
4.62,0.19041898747710376,0.05632958188652992,31
4.64,0.1903207510158501,0.06107471138238907,32
4.66,0.19009318316146073,0.06086895987391472,33
4.68,0.19000270961252713,0.05178804323077202,34
4.7,0.19007166256000768,0.04064352810382843,35
4.72,0.19001317859357136,0.03440780192613602,36
4.74,0.18964138143480996,0.046238116919994354,37
4.76,0.1890219051981478,0.055745407938957214,38
4.78,0.18845651511192077,0.05917920917272568,39
4.8,0.1877867635848977,0.05870428681373596,40
4.82,0.18693487568619935,0.07254278659820557,41
4.84,0.18586506696976474,0.09665144234895706,42
4.86,0.18469544725117054,0.11457506567239761,0
4.88,0.18357163447329136,0.13810662925243378,0
4.9,0.1823931642428398,0.14680524170398712,0
4.92,0.18117647389654515,0.16782137751579285,0
4.94,0.1800120421824427,0.18962404131889343,0
4.96,0.17925264576090535,0.17677463591098785,0
4.98,0.17900270665319376,0.17008860409259796,0
5.0,0.1793586104667197,0.15216323733329773,0
5.0200000000000005,0.18028856064680066,0.13360029458999634,0
5.04,0.18146598751925033,0.12433291971683502,0
5.0600000000000005,0.18274427528623458,0.10648013651371002,0
5.08,0.18391042442261546,0.10159515589475632,0
5.1000000000000005,0.18468135503819222,0.09539482742547989,1
5.12,0.18531678505469457,0.09338939934968948,2
5.14,0.18600247312847182,0.1084788367152214,0
5.16,0.1865192366203577,0.11416923999786377,0
5.18,0.1870445115214831,0.1248248741030693,0
5.2,0.18789737189930633,0.11953168362379074,0
5.22,0.18905030477497384,0.1208275854587555,0
5.24,0.19033167643712434,0.1383022964000702,0
5.26,0.1915625922698497,0.1410941481590271,0
5.28,0.19284507499173922,0.13905687630176544,0
5.3,0.19435098086818936,0.14501971006393433,0
5.32,0.1959811810684233,0.14561671018600464,0
5.34,0.19764960764988213,0.13987022638320923,0
5.36,0.20003911897844018,0.12627346813678741,0
5.38,0.2029470182459742,0.14191921055316925,0
5.4,0.2058230272913093,0.16045191884040833,0
5.42,0.20862144355297424,0.18548926711082458,0
5.44,0.21147155328363781,0.1966889351606369,0
5.46,0.21449176786757318,0.1765342354774475,0
5.48,0.21781740730774848,0.1651885062456131,0
5.5,0.22143306656137782,0.20026013255119324,0
5.5200000000000005,0.22539703906751588,0.22375287115573883,0
5.54,0.2296904635336991,0.25992557406425476,0
5.5600000000000005,0.2344085453614367,0.28655052185058594,0
5.58,0.23979141048133787,0.3152625262737274,0
5.6000000000000005,0.24590353754078784,0.35441461205482483,0
5.62,0.25258359848604706,0.38667652010917664,0
5.64,0.2595495890810469,0.4085865020751953,0
5.66,0.2665818718087983,0.4055611789226532,0
5.68,0.2735597009647601,0.3964320421218872,0
5.7,0.2803439271572082,0.37787744402885437,0
5.72,0.28657449456379586,0.34953099489212036,0
5.74,0.2920616032055247,0.31053921580314636,0
5.76,0.29709725195400705,0.3003681004047394,0
5.78,0.3019601720593163,0.31505241990089417,0
5.8,0.30691998334335263,0.3399430811405182,0
5.82,0.31213747455097,0.37134572863578796,0
5.84,0.3175737579704079,0.42031213641166687,0
5.86,0.32335270577412645,0.46734124422073364,0
5.88,0.3295036528902257,0.5116303563117981,0
5.9,0.3360546366739217,0.5268135070800781,0
5.92,0.34303678281546807,0.5284990668296814,0
5.94,0.35033791178138257,0.5495851635932922,0
5.96,0.35800082541249795,0.5644225478172302,0
5.98,0.36581079813310075,0.5384942889213562,0
6.0,0.3727964770727754,0.4923042953014374,0
6.0200000000000005,0.3792566423045508,0.4594784080982208,0
6.04,0.38585708228544374,0.44406378269195557,0
6.0600000000000005,0.3927631457243643,0.4306733310222626,0
6.08,0.399672957811374,0.40445494651794434,0
6.1000000000000005,0.4063540345397057,0.386323481798172,0
6.12,0.41272079101177145,0.3577011525630951,0
6.140000000000001,0.4188435131327912,0.34612324833869934,0
6.16,0.42469639010038407,0.33551135659217834,0
6.18,0.4303594293295832,0.3153817653656006,0
6.2,0.43585491270130533,0.2907062768936157,0
6.22,0.4408951980673489,0.25486549735069275,0
6.24,0.44518966578814856,0.20486725866794586,0
6.26,0.4488279527536072,0.1655951887369156,0
6.28,0.45207729223667126,0.15157215297222137,0
6.3,0.4552819556644785,0.15065638720989227,0
6.32,0.45856739047231904,0.1560327559709549,0
6.34,0.4619124236213365,0.15278828144073486,0
6.36,0.46514236438969514,0.15707527101039886,0
6.38,0.4686005003668006,0.18664249777793884,0
6.4,0.4725190319274954,0.20522315800189972,0
6.42,0.47659093996877433,0.22435225546360016,0
6.44,0.48051103034458287,0.22314000129699707,0
6.46,0.4842802039925345,0.23051537573337555,0
6.48,0.48796900648711916,0.2235746681690216,0
6.5,0.4913200927971821,0.20321112871170044,0
6.5200000000000005,0.4943895037027788,0.18983426690101624,0
6.54,0.4973126606174411,0.17011259496212006,0
6.5600000000000005,0.5002420658944338,0.15437161922454834,0
6.58,0.5032634822833884,0.1605416238307953,0
6.6000000000000005,0.5064781990551558,0.16532309353351593,0
6.62,0.5099077705941545,0.17987878620624542,0
6.640000000000001,0.5135199870946318,0.18918468058109283,0
6.66,0.5171440742377238,0.20056165754795074,0
6.68,0.5209226165652749,0.20652613043785095,0
6.7,0.5250200199331505,0.2144390195608139,0
6.72,0.5294914499954133,0.22631262242794037,0
6.74,0.5341088484453146,0.23389343917369843,0
6.76,0.5386330561723126,0.23893235623836517,0
6.78,0.543170998925061,0.2531299293041229,0
6.8,0.5478199161566395,0.2699113190174103,0
6.82,0.5527965634242625,0.28007012605667114,0
6.84,0.5578628829263944,0.27757152915000916,0
6.86,0.5629199211748431,0.2896497845649719,0
6.88,0.5683183070209226,0.252987802028656,0
6.9,0.5733485023389605,0.231842502951622,0
6.92,0.5777066302396493,0.22073395550251007,0
6.94,0.5818050013496213,0.2433307021856308,0
6.96,0.5860230521133006,0.27721840143203735,0
6.98,0.5907614836896478,0.34556278586387634,0
7.0,0.5966954704911085,0.41289517283439636,0
