episode_id,family_id,cell_role,motion_role,operator,behaviour_class,scene_id,obstacle_underside_m,route_reaches_obstacle,frames_inside_obstacle,outcome,rejection_reasons,min_clearance_mm,clearance_frame,closest_body,external_force_n,overhead_force_n,lateral_force_n,self_force_n,contact_body,contact_frame,drift_rate_mps,frames,trajectory_path,scene_path,video_room,video_side,video_ego,video_front,video_top,n_videos,commanded_amplitude_rad,executed_amplitude_rad,operator_survival,survival_drift_margin,source_family_id,variant_id,source_identity_status,constraint_axis,constraint_coordinate_m,binding_keypoint,binding_keypoint_margin_mm,edit_behaviour_class,binding_station_offset_mm
mf_005_c08/w_crouch08_easy,mf_005_c08,adapted_easy,adapted,local_crouch,crouch,mf_005_c08_easy,1.3551,1,31,accepted,,101.7,132,torso_link,0.0,0.0,0.0,81.0,,,0.0996,199,/data/robotixx/groot-wbc-kimodo-m0/matched/mf_005_c08/w_crouch08_easy/trajectories/000000.trajectory.pkl,/home/robotixx/GR00T-WholeBodyControl/gear_sonic/data/assets/scenes/g1_counterfactual/mf_005_c08_easy.usda,,,,,,,,,,,mf_005_c08,mf_005_c08,manifest,overhead,1.3551,head_torso,101.7,crouch,0.0
mf_005_c08/w_crouch08_hard,mf_005_c08,adapted_hard,adapted,local_crouch,crouch,mf_005_c08_hard,1.2574,1,31,accepted,,10.8,130,torso_link,0.0,0.0,0.0,81.0,,,0.0999,199,/data/robotixx/groot-wbc-kimodo-m0/matched/mf_005_c08/w_crouch08_hard/trajectories/000000.trajectory.pkl,/home/robotixx/GR00T-WholeBodyControl/gear_sonic/data/assets/scenes/g1_counterfactual/mf_005_c08_hard.usda,,,,,,,,,,,mf_005_c08,mf_005_c08,manifest,overhead,1.2574,head_torso,10.8,crouch,0.0
mf_005_c08/w_crouch08_z1215,mf_005_c08,probe,adapted,local_crouch,crouch,mf_005_c08_z1215,1.2154,1,34,rejected,disallowed_robot_contact;unstable_reference_drift,-0.0,135,torso_link,1017.4,1017.4,0.0,81.0,torso_link,104,0.1873,199,/data/robotixx/groot-wbc-kimodo-m0/matched/mf_005_c08/w_crouch08_z1215/trajectories/000000.trajectory.pkl,/home/robotixx/GR00T-WholeBodyControl/gear_sonic/data/assets/scenes/g1_counterfactual/mf_005_c08_z1215.usda,,,,,,,,,,,mf_005_c08,mf_005_c08,manifest,overhead,1.2154,head_torso,-0.0,crouch,0.0
mf_005_c08/w_crouch08_z1280_p0,mf_005_c08,probe,adapted,local_crouch,crouch,mf_005_c08_z1280,1.2801,1,31,accepted,,32.1,131,torso_link,0.0,0.0,0.0,81.0,,,0.0996,199,/data/robotixx/groot-wbc-kimodo-m0/matched/mf_005_c08/w_crouch08_z1280_p0/trajectories/000000.trajectory.pkl,/home/robotixx/GR00T-WholeBodyControl/gear_sonic/data/assets/scenes/g1_counterfactual/mf_005_c08_z1280.usda,,,,,,,,,,,mf_005_c08,mf_005_c08,manifest,overhead,1.2801,head_torso,32.1,crouch,0.0
mf_005_c08/w_crouch08_z1280_p1,mf_005_c08,probe,adapted,local_crouch,crouch,mf_005_c08_z1280,1.2801,1,31,accepted,,38.1,130,torso_link,0.0,0.0,0.0,134.1,,,0.1007,199,/data/robotixx/groot-wbc-kimodo-m0/matched/mf_005_c08/w_crouch08_z1280_p1/trajectories/000000.trajectory.pkl,/home/robotixx/GR00T-WholeBodyControl/gear_sonic/data/assets/scenes/g1_counterfactual/mf_005_c08_z1280.usda,,,,,,,,,,,mf_005_c08,mf_005_c08,manifest,overhead,1.2801,head_torso,38.1,crouch,0.0
mf_005_c08/w_crouch08_z1280_p2,mf_005_c08,probe,adapted,local_crouch,crouch,mf_005_c08_z1280,1.2801,1,31,accepted,,24.1,131,torso_link,0.0,0.0,0.0,163.1,,,0.1002,199,/data/robotixx/groot-wbc-kimodo-m0/matched/mf_005_c08/w_crouch08_z1280_p2/trajectories/000000.trajectory.pkl,/home/robotixx/GR00T-WholeBodyControl/gear_sonic/data/assets/scenes/g1_counterfactual/mf_005_c08_z1280.usda,,,,,,,,,,,mf_005_c08,mf_005_c08,manifest,overhead,1.2801,head_torso,24.1,crouch,0.0
mf_005_c08/w_nominal_easy,mf_005_c08,nominal_easy,nominal,,other,mf_005_c08_easy,1.3551,1,25,accepted,,56.2,102,torso_link,0.0,0.0,0.0,64.4,,,0.04,199,/data/robotixx/groot-wbc-kimodo-m0/matched/mf_005_c08/w_nominal_easy/trajectories/000000.trajectory.pkl,/home/robotixx/GR00T-WholeBodyControl/gear_sonic/data/assets/scenes/g1_counterfactual/mf_005_c08_easy.usda,,,,,,,,,,,mf_005_c08,mf_005_c08,manifest,overhead,1.3551,head_torso,56.2,unknown,0.0
mf_005_c08/w_nominal_hard,mf_005_c08,nominal_hard,nominal,,other,mf_005_c08_hard,1.2574,1,42,rejected,disallowed_robot_contact;unstable_reference_drift,-0.0,140,torso_link,3253.5,2758.2,1725.6,67.3,torso_link,90,0.3438,199,/data/robotixx/groot-wbc-kimodo-m0/matched/mf_005_c08/w_nominal_hard/trajectories/000000.trajectory.pkl,/home/robotixx/GR00T-WholeBodyControl/gear_sonic/data/assets/scenes/g1_counterfactual/mf_005_c08_hard.usda,,,,,,,,,,,mf_005_c08,mf_005_c08,manifest,overhead,1.2574,head_torso,-0.0,unknown,0.0
mf_005_c08/w_nominal_z1280,mf_005_c08,probe,nominal,,other,mf_005_c08_z1280,1.2801,1,37,rejected,disallowed_robot_contact,-0.0,130,torso_link,85.0,85.0,0.0,62.6,torso_link,130,0.1255,199,/data/robotixx/groot-wbc-kimodo-m0/matched/mf_005_c08/w_nominal_z1280/trajectories/000000.trajectory.pkl,/home/robotixx/GR00T-WholeBodyControl/gear_sonic/data/assets/scenes/g1_counterfactual/mf_005_c08_z1280.usda,,,,,,,,,,,mf_005_c08,mf_005_c08,manifest,overhead,1.2801,head_torso,-0.0,unknown,0.0
mf_005_c08/w_nominal_z1280_p1,mf_005_c08,probe,nominal,,other,mf_005_c08_z1280,1.2801,1,38,rejected,disallowed_robot_contact;unstable_reference_drift,-0.0,101,torso_link,106.2,106.2,0.0,57.8,torso_link,101,0.2402,199,/data/robotixx/groot-wbc-kimodo-m0/matched/mf_005_c08/w_nominal_z1280_p1/trajectories/000000.trajectory.pkl,/home/robotixx/GR00T-WholeBodyControl/gear_sonic/data/assets/scenes/g1_counterfactual/mf_005_c08_z1280.usda,,,,,,,,,,,mf_005_c08,mf_005_c08,manifest,overhead,1.2801,head_torso,-0.0,unknown,0.0
mf_005_c08/w_nominal_z1280_p2,mf_005_c08,probe,nominal,,other,mf_005_c08_z1280,1.2801,1,39,rejected,disallowed_robot_contact;unstable_reference_drift,-0.0,107,torso_link,113.3,113.3,0.0,57.8,torso_link,101,0.1537,199,/data/robotixx/groot-wbc-kimodo-m0/matched/mf_005_c08/w_nominal_z1280_p2/trajectories/000000.trajectory.pkl,/home/robotixx/GR00T-WholeBodyControl/gear_sonic/data/assets/scenes/g1_counterfactual/mf_005_c08_z1280.usda,,,,,,,,,,,mf_005_c08,mf_005_c08,manifest,overhead,1.2801,head_torso,-0.0,unknown,0.0
mf_005_c08/w_nominal_z1280_p3,mf_005_c08,probe,nominal,,other,mf_005_c08_z1280,1.2801,1,38,rejected,disallowed_robot_contact;unstable_reference_drift,-0.0,101,torso_link,121.2,121.2,0.0,152.2,torso_link,101,0.1863,199,/data/robotixx/groot-wbc-kimodo-m0/matched/mf_005_c08/w_nominal_z1280_p3/trajectories/000000.trajectory.pkl,/home/robotixx/GR00T-WholeBodyControl/gear_sonic/data/assets/scenes/g1_counterfactual/mf_005_c08_z1280.usda,,,,,,,,,,,mf_005_c08,mf_005_c08,manifest,overhead,1.2801,head_torso,-0.0,unknown,0.0
mf_005_c08/w_nominal_z1297,mf_005_c08,probe,nominal,,other,mf_005_c08_z1297,1.2971,1,26,accepted,,0.3,100,torso_link,0.0,0.0,0.0,68.2,,,0.0501,199,/data/robotixx/groot-wbc-kimodo-m0/matched/mf_005_c08/w_nominal_z1297/trajectories/000000.trajectory.pkl,/home/robotixx/GR00T-WholeBodyControl/gear_sonic/data/assets/scenes/g1_counterfactual/mf_005_c08_z1297.usda,,,,,,,,,,,mf_005_c08,mf_005_c08,manifest,overhead,1.2971,head_torso,0.3,unknown,0.0
mf_x002_c08/x002_crouch_easy,mf_x002_c08,adapted_easy,adapted,local_crouch,crouch,mf_x002_c08_easy,1.3478,1,62,accepted,,53.4,151,torso_link,0.0,0.0,0.0,79.1,,,0.015,199,/data/robotixx/groot-wbc-kimodo-m0/matched/mf_x002_c08/x002_crouch_easy/trajectories/000000.trajectory.pkl,/home/robotixx/GR00T-WholeBodyControl/gear_sonic/data/assets/scenes/g1_counterfactual/mf_x002_c08_easy.usda,,,,,,,,,,,mf_x002_c08,mf_x002_c08,manifest,overhead,1.3478,head_torso,53.4,crouch,2000.0
mf_x002_c08/x002_crouch_hard,mf_x002_c08,adapted_hard,adapted,local_crouch,crouch,mf_x002_c08_hard,1.2567,1,76,rejected,disallowed_robot_contact;unstable_reference_drift,-0.1,182,torso_link,407.6,407.6,22.3,79.1,torso_link,168,0.169,199,/data/robotixx/groot-wbc-kimodo-m0/matched/mf_x002_c08/x002_crouch_hard/trajectories/000000.trajectory.pkl,/home/robotixx/GR00T-WholeBodyControl/gear_sonic/data/assets/scenes/g1_counterfactual/mf_x002_c08_hard.usda,,,,,,,,,,,mf_x002_c08,mf_x002_c08,manifest,overhead,1.2567,head_torso,-0.1,crouch,2000.0
mf_x002_c08/x002_crouch_z1300,mf_x002_c08,probe,adapted,local_crouch,crouch,,,,,accepted,,,,,0.0,0.0,0.0,79.1,,,0.015,199,/data/robotixx/groot-wbc-kimodo-m0/matched/mf_x002_c08/x002_crouch_z1300/trajectories/000000.trajectory.pkl,,,,,,,,,,,,mf_x002_c08,mf_x002_c08,manifest,overhead,1.2567075519931916,,,crouch,
mf_x002_c08/x002_nominal_easy,mf_x002_c08,nominal_easy,nominal,,other,mf_x002_c08_easy,1.3478,1,42,accepted,,54.1,119,torso_link,0.0,0.0,0.0,79.1,,,-0.0087,199,/data/robotixx/groot-wbc-kimodo-m0/matched/mf_x002_c08/x002_nominal_easy/trajectories/000000.trajectory.pkl,/home/robotixx/GR00T-WholeBodyControl/gear_sonic/data/assets/scenes/g1_counterfactual/mf_x002_c08_easy.usda,,,,,,,,,,,mf_x002_c08,mf_x002_c08,manifest,overhead,1.3478,head_torso,54.1,unknown,2000.0
mf_x002_c08/x002_nominal_hard,mf_x002_c08,nominal_hard,nominal,,other,mf_x002_c08_hard,1.2567,1,30,rejected,disallowed_robot_contact,-0.4,100,torso_link,271.0,266.2,50.8,79.1,torso_link,96,0.0,109,/data/robotixx/groot-wbc-kimodo-m0/matched/mf_x002_c08/x002_nominal_hard/trajectories/000000.trajectory.pkl,/home/robotixx/GR00T-WholeBodyControl/gear_sonic/data/assets/scenes/g1_counterfactual/mf_x002_c08_hard.usda,,,,,,,,,,,mf_x002_c08,mf_x002_c08,manifest,overhead,1.2567,head_torso,-0.4,unknown,2000.0
mf_x002_c08/x002_nominal_z1300,mf_x002_c08,probe,nominal,,other,,,,,accepted,,,,,0.0,0.0,0.0,79.1,,,-0.0087,199,/data/robotixx/groot-wbc-kimodo-m0/matched/mf_x002_c08/x002_nominal_z1300/trajectories/000000.trajectory.pkl,,,,,,,,,,,,mf_x002_c08,mf_x002_c08,manifest,overhead,1.2567075519931916,,,unknown,
mf_x003_c08/x003_crouch_easy,mf_x003_c08,adapted_easy,adapted,local_crouch,crouch,mf_x003_c08_easy,1.3532,1,45,accepted,,106.7,75,torso_link,0.0,0.0,0.0,13.9,,,-0.025,199,/data/robotixx/groot-wbc-kimodo-m0/matched/mf_x003_c08/x003_crouch_easy/trajectories/000000.trajectory.pkl,/home/robotixx/GR00T-WholeBodyControl/gear_sonic/data/assets/scenes/g1_counterfactual/mf_x003_c08_easy.usda,,,,,,,,,,,mf_x003_c08,mf_x003_c08,manifest,overhead,1.3532,head_torso,106.7,crouch,2000.0
mf_x003_c08/x003_crouch_hard,mf_x003_c08,adapted_hard,adapted,local_crouch,crouch,mf_x003_c08_hard,1.2601,1,45,accepted,,17.5,76,torso_link,0.0,0.0,0.0,13.9,,,-0.025,199,/data/robotixx/groot-wbc-kimodo-m0/matched/mf_x003_c08/x003_crouch_hard/trajectories/000000.trajectory.pkl,/home/robotixx/GR00T-WholeBodyControl/gear_sonic/data/assets/scenes/g1_counterfactual/mf_x003_c08_hard.usda,,,,,,,,,,,mf_x003_c08,mf_x003_c08,manifest,overhead,1.2601,head_torso,17.5,crouch,2000.0
mf_x003_c08/x003_crouch_z1228,mf_x003_c08,probe,adapted,local_crouch,crouch,mf_x003_c08_z1228,1.2278,0,0,accepted,,801.4,186,left_shoulder_yaw_link,0.0,0.0,0.0,13.9,,,-0.025,199,/data/robotixx/groot-wbc-kimodo-m0/matched/mf_x003_c08/x003_crouch_z1228/trajectories/000000.trajectory.pkl,/home/robotixx/GR00T-WholeBodyControl/gear_sonic/data/assets/scenes/g1_counterfactual/mf_x003_c08_z1228.usda,,,,,,,,,,,mf_x003_c08,mf_x003_c08,manifest,overhead,1.2278,shoulder_left,801.4,crouch,0.0
mf_x003_c08/x003_nominal_easy,mf_x003_c08,nominal_easy,nominal,,other,mf_x003_c08_easy,1.3532,1,36,accepted,,56.9,118,torso_link,0.0,0.0,0.0,6.3,,,-0.0178,199,/data/robotixx/groot-wbc-kimodo-m0/matched/mf_x003_c08/x003_nominal_easy/trajectories/000000.trajectory.pkl,/home/robotixx/GR00T-WholeBodyControl/gear_sonic/data/assets/scenes/g1_counterfactual/mf_x003_c08_easy.usda,,,,,,,,,,,mf_x003_c08,mf_x003_c08,manifest,overhead,1.3532,head_torso,56.9,unknown,2000.0
mf_x003_c08/x003_nominal_hard,mf_x003_c08,nominal_hard,nominal,,other,mf_x003_c08_hard,1.2601,1,121,rejected,disallowed_robot_contact;unstable_reference_drift,-0.8,74,torso_link,459.4,459.4,124.3,26.3,torso_link,177,0.3499,199,/data/robotixx/groot-wbc-kimodo-m0/matched/mf_x003_c08/x003_nominal_hard/trajectories/000000.trajectory.pkl,/home/robotixx/GR00T-WholeBodyControl/gear_sonic/data/assets/scenes/g1_counterfactual/mf_x003_c08_hard.usda,,,,,,,,,,,mf_x003_c08,mf_x003_c08,manifest,overhead,1.2601,head_torso,-0.8,unknown,2000.0
mf_x003_c08/x003_nominal_z1228,mf_x003_c08,probe,nominal,,other,mf_x003_c08_z1228,1.2278,0,0,accepted,,765.5,185,left_shoulder_yaw_link,0.0,0.0,0.0,6.3,,,-0.0178,199,/data/robotixx/groot-wbc-kimodo-m0/matched/mf_x003_c08/x003_nominal_z1228/trajectories/000000.trajectory.pkl,/home/robotixx/GR00T-WholeBodyControl/gear_sonic/data/assets/scenes/g1_counterfactual/mf_x003_c08_z1228.usda,,,,,,,,,,,mf_x003_c08,mf_x003_c08,manifest,overhead,1.2278,shoulder_left,765.5,unknown,0.0
mf_x003_c08/x003_nominal_z1239,mf_x003_c08,probe,nominal,,other,mf_x003_c08_z1239,1.2386,0,0,accepted,,769.8,185,left_shoulder_yaw_link,0.0,0.0,0.0,6.3,,,-0.0178,199,/data/robotixx/groot-wbc-kimodo-m0/matched/mf_x003_c08/x003_nominal_z1239/trajectories/000000.trajectory.pkl,/home/robotixx/GR00T-WholeBodyControl/gear_sonic/data/assets/scenes/g1_counterfactual/mf_x003_c08_z1239.usda,,,,,,,,,,,mf_x003_c08,mf_x003_c08,manifest,overhead,1.2386,shoulder_left,769.8,unknown,0.0
duck_000/probe_adapted,duck_000,probe,adapted,local_crouch,other,plane,,,,unevaluable,,,,,0.0,0.0,0.0,0.0,,,0.0,199,/data/robotixx/groot-wbc-kimodo-m0/counterfactual/duck_000/probe_adapted/trajectories/000000.trajectory.pkl,,,,,,,,0.1612,0.1591,0.987,inf,unknown,duck_000,unknown,unknown,,,,crouch,
duck_000/probe_nominal,duck_000,probe,nominal,local_crouch,other,plane,,,,unevaluable,,,,,0.0,0.0,0.0,0.0,,,0.0,199,/data/robotixx/groot-wbc-kimodo-m0/counterfactual/duck_000/probe_nominal/trajectories/000000.trajectory.pkl,,,,,,,,,,,,unknown,duck_000,unknown,unknown,,,,crouch,
duck_001/adapted_easy,duck_001,adapted_easy,adapted,local_crouch,other,cf_005_056_easy,1.3906,1,32,rejected,disallowed_robot_contact;disallowed_foot_non_ground_contact,193.4,107,torso_link,710.9,0.0,710.9,237.4,right_elbow_link,187,0.0754,190,/data/robotixx/groot-wbc-kimodo-m0/counterfactual/duck_001/adapted_easy/trajectories/000000.trajectory.pkl,/home/robotixx/GR00T-WholeBodyControl/gear_sonic/data/assets/scenes/g1_counterfactual/cf_005_056_easy.usda,,,,,,,0.2508,0.2008,0.801,inf,cf_005_056,duck_001,manifest,overhead,1.3906,head_torso,193.4,crouch,
duck_001/adapted_hard,duck_001,adapted_hard,adapted,local_crouch,other,cf_005_056_hard,1.2125,1,32,rejected,disallowed_robot_contact;disallowed_foot_non_ground_contact,55.6,102,torso_link,710.9,0.0,710.9,237.4,right_elbow_link,187,0.0754,190,/data/robotixx/groot-wbc-kimodo-m0/counterfactual/duck_001/adapted_hard/trajectories/000000.trajectory.pkl,/home/robotixx/GR00T-WholeBodyControl/gear_sonic/data/assets/scenes/g1_counterfactual/cf_005_056_hard.usda,,,,,,,0.2508,0.2023,0.806,inf,cf_005_056,duck_001,manifest,overhead,1.2125,head_torso,55.6,crouch,
duck_001/nominal_easy,duck_001,nominal_easy,nominal,local_crouch,other,cf_005_056_easy,1.3906,1,24,accepted,,89.7,130,torso_link,0.0,0.0,0.0,85.1,,,0.0468,199,/data/robotixx/groot-wbc-kimodo-m0/counterfactual/duck_001/nominal_easy/trajectories/000000.trajectory.pkl,/home/robotixx/GR00T-WholeBodyControl/gear_sonic/data/assets/scenes/g1_counterfactual/cf_005_056_easy.usda,,,,,,,,,,,cf_005_056,duck_001,manifest,overhead,1.3906,head_torso,89.7,crouch,
duck_001/nominal_hard,duck_001,nominal_hard,nominal,local_crouch,other,cf_005_056_hard,1.2125,1,28,rejected,disallowed_robot_contact;unstable_reference_drift,-68.0,151,torso_link,409.3,409.3,3.0,57.7,torso_link,106,0.1674,199,/data/robotixx/groot-wbc-kimodo-m0/counterfactual/duck_001/nominal_hard/trajectories/000000.trajectory.pkl,/home/robotixx/GR00T-WholeBodyControl/gear_sonic/data/assets/scenes/g1_counterfactual/cf_005_056_hard.usda,,,,,,,,,,,cf_005_056,duck_001,manifest,overhead,1.2125,head_torso,-68.0,crouch,
duck_001/probe_adapted,duck_001,probe,adapted,local_crouch,other,plane,,,,unevaluable,,,,,0.0,0.0,0.0,0.0,,,0.0,199,/data/robotixx/groot-wbc-kimodo-m0/counterfactual/duck_001/probe_adapted/trajectories/000000.trajectory.pkl,,,,,,,,0.2484,0.1995,0.803,inf,cf_005_056,duck_001,manifest,overhead,1.2718749999999996,,,crouch,
duck_001/probe_nominal,duck_001,probe,nominal,local_crouch,other,plane,,,,unevaluable,,,,,0.0,0.0,0.0,0.0,,,0.0,199,/data/robotixx/groot-wbc-kimodo-m0/counterfactual/duck_001/probe_nominal/trajectories/000000.trajectory.pkl,,,,,,,,,,,,cf_005_056,duck_001,manifest,overhead,1.2718749999999996,,,crouch,
duck_002/adapted_easy,duck_002,adapted_easy,adapted,local_crouch,other,cf_005_056_easy,1.3906,1,32,accepted,,193.4,107,torso_link,0.0,0.0,0.0,237.4,,,0.0788,199,/data/robotixx/groot-wbc-kimodo-m0/counterfactual/duck_002/adapted_easy/trajectories/000000.trajectory.pkl,/home/robotixx/GR00T-WholeBodyControl/gear_sonic/data/assets/scenes/g1_counterfactual/cf_005_056_easy.usda,,,,,,,0.2484,0.1991,0.801,inf,cf_005_056,duck_002,manifest,overhead,1.3906,head_torso,193.4,crouch,
duck_002/adapted_hard,duck_002,adapted_hard,adapted,local_crouch,other,cf_005_056_hard,1.2125,1,32,accepted,,55.6,102,torso_link,0.0,0.0,0.0,237.4,,,0.0788,199,/data/robotixx/groot-wbc-kimodo-m0/counterfactual/duck_002/adapted_hard/trajectories/000000.trajectory.pkl,/home/robotixx/GR00T-WholeBodyControl/gear_sonic/data/assets/scenes/g1_counterfactual/cf_005_056_hard.usda,,,,,,,0.2484,0.2005,0.807,inf,cf_005_056,duck_002,manifest,overhead,1.2125,head_torso,55.6,crouch,
duck_002/nominal_easy,duck_002,nominal_easy,nominal,local_crouch,other,cf_005_056_easy,1.3906,1,24,accepted,,89.7,130,torso_link,0.0,0.0,0.0,85.1,,,0.0468,199,/data/robotixx/groot-wbc-kimodo-m0/counterfactual/duck_002/nominal_easy/trajectories/000000.trajectory.pkl,/home/robotixx/GR00T-WholeBodyControl/gear_sonic/data/assets/scenes/g1_counterfactual/cf_005_056_easy.usda,,,,,,,,,,,cf_005_056,duck_002,manifest,overhead,1.3906,head_torso,89.7,crouch,
duck_002/nominal_hard,duck_002,nominal_hard,nominal,local_crouch,other,cf_005_056_hard,1.2125,1,28,rejected,disallowed_robot_contact;unstable_reference_drift,-68.0,151,torso_link,409.3,409.3,3.0,57.7,torso_link,106,0.1674,199,/data/robotixx/groot-wbc-kimodo-m0/counterfactual/duck_002/nominal_hard/trajectories/000000.trajectory.pkl,/home/robotixx/GR00T-WholeBodyControl/gear_sonic/data/assets/scenes/g1_counterfactual/cf_005_056_hard.usda,,,,,,,,,,,cf_005_056,duck_002,manifest,overhead,1.2125,head_torso,-68.0,crouch,
duck_002/probe_adapted,duck_002,probe,adapted,local_crouch,other,plane,,,,unevaluable,,,,,0.0,0.0,0.0,0.0,,,0.0,199,/data/robotixx/groot-wbc-kimodo-m0/counterfactual/duck_002/probe_adapted/trajectories/000000.trajectory.pkl,,,,,,,,0.2484,0.1995,0.803,inf,cf_005_056,duck_002,manifest,overhead,1.2718749999999996,,,crouch,
duck_002/probe_nominal,duck_002,probe,nominal,local_crouch,other,plane,,,,unevaluable,,,,,0.0,0.0,0.0,0.0,,,0.0,199,/data/robotixx/groot-wbc-kimodo-m0/counterfactual/duck_002/probe_nominal/trajectories/000000.trajectory.pkl,,,,,,,,,,,,cf_005_056,duck_002,manifest,overhead,1.2718749999999996,,,crouch,
duck_003/adapted_easy,duck_003,adapted_easy,adapted,local_crouch,other,cf_005_056_easy,1.3906,1,32,accepted,,193.4,107,torso_link,0.0,0.0,0.0,237.4,,,0.0788,199,/data/robotixx/groot-wbc-kimodo-m0/counterfactual/duck_003/adapted_easy/trajectories/000000.trajectory.pkl,/home/robotixx/GR00T-WholeBodyControl/gear_sonic/data/assets/scenes/g1_counterfactual/cf_005_056_easy.usda,,,,,,,0.2484,0.1991,0.801,inf,cf_005_056,duck_003,manifest,overhead,1.3906,head_torso,193.4,crouch,
duck_003/adapted_hard,duck_003,adapted_hard,adapted,local_crouch,other,cf_005_056_hard,1.2125,1,32,accepted,,55.6,102,torso_link,0.0,0.0,0.0,237.4,,,0.0788,199,/data/robotixx/groot-wbc-kimodo-m0/counterfactual/duck_003/adapted_hard/trajectories/000000.trajectory.pkl,/home/robotixx/GR00T-WholeBodyControl/gear_sonic/data/assets/scenes/g1_counterfactual/cf_005_056_hard.usda,,,,,,,0.2484,0.209,0.841,inf,cf_005_056,duck_003,manifest,overhead,1.2125,head_torso,55.6,crouch,
duck_003/nominal_easy,duck_003,nominal_easy,nominal,local_crouch,other,cf_005_056_easy,1.3906,1,24,accepted,,89.7,130,torso_link,0.0,0.0,0.0,85.1,,,0.0468,199,/data/robotixx/groot-wbc-kimodo-m0/counterfactual/duck_003/nominal_easy/trajectories/000000.trajectory.pkl,/home/robotixx/GR00T-WholeBodyControl/gear_sonic/data/assets/scenes/g1_counterfactual/cf_005_056_easy.usda,,,,,,,,,,,cf_005_056,duck_003,manifest,overhead,1.3906,head_torso,89.7,crouch,
duck_003/nominal_hard,duck_003,nominal_hard,nominal,local_crouch,other,cf_005_056_hard,1.2125,1,84,rejected,disallowed_robot_contact;unstable_reference_drift,-0.0,180,torso_link,470.5,470.5,137.2,57.7,torso_link,155,0.5581,199,/data/robotixx/groot-wbc-kimodo-m0/counterfactual/duck_003/nominal_hard/trajectories/000000.trajectory.pkl,/home/robotixx/GR00T-WholeBodyControl/gear_sonic/data/assets/scenes/g1_counterfactual/cf_005_056_hard.usda,,,,,,,,,,,cf_005_056,duck_003,manifest,overhead,1.2125,head_torso,-0.0,crouch,
duck_003/probe_adapted,duck_003,probe,adapted,local_crouch,other,plane,,,,unevaluable,,,,,0.0,0.0,0.0,0.0,,,0.0,199,/data/robotixx/groot-wbc-kimodo-m0/counterfactual/duck_003/probe_adapted/trajectories/000000.trajectory.pkl,,,,,,,,0.2484,0.1995,0.803,inf,cf_005_056,duck_003,manifest,overhead,1.2125,,,crouch,
duck_003/probe_nominal,duck_003,probe,nominal,local_crouch,other,plane,,,,unevaluable,,,,,0.0,0.0,0.0,0.0,,,0.0,199,/data/robotixx/groot-wbc-kimodo-m0/counterfactual/duck_003/probe_nominal/trajectories/000000.trajectory.pkl,,,,,,,,,,,,cf_005_056,duck_003,manifest,overhead,1.2125,,,crouch,
n_013_ceiling_overhead_left/adapted_easy,n_013_ceiling_overhead_left,adapted_easy,adapted,local_crouch,other,,,,,rejected,unstable_reference_drift,,,,0.0,0.0,0.0,49.1,,,0.1887,199,/data/robotixx/groot-wbc-kimodo-m0/wsA/families/n_013_ceiling_overhead_left/adapted_easy/trajectories/000000.trajectory.pkl,,,,,,,,0.6137,0.3825,0.623,10.1,unknown,n_013_ceiling_overhead_left,unknown,unknown,,,,crouch,
n_013_ceiling_overhead_left/adapted_hard,n_013_ceiling_overhead_left,adapted_hard,adapted,local_crouch,other,,,,,rejected,unstable_reference_drift,,,,0.0,0.0,0.0,49.1,,,0.1887,199,/data/robotixx/groot-wbc-kimodo-m0/wsA/families/n_013_ceiling_overhead_left/adapted_hard/trajectories/000000.trajectory.pkl,,,,,,,,0.6137,0.3502,0.571,6.1,unknown,n_013_ceiling_overhead_left,unknown,unknown,,,,crouch,
n_013_ceiling_overhead_left/nominal_easy,n_013_ceiling_overhead_left,nominal_easy,nominal,local_crouch,other,,,,,accepted,,,,,0.0,0.0,0.0,45.2,,,0.0493,199,/data/robotixx/groot-wbc-kimodo-m0/wsA/families/n_013_ceiling_overhead_left/nominal_easy/trajectories/000000.trajectory.pkl,,,,,,,,,,,,unknown,n_013_ceiling_overhead_left,unknown,unknown,,,,crouch,
n_013_ceiling_overhead_left/nominal_hard,n_013_ceiling_overhead_left,nominal_hard,nominal,local_crouch,other,,,,,rejected,disallowed_robot_contact;unstable_reference_drift,,,,1543.6,1543.6,153.9,45.2,torso_link,143,0.6398,199,/data/robotixx/groot-wbc-kimodo-m0/wsA/families/n_013_ceiling_overhead_left/nominal_hard/trajectories/000000.trajectory.pkl,,,,,,,,,,,,unknown,n_013_ceiling_overhead_left,unknown,unknown,,,,crouch,
n_013_wall_chest_left/adapted_easy,n_013_wall_chest_left,adapted_easy,adapted,local_arm_tuck,other,,,,,accepted,,,,,0.0,0.0,0.0,45.3,,,0.0465,199,/data/robotixx/groot-wbc-kimodo-m0/wsA/families/n_013_wall_chest_left/adapted_easy/trajectories/000000.trajectory.pkl,,,,,,,,0.0635,0.0407,0.641,3.9,unknown,n_013_wall_chest_left,unknown,unknown,,,,arms,
n_013_wall_chest_left/adapted_hard,n_013_wall_chest_left,adapted_hard,adapted,local_arm_tuck,other,,,,,rejected,disallowed_robot_contact,,,,91.4,30.1,86.6,45.3,left_shoulder_yaw_link,92,0.0605,199,/data/robotixx/groot-wbc-kimodo-m0/wsA/families/n_013_wall_chest_left/adapted_hard/trajectories/000000.trajectory.pkl,,,,,,,,0.0635,0.0441,0.694,3.4,unknown,n_013_wall_chest_left,unknown,unknown,,,,arms,
n_013_wall_chest_left/nominal_easy,n_013_wall_chest_left,nominal_easy,nominal,local_arm_tuck,other,,,,,accepted,,,,,0.0,0.0,0.0,45.2,,,0.0493,199,/data/robotixx/groot-wbc-kimodo-m0/wsA/families/n_013_wall_chest_left/nominal_easy/trajectories/000000.trajectory.pkl,,,,,,,,,,,,unknown,n_013_wall_chest_left,unknown,unknown,,,,arms,
n_013_wall_chest_left/nominal_hard,n_013_wall_chest_left,nominal_hard,nominal,local_arm_tuck,other,,,,,rejected,disallowed_robot_contact,,,,110.3,43.8,110.2,45.2,left_shoulder_yaw_link,97,0.0755,199,/data/robotixx/groot-wbc-kimodo-m0/wsA/families/n_013_wall_chest_left/nominal_hard/trajectories/000000.trajectory.pkl,,,,,,,,,,,,unknown,n_013_wall_chest_left,unknown,unknown,,,,arms,
n_013_wall_waist_left/adapted_easy,n_013_wall_waist_left,adapted_easy,adapted,local_arm_tuck,other,,,,,accepted,,,,,0.0,0.0,0.0,45.3,,,0.0465,199,/data/robotixx/groot-wbc-kimodo-m0/wsA/families/n_013_wall_waist_left/adapted_easy/trajectories/000000.trajectory.pkl,,,,,,,,0.0635,0.0407,0.641,3.9,unknown,n_013_wall_waist_left,unknown,unknown,,,,arms,
n_013_wall_waist_left/adapted_hard,n_013_wall_waist_left,adapted_hard,adapted,local_arm_tuck,other,,,,,rejected,disallowed_robot_contact,,,,619.6,28.8,618.9,45.3,left_wrist_yaw_link,87,0.0434,199,/data/robotixx/groot-wbc-kimodo-m0/wsA/families/n_013_wall_waist_left/adapted_hard/trajectories/000000.trajectory.pkl,,,,,,,,0.0635,0.0495,0.779,2.8,unknown,n_013_wall_waist_left,unknown,unknown,,,,arms,
n_013_wall_waist_left/nominal_easy,n_013_wall_waist_left,nominal_easy,nominal,local_arm_tuck,other,,,,,accepted,,,,,0.0,0.0,0.0,45.2,,,0.0493,199,/data/robotixx/groot-wbc-kimodo-m0/wsA/families/n_013_wall_waist_left/nominal_easy/trajectories/000000.trajectory.pkl,,,,,,,,,,,,unknown,n_013_wall_waist_left,unknown,unknown,,,,arms,
n_013_wall_waist_left/nominal_hard,n_013_wall_waist_left,nominal_hard,nominal,local_arm_tuck,other,,,,,rejected,disallowed_robot_contact,,,,608.3,8.6,608.3,45.2,left_wrist_yaw_link,83,0.0494,199,/data/robotixx/groot-wbc-kimodo-m0/wsA/families/n_013_wall_waist_left/nominal_hard/trajectories/000000.trajectory.pkl,,,,,,,,,,,,unknown,n_013_wall_waist_left,unknown,unknown,,,,arms,
n_013_wall_waist_right/adapted_easy,n_013_wall_waist_right,adapted_easy,adapted,local_arm_tuck,other,,,,,accepted,,,,,0.0,0.0,0.0,50.6,,,0.0422,199,/data/robotixx/groot-wbc-kimodo-m0/wsA/families/n_013_wall_waist_right/adapted_easy/trajectories/000000.trajectory.pkl,,,,,,,,0.0694,0.0445,0.641,5.4,unknown,n_013_wall_waist_right,unknown,unknown,,,,arms,
n_013_wall_waist_right/adapted_hard,n_013_wall_waist_right,adapted_hard,adapted,local_arm_tuck,other,,,,,rejected,disallowed_robot_contact,,,,18.8,0.0,18.8,50.6,right_wrist_yaw_link,110,0.0377,199,/data/robotixx/groot-wbc-kimodo-m0/wsA/families/n_013_wall_waist_right/adapted_hard/trajectories/000000.trajectory.pkl,,,,,,,,0.0694,0.0476,0.686,3.0,unknown,n_013_wall_waist_right,unknown,unknown,,,,arms,
n_013_wall_waist_right/nominal_easy,n_013_wall_waist_right,nominal_easy,nominal,local_arm_tuck,other,,,,,accepted,,,,,0.0,0.0,0.0,45.2,,,0.0493,199,/data/robotixx/groot-wbc-kimodo-m0/wsA/families/n_013_wall_waist_right/nominal_easy/trajectories/000000.trajectory.pkl,,,,,,,,,,,,unknown,n_013_wall_waist_right,unknown,unknown,,,,arms,
n_013_wall_waist_right/nominal_hard,n_013_wall_waist_right,nominal_hard,nominal,local_arm_tuck,other,,,,,rejected,disallowed_robot_contact,,,,31.2,3.1,31.2,45.2,right_wrist_yaw_link,112,0.038,199,/data/robotixx/groot-wbc-kimodo-m0/wsA/families/n_013_wall_waist_right/nominal_hard/trajectories/000000.trajectory.pkl,,,,,,,,,,,,unknown,n_013_wall_waist_right,unknown,unknown,,,,arms,
n_064_ceiling_overhead_left/adapted_easy,n_064_ceiling_overhead_left,adapted_easy,adapted,local_crouch,other,,,,,rejected,disallowed_robot_contact;disallowed_foot_non_ground_contact;unstable_reference_drift,,,,95.9,0.0,95.9,139.1,right_shoulder_yaw_link,128,0.5456,131,/data/robotixx/groot-wbc-kimodo-m0/wsA/families/n_064_ceiling_overhead_left/adapted_easy/trajectories/000000.trajectory.pkl,,,,,,,,0.4795,0.3107,0.648,7.5,unknown,n_064_ceiling_overhead_left,unknown,unknown,,,,crouch,
n_064_ceiling_overhead_left/adapted_hard,n_064_ceiling_overhead_left,adapted_hard,adapted,local_crouch,other,,,,,rejected,disallowed_robot_contact;disallowed_foot_non_ground_contact;unstable_reference_drift,,,,96.5,0.0,96.5,139.1,right_shoulder_yaw_link,128,0.5462,131,/data/robotixx/groot-wbc-kimodo-m0/wsA/families/n_064_ceiling_overhead_left/adapted_hard/trajectories/000000.trajectory.pkl,,,,,,,,0.482,0.3185,0.661,5.0,unknown,n_064_ceiling_overhead_left,unknown,unknown,,,,crouch,
n_064_ceiling_overhead_left/nominal_easy,n_064_ceiling_overhead_left,nominal_easy,nominal,local_crouch,other,,,,,rejected,disallowed_robot_contact;disallowed_foot_non_ground_contact,,,,183.5,0.0,183.5,20.8,right_shoulder_yaw_link,119,0.0,122,/data/robotixx/groot-wbc-kimodo-m0/wsA/families/n_064_ceiling_overhead_left/nominal_easy/trajectories/000000.trajectory.pkl,,,,,,,,,,,,unknown,n_064_ceiling_overhead_left,unknown,unknown,,,,crouch,
n_064_ceiling_overhead_left/nominal_hard,n_064_ceiling_overhead_left,nominal_hard,nominal,local_crouch,other,,,,,rejected,disallowed_robot_contact;disallowed_foot_non_ground_contact;unstable_reference_drift,,,,113.6,43.1,105.1,9.7,torso_link,115,0.4023,126,/data/robotixx/groot-wbc-kimodo-m0/wsA/families/n_064_ceiling_overhead_left/nominal_hard/trajectories/000000.trajectory.pkl,,,,,,,,,,,,unknown,n_064_ceiling_overhead_left,unknown,unknown,,,,crouch,
n_064_wall_chest_left/adapted_easy,n_064_wall_chest_left,adapted_easy,adapted,local_arm_tuck,other,,,,,rejected,disallowed_robot_contact;disallowed_foot_non_ground_contact,,,,44.2,0.0,44.2,113.7,pelvis,111,0.0,122,/data/robotixx/groot-wbc-kimodo-m0/wsA/families/n_064_wall_chest_left/adapted_easy/trajectories/000000.trajectory.pkl,,,,,,,,0.0536,0.0552,1.029,3.0,unknown,n_064_wall_chest_left,unknown,unknown,,,,arms,
n_064_wall_chest_left/nominal_easy,n_064_wall_chest_left,nominal_easy,nominal,local_arm_tuck,other,,,,,rejected,disallowed_robot_contact;disallowed_foot_non_ground_contact,,,,183.5,0.0,183.5,20.8,right_shoulder_yaw_link,119,0.0,122,/data/robotixx/groot-wbc-kimodo-m0/wsA/families/n_064_wall_chest_left/nominal_easy/trajectories/000000.trajectory.pkl,,,,,,,,,,,,unknown,n_064_wall_chest_left,unknown,unknown,,,,arms,
cs_duck_003__door_lintel__s00000017/nominal_easy,cs_duck_003__door_lintel__s00000017,nominal_easy,nominal,local_crouch,crouch,cs_duck_003__door_lintel__s00000017__easy,1.390625,1,24,accepted,,88.871,130,torso_link,0.0,0.0,0.0,83.0,,,0.0195,199,/data/robotixx/groot-wbc-kimodo-m0/hallucination/e2_variant_transfer/door_lintel/nominal_easy/trajectories/000000.trajectory.pkl,/home/robotixx/GR00T-WholeBodyControl/gear_sonic/data/assets/scenes/hallucinated_variants_v1_e1/cs_duck_003__door_lintel__s00000017__easy.usda,,,/data/robotixx/groot-wbc-kimodo-m0/hallucination/e2_variant_transfer/door_lintel/nominal_easy/renders/000000.mp4,,,1,,,,,cf_005_056,cs_duck_003__door_lintel__s00000017,manifest,overhead,1.390625,head_torso,88.871,crouch,0.0
cs_duck_003__door_lintel__s00000017/nominal_hard,cs_duck_003__door_lintel__s00000017,nominal_hard,nominal,local_crouch,crouch,cs_duck_003__door_lintel__s00000017__hard,1.2125,1,88,rejected,disallowed_robot_contact;unstable_reference_drift,-0.051,159,torso_link,395.0,395.0,91.6,83.0,torso_link,109,0.5857,199,/data/robotixx/groot-wbc-kimodo-m0/hallucination/e2_variant_transfer/door_lintel/nominal_hard/trajectories/000000.trajectory.pkl,/home/robotixx/GR00T-WholeBodyControl/gear_sonic/data/assets/scenes/hallucinated_variants_v1_e1/cs_duck_003__door_lintel__s00000017__hard.usda,,,/data/robotixx/groot-wbc-kimodo-m0/hallucination/e2_variant_transfer/door_lintel/nominal_hard/renders/000000.mp4,,,1,,,,,cf_005_056,cs_duck_003__door_lintel__s00000017,manifest,overhead,1.2125,head_torso,-0.051,crouch,0.0
cs_duck_003__door_lintel__s00000017/adapted_easy,cs_duck_003__door_lintel__s00000017,adapted_easy,adapted,local_crouch,crouch,cs_duck_003__door_lintel__s00000017__easy,1.390625,1,31,accepted,,195.395,105,torso_link,0.0,0.0,0.0,224.7,,,0.0977,199,/data/robotixx/groot-wbc-kimodo-m0/hallucination/e2_variant_transfer/door_lintel/adapted_easy/trajectories/000000.trajectory.pkl,/home/robotixx/GR00T-WholeBodyControl/gear_sonic/data/assets/scenes/hallucinated_variants_v1_e1/cs_duck_003__door_lintel__s00000017__easy.usda,,,/data/robotixx/groot-wbc-kimodo-m0/hallucination/e2_variant_transfer/door_lintel/adapted_easy/renders/000000.mp4,,,1,,,,,cf_005_056,cs_duck_003__door_lintel__s00000017,manifest,overhead,1.390625,head_torso,195.395,crouch,0.0
cs_duck_003__door_lintel__s00000017/adapted_hard,cs_duck_003__door_lintel__s00000017,adapted_hard,adapted,local_crouch,crouch,cs_duck_003__door_lintel__s00000017__hard,1.2125,1,31,accepted,,48.43,101,torso_link,0.0,0.0,0.0,224.7,,,0.0977,199,/data/robotixx/groot-wbc-kimodo-m0/hallucination/e2_variant_transfer/door_lintel/adapted_hard/trajectories/000000.trajectory.pkl,/home/robotixx/GR00T-WholeBodyControl/gear_sonic/data/assets/scenes/hallucinated_variants_v1_e1/cs_duck_003__door_lintel__s00000017__hard.usda,,,/data/robotixx/groot-wbc-kimodo-m0/hallucination/e2_variant_transfer/door_lintel/adapted_hard/renders/000000.mp4,,,1,,,,,cf_005_056,cs_duck_003__door_lintel__s00000017,manifest,overhead,1.2125,head_torso,48.43,crouch,0.0
cs_duck_003__ibeam__s00000017/nominal_easy,cs_duck_003__ibeam__s00000017,nominal_easy,nominal,local_crouch,crouch,cs_duck_003__ibeam__s00000017__easy,1.390625,1,26,accepted,,91.603,130,torso_link,0.0,0.0,0.0,61.1,,,0.0067,199,/data/robotixx/groot-wbc-kimodo-m0/hallucination/e2_variant_transfer/ibeam/nominal_easy/trajectories/000000.trajectory.pkl,/home/robotixx/GR00T-WholeBodyControl/gear_sonic/data/assets/scenes/hallucinated_variants_v1_e1/cs_duck_003__ibeam__s00000017__easy.usda,,,/data/robotixx/groot-wbc-kimodo-m0/hallucination/e2_variant_transfer/ibeam/nominal_easy/renders/000000.mp4,,,1,,,,,cf_005_056,cs_duck_003__ibeam__s00000017,manifest,overhead,1.390625,head_torso,91.603,crouch,0.0
cs_duck_003__ibeam__s00000017/nominal_hard,cs_duck_003__ibeam__s00000017,nominal_hard,nominal,local_crouch,crouch,cs_duck_003__ibeam__s00000017__hard,1.2125,1,88,rejected,disallowed_robot_contact;unstable_reference_drift,-0.083,172,torso_link,673.6,673.6,105.9,166.0,torso_link,109,0.5348,199,/data/robotixx/groot-wbc-kimodo-m0/hallucination/e2_variant_transfer/ibeam/nominal_hard/trajectories/000000.trajectory.pkl,/home/robotixx/GR00T-WholeBodyControl/gear_sonic/data/assets/scenes/hallucinated_variants_v1_e1/cs_duck_003__ibeam__s00000017__hard.usda,,,/data/robotixx/groot-wbc-kimodo-m0/hallucination/e2_variant_transfer/ibeam/nominal_hard/renders/000000.mp4,,,1,,,,,cf_005_056,cs_duck_003__ibeam__s00000017,manifest,overhead,1.2125,head_torso,-0.083,crouch,0.0
cs_duck_003__ibeam__s00000017/adapted_easy,cs_duck_003__ibeam__s00000017,adapted_easy,adapted,local_crouch,crouch,cs_duck_003__ibeam__s00000017__easy,1.390625,1,31,accepted,,203.158,106,torso_link,0.0,0.0,0.0,202.4,,,0.0715,199,/data/robotixx/groot-wbc-kimodo-m0/hallucination/e2_variant_transfer/ibeam/adapted_easy/trajectories/000000.trajectory.pkl,/home/robotixx/GR00T-WholeBodyControl/gear_sonic/data/assets/scenes/hallucinated_variants_v1_e1/cs_duck_003__ibeam__s00000017__easy.usda,,,/data/robotixx/groot-wbc-kimodo-m0/hallucination/e2_variant_transfer/ibeam/adapted_easy/renders/000000.mp4,,,1,,,,,cf_005_056,cs_duck_003__ibeam__s00000017,manifest,overhead,1.390625,head_torso,203.158,crouch,0.0
cs_duck_003__ibeam__s00000017/adapted_hard,cs_duck_003__ibeam__s00000017,adapted_hard,adapted,local_crouch,crouch,cs_duck_003__ibeam__s00000017__hard,1.2125,1,31,accepted,,71.124,102,torso_link,0.0,0.0,0.0,202.4,,,0.0715,199,/data/robotixx/groot-wbc-kimodo-m0/hallucination/e2_variant_transfer/ibeam/adapted_hard/trajectories/000000.trajectory.pkl,/home/robotixx/GR00T-WholeBodyControl/gear_sonic/data/assets/scenes/hallucinated_variants_v1_e1/cs_duck_003__ibeam__s00000017__hard.usda,,,/data/robotixx/groot-wbc-kimodo-m0/hallucination/e2_variant_transfer/ibeam/adapted_hard/renders/000000.mp4,,,1,,,,,cf_005_056,cs_duck_003__ibeam__s00000017,manifest,overhead,1.2125,head_torso,71.124,crouch,0.0
