experiment,cell_id,motion_pkl,reference_csv,scene,outcome,accepted,rejection_reasons,endpoint_error_m,schedule_error_p95_m,drift_rate_mps,max_external_contact_force_n,max_self_contact_force_n,executed_frames,frames,path_length_m,net_displacement_m,straightness,mean_speed_mps,heading_change_rad,root_height_mean_m,root_height_min_m,role,baseline_csv,commanded_drop_m,commanded_left_reduction_m,commanded_right_reduction_m,commanded_max_joint_change_rad,commanded_active_fraction
ARM_TUCK_CALIBRATION_2026-08-20,lfh_084_arm_tuck_right__cal_a033,/data/robotixx/groot-wbc-kimodo-m0/lfh_arm_tuck_calibration/lfh_084_arm_tuck_right/a033.pkl,/data/robotixx/groot-wbc-kimodo-m0/lfh_arm_tuck_calibration/lfh_084_arm_tuck_right/a033.csv,screen_empty,accepted,1,,0.019571750564300928,0.06189067101542983,,0.0,55.85720330280734,199,120,3.271816703232046,2.938089522923085,0.8979994264411907,0.8179541758080116,3.2260138126944353,0.7611930112033333,0.7378442883,adapted,/data/robotixx/groot-wbc-kimodo-m0/lfh_arm_tuck_calibration/lfh_084_arm_tuck_right/nominal.csv,0.0,0.0,0.005885098599831579,0.025976562500000133,0.225
ARM_TUCK_CALIBRATION_2026-08-20,lfh_084_arm_tuck_right__cal_a067,/data/robotixx/groot-wbc-kimodo-m0/lfh_arm_tuck_calibration/lfh_084_arm_tuck_right/a067.pkl,/data/robotixx/groot-wbc-kimodo-m0/lfh_arm_tuck_calibration/lfh_084_arm_tuck_right/a067.csv,screen_empty,accepted,1,,0.02244838808356257,0.0713063535558738,,0.0,55.85720330280734,199,120,3.271816703232046,2.938089522923085,0.8979994264411907,0.8179541758080116,3.2260138126944353,0.7611930112033333,0.7378442883,adapted,/data/robotixx/groot-wbc-kimodo-m0/lfh_arm_tuck_calibration/lfh_084_arm_tuck_right/nominal.csv,0.0,0.0,0.008295143082911127,0.05136718750000013,0.225
ARM_TUCK_CALIBRATION_2026-08-20,lfh_084_arm_tuck_right__cal_a100,/data/robotixx/groot-wbc-kimodo-m0/lfh_arm_tuck_calibration/lfh_084_arm_tuck_right/a100.pkl,/data/robotixx/groot-wbc-kimodo-m0/lfh_arm_tuck_calibration/lfh_084_arm_tuck_right/a100.csv,screen_empty,accepted,1,,0.020369244298851674,0.06691604182898982,,0.0,55.85720330280734,199,120,3.271816703232046,2.938089522923085,0.8979994264411907,0.8179541758080116,3.2260138126944353,0.7611930112033333,0.7378442883,adapted,/data/robotixx/groot-wbc-kimodo-m0/lfh_arm_tuck_calibration/lfh_084_arm_tuck_right/nominal.csv,0.0,0.0,0.010860284265312659,0.07792968750000018,0.225
ARM_TUCK_CALIBRATION_2026-08-20,lfh_084_arm_tuck_right__cal_nominal,/data/robotixx/groot-wbc-kimodo-m0/lfh_arm_tuck_calibration/lfh_084_arm_tuck_right/nominal.pkl,/data/robotixx/groot-wbc-kimodo-m0/lfh_arm_tuck_calibration/lfh_084_arm_tuck_right/nominal.csv,screen_empty,accepted,1,,0.011351255211807111,0.06289818142228115,,0.0,55.85720330280734,199,120,3.271816703232046,2.938089522923085,0.8979994264411907,0.8179541758080116,3.2260138126944353,0.7611930112033333,0.7378442883,nominal,,,,,,
ARM_TUCK_CALIBRATION_2026-08-20,lfh_086_arm_tuck_left__cal_a033,/data/robotixx/groot-wbc-kimodo-m0/lfh_arm_tuck_calibration/lfh_086_arm_tuck_left/a033.pkl,/data/robotixx/groot-wbc-kimodo-m0/lfh_arm_tuck_calibration/lfh_086_arm_tuck_left/a033.csv,screen_empty,accepted,1,,0.17181087118554392,0.18964711607237839,,0.0,44.758394253668484,199,120,3.7235001295794885,3.6873899489190314,0.9903020869064573,0.9308750323948721,1.4355539050647304,0.7580079004183333,0.7312200665,adapted,/data/robotixx/groot-wbc-kimodo-m0/lfh_arm_tuck_calibration/lfh_086_arm_tuck_left/nominal.csv,0.0,0.014723118753860509,0.0,0.023242187500000178,0.23333333333333334
ARM_TUCK_CALIBRATION_2026-08-20,lfh_086_arm_tuck_left__cal_a067,/data/robotixx/groot-wbc-kimodo-m0/lfh_arm_tuck_calibration/lfh_086_arm_tuck_left/a067.pkl,/data/robotixx/groot-wbc-kimodo-m0/lfh_arm_tuck_calibration/lfh_086_arm_tuck_left/a067.csv,screen_empty,accepted,1,,0.18491611594338236,0.19441678862537218,,0.0,44.758394253668484,199,120,3.7235001295794885,3.6873899489190314,0.9903020869064573,0.9308750323948721,1.4355539050647304,0.7580079004183333,0.7312200665,adapted,/data/robotixx/groot-wbc-kimodo-m0/lfh_arm_tuck_calibration/lfh_086_arm_tuck_left/nominal.csv,0.0,0.029592172752889223,0.0,0.04589843750000011,0.23333333333333334
ARM_TUCK_CALIBRATION_2026-08-20,lfh_086_arm_tuck_left__cal_a100,/data/robotixx/groot-wbc-kimodo-m0/lfh_arm_tuck_calibration/lfh_086_arm_tuck_left/a100.pkl,/data/robotixx/groot-wbc-kimodo-m0/lfh_arm_tuck_calibration/lfh_086_arm_tuck_left/a100.csv,screen_empty,accepted,1,,0.18977040261379563,0.19388907387614115,,0.0,44.758394253668484,199,120,3.7235001295794885,3.6873899489190314,0.9903020869064573,0.9308750323948721,1.4355539050647304,0.7580079004183333,0.7312200665,adapted,/data/robotixx/groot-wbc-kimodo-m0/lfh_arm_tuck_calibration/lfh_086_arm_tuck_left/nominal.csv,0.0,0.04517636606970826,0.0,0.06894531250000013,0.23333333333333334
ARM_TUCK_CALIBRATION_2026-08-20,lfh_086_arm_tuck_left__cal_nominal,/data/robotixx/groot-wbc-kimodo-m0/lfh_arm_tuck_calibration/lfh_086_arm_tuck_left/nominal.pkl,/data/robotixx/groot-wbc-kimodo-m0/lfh_arm_tuck_calibration/lfh_086_arm_tuck_left/nominal.csv,screen_empty,accepted,1,,0.17063683911114277,0.18405111109446504,,0.0,55.47904734293978,199,120,3.7235001295794885,3.6873899489190314,0.9903020869064573,0.9308750323948721,1.4355539050647304,0.7580079004183333,0.7312200665,nominal,,,,,,
ARM_TUCK_CALIBRATION_2026-08-20,lfh_089_arm_tuck_left__cal_a033,/data/robotixx/groot-wbc-kimodo-m0/lfh_arm_tuck_calibration/lfh_089_arm_tuck_left/a033.pkl,/data/robotixx/groot-wbc-kimodo-m0/lfh_arm_tuck_calibration/lfh_089_arm_tuck_left/a033.csv,screen_empty,accepted,1,,0.17722999119508426,0.15031395945403203,,0.0,71.9512131893174,199,120,4.178455252066606,4.140134663064182,0.9908290057710989,1.0446138130166516,0.624930899378237,0.7569683199158334,0.7285178304,adapted,/data/robotixx/groot-wbc-kimodo-m0/lfh_arm_tuck_calibration/lfh_089_arm_tuck_left/nominal.csv,0.0,0.012813180327528262,0.0,0.02089843750000009,0.23333333333333334
ARM_TUCK_CALIBRATION_2026-08-20,lfh_089_arm_tuck_left__cal_a067,/data/robotixx/groot-wbc-kimodo-m0/lfh_arm_tuck_calibration/lfh_089_arm_tuck_left/a067.pkl,/data/robotixx/groot-wbc-kimodo-m0/lfh_arm_tuck_calibration/lfh_089_arm_tuck_left/a067.csv,screen_empty,accepted,1,,0.15412621968719697,0.1198906489938482,,0.0,71.9512131893174,199,120,4.178455252066606,4.140134663064182,0.9908290057710989,1.0446138130166516,0.624930899378237,0.7569683199158334,0.7285178304,adapted,/data/robotixx/groot-wbc-kimodo-m0/lfh_arm_tuck_calibration/lfh_089_arm_tuck_left/nominal.csv,0.0,0.01998000573854214,0.0,0.043164062500000044,0.23333333333333334
ARM_TUCK_CALIBRATION_2026-08-20,lfh_092_arm_tuck_right__cal_a033,/data/robotixx/groot-wbc-kimodo-m0/lfh_arm_tuck_calibration/lfh_092_arm_tuck_right/a033.pkl,/data/robotixx/groot-wbc-kimodo-m0/lfh_arm_tuck_calibration/lfh_092_arm_tuck_right/a033.csv,screen_empty,accepted,1,,0.20758636149076728,0.207746143262117,,0.0,37.78493400913277,199,120,4.298927914044308,3.166085579203443,0.7364825934531385,1.074731978511077,0.6305535596936216,0.7474710841974999,0.7027287483,adapted,/data/robotixx/groot-wbc-kimodo-m0/lfh_arm_tuck_calibration/lfh_092_arm_tuck_right/nominal.csv,0.0,0.0,0.0025481071165815994,0.03401940229999997,0.19166666666666668
ARM_TUCK_CALIBRATION_2026-08-20,lfh_092_arm_tuck_right__cal_a067,/data/robotixx/groot-wbc-kimodo-m0/lfh_arm_tuck_calibration/lfh_092_arm_tuck_right/a067.pkl,/data/robotixx/groot-wbc-kimodo-m0/lfh_arm_tuck_calibration/lfh_092_arm_tuck_right/a067.csv,screen_empty,accepted,1,,0.2209873196512522,0.21515673531742346,,0.0,83.61722415543314,199,120,4.298927914044308,3.166085579203443,0.7364825934531385,1.074731978511077,0.6305535596936216,0.7474710841974999,0.7027287483,adapted,/data/robotixx/groot-wbc-kimodo-m0/lfh_arm_tuck_calibration/lfh_092_arm_tuck_right/nominal.csv,0.0,0.0,0.005110911840639665,0.054882812500000044,0.19166666666666668
ARM_TUCK_STRONG_CALIBRATION_2026-08-20,lfh_084_arm_tuck_right__cal2_strong,/data/robotixx/groot-wbc-kimodo-m0/lfh_arm_tuck_strong_calibration/lfh_084_arm_tuck_right/strong.pkl,/data/robotixx/groot-wbc-kimodo-m0/lfh_arm_tuck_strong_calibration/lfh_084_arm_tuck_right/strong.csv,screen_empty,accepted,1,,0.12549425334435882,0.14276835138907873,,0.0,139.96088407656424,199,120,3.271816703232046,2.938089522923085,0.8979994264411907,0.8179541758080116,3.2260138126944353,0.7611930112033333,0.7378442883,adapted,/data/robotixx/groot-wbc-kimodo-m0/lfh_arm_tuck_strong_calibration/lfh_084_arm_tuck_right/nominal.csv,0.0,0.0,0.04500810792547752,0.3998046875000001,0.225
ARM_TUCK_STRONG_CALIBRATION_2026-08-20,lfh_086_arm_tuck_left__cal2_strong,/data/robotixx/groot-wbc-kimodo-m0/lfh_arm_tuck_strong_calibration/lfh_086_arm_tuck_left/strong.pkl,/data/robotixx/groot-wbc-kimodo-m0/lfh_arm_tuck_strong_calibration/lfh_086_arm_tuck_left/strong.csv,screen_empty,accepted,1,,0.06534790964576684,0.08079941992439221,,0.0,24.107489572123576,199,120,3.7235001295794885,3.6873899489190314,0.9903020869064573,0.9308750323948721,1.4355539050647304,0.7580079004183333,0.7312200665,adapted,/data/robotixx/groot-wbc-kimodo-m0/lfh_arm_tuck_strong_calibration/lfh_086_arm_tuck_left/nominal.csv,0.0,0.08547521974437394,0.0,0.2646484375000001,0.23333333333333334
ARM_TUCK_STRONG_CALIBRATION_2026-08-20,lfh_092_arm_tuck_right__cal2_strong,/data/robotixx/groot-wbc-kimodo-m0/lfh_arm_tuck_strong_calibration/lfh_092_arm_tuck_right/strong.pkl,/data/robotixx/groot-wbc-kimodo-m0/lfh_arm_tuck_strong_calibration/lfh_092_arm_tuck_right/strong.csv,screen_empty,accepted,1,,0.30898724249229204,0.22602184592425872,,0.0,48.60507517754146,199,120,4.298927914044308,3.166085579203443,0.7364825934531385,1.074731978511077,0.6305535596936216,0.7474710841974999,0.7027287483,adapted,/data/robotixx/groot-wbc-kimodo-m0/lfh_arm_tuck_strong_calibration/lfh_092_arm_tuck_right/nominal.csv,0.0,0.0,0.03978297667137881,0.3998046875000001,0.19166666666666668
ARM_TUCK_STRONG_CALIBRATION_2026-08-20,lfh_094_arm_tuck_left__cal2_nominal,/data/robotixx/groot-wbc-kimodo-m0/lfh_arm_tuck_strong_calibration/lfh_094_arm_tuck_left/nominal.pkl,/data/robotixx/groot-wbc-kimodo-m0/lfh_arm_tuck_strong_calibration/lfh_094_arm_tuck_left/nominal.csv,screen_empty,rejected,0,reference_endpoint_tracking_error|disallowed_robot_contact,0.4440998360732835,0.2859305648960853,,529.9611816406401,237.5893565361216,188,120,6.9684953172977835,6.935495622396366,0.9952644447045114,1.7421238293244459,0.5687289183486613,0.7563792784966666,0.6959490776,nominal,,,,,,
CROUCH_CALIBRATION_2026-08-20,lfh_086_crouch__cal_adapted,/data/robotixx/groot-wbc-kimodo-m0/lfh_crouch_calibration/lfh_086_crouch/adapted.pkl,/data/robotixx/groot-wbc-kimodo-m0/lfh_crouch_calibration/lfh_086_crouch/adapted.csv,screen_empty,accepted,1,,0.22253769832155829,0.25906207859524955,,0.0,41.296487195097356,199,120,3.7235001295794885,3.6873899489190314,0.9903020869064573,0.9308750323948721,1.4355539050647304,0.7363965792133335,0.6174173838,adapted,/data/robotixx/groot-wbc-kimodo-m0/lfh_crouch_calibration/lfh_086_crouch/nominal.csv,0.08000889939999989,0.0,0.0,0.9382495118000002,0.13333333333333333
CROUCH_CALIBRATION_2026-08-20,lfh_086_crouch__cal_nominal,/data/robotixx/groot-wbc-kimodo-m0/lfh_crouch_calibration/lfh_086_crouch/nominal.pkl,/data/robotixx/groot-wbc-kimodo-m0/lfh_crouch_calibration/lfh_086_crouch/nominal.csv,screen_empty,accepted,1,,0.010004770777926296,0.041632506205783425,,0.0,25.729937603046658,199,120,3.7235001295794885,3.6873899489190314,0.9903020869064573,0.9308750323948721,1.4355539050647304,0.7580079004183333,0.7312200665,nominal,,,,,,
CROUCH_CALIBRATION_2026-08-20,lfh_089_crouch__cal_adapted,/data/robotixx/groot-wbc-kimodo-m0/lfh_crouch_calibration/lfh_089_crouch/adapted.pkl,/data/robotixx/groot-wbc-kimodo-m0/lfh_crouch_calibration/lfh_089_crouch/adapted.csv,screen_empty,accepted,1,,0.32949251998934176,0.30856356152338654,,0.0,64.25560105718212,199,120,4.178455252066606,4.140134663064182,0.9908290057710989,1.0446138130166516,0.624930899378237,0.7327790313733333,0.5871544808,adapted,/data/robotixx/groot-wbc-kimodo-m0/lfh_crouch_calibration/lfh_089_crouch/nominal.csv,0.08334869,0.0,0.0,0.9753344727000002,0.15
CROUCH_CALIBRATION_2026-08-20,lfh_089_crouch__cal_nominal,/data/robotixx/groot-wbc-kimodo-m0/lfh_crouch_calibration/lfh_089_crouch/nominal.pkl,/data/robotixx/groot-wbc-kimodo-m0/lfh_crouch_calibration/lfh_089_crouch/nominal.csv,screen_empty,accepted,1,,0.1391427004283562,0.10973851829613107,,0.0,76.03372762916514,199,120,4.178455252066606,4.140134663064182,0.9908290057710989,1.0446138130166516,0.624930899378237,0.7569683199158334,0.7285178304,nominal,,,,,,
CROUCH_CALIBRATION_2026-08-20,lfh_090_crouch__cal_adapted,/data/robotixx/groot-wbc-kimodo-m0/lfh_crouch_calibration/lfh_090_crouch/adapted.pkl,/data/robotixx/groot-wbc-kimodo-m0/lfh_crouch_calibration/lfh_090_crouch/adapted.csv,screen_empty,accepted,1,,0.2791136922770082,0.27254161007900096,,0.0,195.11109945023077,199,120,3.84290321830685,3.7841762363621694,0.9847180689680353,0.9607258045767125,2.0230244461814744,0.7358950143083334,0.6014716828,adapted,/data/robotixx/groot-wbc-kimodo-m0/lfh_crouch_calibration/lfh_090_crouch/nominal.csv,0.08001345330000009,0.0,0.0,0.934182129,0.13333333333333333
CROUCH_CALIBRATION_2026-08-20,lfh_090_crouch__cal_nominal,/data/robotixx/groot-wbc-kimodo-m0/lfh_crouch_calibration/lfh_090_crouch/nominal.pkl,/data/robotixx/groot-wbc-kimodo-m0/lfh_crouch_calibration/lfh_090_crouch/nominal.csv,screen_empty,accepted,1,,0.0806925055813684,0.0778651220254584,,0.0,195.11109945023077,199,120,3.84290321830685,3.7841762363621694,0.9847180689680353,0.9607258045767125,2.0230244461814744,0.7577271883716666,0.7276740074,nominal,,,,,,
CROUCH_CALIBRATION_2026-08-20,lfh_095_crouch__cal_adapted,/data/robotixx/groot-wbc-kimodo-m0/lfh_crouch_calibration/lfh_095_crouch/adapted.pkl,/data/robotixx/groot-wbc-kimodo-m0/lfh_crouch_calibration/lfh_095_crouch/adapted.csv,screen_empty,rejected,0,reference_endpoint_tracking_error,0.39698759180222654,0.34203056571207857,,0.0,21.83587133477679,199,120,5.71739129317217,5.685388060416954,0.9944024763892869,1.4293478232930426,0.3750522319838052,0.7354441227633333,0.5962717484,adapted,/data/robotixx/groot-wbc-kimodo-m0/lfh_crouch_calibration/lfh_095_crouch/nominal.csv,0.07998572280000005,0.0,-0.032365872694759185,0.9327465821000003,0.125
CROUCH_CALIBRATION_2026-08-20,lfh_095_crouch__cal_nominal,/data/robotixx/groot-wbc-kimodo-m0/lfh_crouch_calibration/lfh_095_crouch/nominal.pkl,/data/robotixx/groot-wbc-kimodo-m0/lfh_crouch_calibration/lfh_095_crouch/nominal.csv,screen_empty,accepted,1,,0.113360943876843,0.06105233789689493,,0.0,73.89993874728941,199,120,5.71739129317217,5.685388060416954,0.9944024763892869,1.4293478232930426,0.3750522319838052,0.7540960927775,0.7099608779,nominal,,,,,,
E10B_CONTEXT_RICH_SEED_CONTROL_2026-08-21,cs_lfh_086_crouch_cal3_d0100__hanging_panel_context4__s00032301__adapted_easy,/data/robotixx/groot-wbc-kimodo-m0/lfh_crouch_calibration/lfh_086_crouch/adapted.pkl,/data/robotixx/groot-wbc-kimodo-m0/lfh_crouch_calibration/lfh_086_crouch/adapted.csv,cs_lfh_086_crouch_cal3_d0100__hanging_panel_context4__s00032301__easy,accepted,1,,0.24581118628874507,0.25624788100548745,0.11772168213357911,0.0,29.441948222827172,199,120,3.7235001295794885,3.6873899489190314,0.9903020869064573,0.9308750323948721,1.4355539050647304,0.7363965792133335,0.6174173838,adapted,/data/robotixx/groot-wbc-kimodo-m0/lfh_crouch_calibration/lfh_086_crouch/nominal.csv,0.08000889939999989,0.0,0.0,0.9382495118000002,0.13333333333333333
E10B_CONTEXT_RICH_SEED_CONTROL_2026-08-21,cs_lfh_086_crouch_cal3_d0100__hanging_panel_context4__s00032301__adapted_hard,/data/robotixx/groot-wbc-kimodo-m0/lfh_crouch_calibration/lfh_086_crouch/adapted.pkl,/data/robotixx/groot-wbc-kimodo-m0/lfh_crouch_calibration/lfh_086_crouch/adapted.csv,cs_lfh_086_crouch_cal3_d0100__hanging_panel_context4__s00032301__hard,accepted,1,,0.24581118628874507,0.25624788100548745,0.11772168213357911,0.0,29.441948222827172,199,120,3.7235001295794885,3.6873899489190314,0.9903020869064573,0.9308750323948721,1.4355539050647304,0.7363965792133335,0.6174173838,adapted,/data/robotixx/groot-wbc-kimodo-m0/lfh_crouch_calibration/lfh_086_crouch/nominal.csv,0.08000889939999989,0.0,0.0,0.9382495118000002,0.13333333333333333
E10B_CONTEXT_RICH_SEED_CONTROL_2026-08-21,cs_lfh_086_crouch_cal3_d0100__hanging_panel_context4__s00032301__nominal_easy,/data/robotixx/groot-wbc-kimodo-m0/lfh_crouch_calibration/lfh_086_crouch/nominal.pkl,/data/robotixx/groot-wbc-kimodo-m0/lfh_crouch_calibration/lfh_086_crouch/nominal.csv,cs_lfh_086_crouch_cal3_d0100__hanging_panel_context4__s00032301__easy,accepted,1,,0.037061772371716,0.06506581799234804,-0.0008466023169825111,0.0,103.052438328066,199,120,3.7235001295794885,3.6873899489190314,0.9903020869064573,0.9308750323948721,1.4355539050647304,0.7580079004183333,0.7312200665,nominal,,,,,,
E10B_CONTEXT_RICH_SEED_CONTROL_2026-08-21,cs_lfh_086_crouch_cal3_d0100__hanging_panel_context4__s00032301__nominal_hard,/data/robotixx/groot-wbc-kimodo-m0/lfh_crouch_calibration/lfh_086_crouch/nominal.pkl,/data/robotixx/groot-wbc-kimodo-m0/lfh_crouch_calibration/lfh_086_crouch/nominal.csv,cs_lfh_086_crouch_cal3_d0100__hanging_panel_context4__s00032301__hard,rejected,0,disallowed_robot_contact|unstable_reference_drift,0.33154050208606795,0.35615683223861083,0.18013435002128322,106.22898717184749,88.26727147651847,199,120,3.7235001295794885,3.6873899489190314,0.9903020869064573,0.9308750323948721,1.4355539050647304,0.7580079004183333,0.7312200665,nominal,,,,,,
E10_CONTEXT_RICH_2026-08-21,cs_lfh_086_crouch_cal3_d0100__hanging_panel_context4__s00033101__adapted_easy,/data/robotixx/groot-wbc-kimodo-m0/lfh_crouch_calibration/lfh_086_crouch/adapted.pkl,/data/robotixx/groot-wbc-kimodo-m0/lfh_crouch_calibration/lfh_086_crouch/adapted.csv,cs_lfh_086_crouch_cal3_d0100__hanging_panel_context4__s00033101__easy,rejected,0,unstable_reference_drift,0.3204482335647017,0.32466372070086025,0.15274053685683167,0.0,22.855029599057026,199,120,3.7235001295794885,3.6873899489190314,0.9903020869064573,0.9308750323948721,1.4355539050647304,0.7363965792133335,0.6174173838,adapted,/data/robotixx/groot-wbc-kimodo-m0/lfh_crouch_calibration/lfh_086_crouch/nominal.csv,0.08000889939999989,0.0,0.0,0.9382495118000002,0.13333333333333333
E10_CONTEXT_RICH_2026-08-21,cs_lfh_086_crouch_cal3_d0100__hanging_panel_context4__s00033101__adapted_hard,/data/robotixx/groot-wbc-kimodo-m0/lfh_crouch_calibration/lfh_086_crouch/adapted.pkl,/data/robotixx/groot-wbc-kimodo-m0/lfh_crouch_calibration/lfh_086_crouch/adapted.csv,cs_lfh_086_crouch_cal3_d0100__hanging_panel_context4__s00033101__hard,rejected,0,unstable_reference_drift,0.3204482335647017,0.32466372070086025,0.15274053685683167,0.0,22.855029599057026,199,120,3.7235001295794885,3.6873899489190314,0.9903020869064573,0.9308750323948721,1.4355539050647304,0.7363965792133335,0.6174173838,adapted,/data/robotixx/groot-wbc-kimodo-m0/lfh_crouch_calibration/lfh_086_crouch/nominal.csv,0.08000889939999989,0.0,0.0,0.9382495118000002,0.13333333333333333
E10_CONTEXT_RICH_2026-08-21,cs_lfh_086_crouch_cal3_d0100__hanging_panel_context4__s00033101__nominal_easy,/data/robotixx/groot-wbc-kimodo-m0/lfh_crouch_calibration/lfh_086_crouch/nominal.pkl,/data/robotixx/groot-wbc-kimodo-m0/lfh_crouch_calibration/lfh_086_crouch/nominal.csv,cs_lfh_086_crouch_cal3_d0100__hanging_panel_context4__s00033101__easy,accepted,1,,0.11121874629397469,0.14291940632967243,0.05258636218197159,0.0,18.457922866290534,199,120,3.7235001295794885,3.6873899489190314,0.9903020869064573,0.9308750323948721,1.4355539050647304,0.7580079004183333,0.7312200665,nominal,,,,,,
E10_CONTEXT_RICH_2026-08-21,cs_lfh_086_crouch_cal3_d0100__hanging_panel_context4__s00033101__nominal_hard,/data/robotixx/groot-wbc-kimodo-m0/lfh_crouch_calibration/lfh_086_crouch/nominal.pkl,/data/robotixx/groot-wbc-kimodo-m0/lfh_crouch_calibration/lfh_086_crouch/nominal.csv,cs_lfh_086_crouch_cal3_d0100__hanging_panel_context4__s00033101__hard,rejected,0,disallowed_robot_contact|unstable_reference_drift,0.33903399082434393,0.3442216825884177,0.1764560485706955,1295.95516658107,16.972112497065943,199,120,3.7235001295794885,3.6873899489190314,0.9903020869064573,0.9308750323948721,1.4355539050647304,0.7580079004183333,0.7312200665,nominal,,,,,,
E12_CROUCH_LADDER_2026-08-26,ladder_008__nominal,/data/robotixx/groot-wbc-kimodo-m0/lfh_crouch_ladder/ladder_008/nominal.pkl,/data/robotixx/groot-wbc-kimodo-m0/lfh_crouch_ladder/ladder_008/nominal.csv,screen_empty,rejected,0,reference_path_tracking_error,0.23968334312327458,0.25482638484555237,,0.0,90.14693505530657,199,120,4.583619925357008,4.5756902903020364,0.9982700059812761,1.145904981339252,0.04059696646985272,0.7508106892316667,0.724971354,nominal,,,,,,
E12_CROUCH_LADDER_2026-08-26,ladder_034__d040,/data/robotixx/groot-wbc-kimodo-m0/lfh_crouch_ladder/ladder_034/d040.pkl,/data/robotixx/groot-wbc-kimodo-m0/lfh_crouch_ladder/ladder_034/d040.csv,screen_empty,accepted,1,,0.04450762837970896,0.08649352212906726,,0.0,124.62832900182629,199,120,1.5074267962794925,1.4403993381273836,0.9555351819952116,0.3768566990698731,0.8155016905852239,0.7461577926224999,0.7084208162,adapted,/data/robotixx/groot-wbc-kimodo-m0/lfh_crouch_ladder/ladder_034/nominal.csv,0.040000759,0.0,0.0,0.6013745118,0.2833333333333333
E12_CROUCH_LADDER_2026-08-26,ladder_034__d055,/data/robotixx/groot-wbc-kimodo-m0/lfh_crouch_ladder/ladder_034/d055.pkl,/data/robotixx/groot-wbc-kimodo-m0/lfh_crouch_ladder/ladder_034/d055.csv,screen_empty,accepted,1,,0.06809226976606153,0.09806756562360262,,0.0,124.62832900182629,199,120,1.5074267962794925,1.4403993381273836,0.9555351819952116,0.3768566990698731,0.8155016905852239,0.73869118215,0.6896584556,adapted,/data/robotixx/groot-wbc-kimodo-m0/lfh_crouch_ladder/ladder_034/nominal.csv,0.055003048800000176,0.0,0.0,0.7245922852000002,0.2833333333333333
E12_CROUCH_LADDER_2026-08-26,ladder_034__d070,/data/robotixx/groot-wbc-kimodo-m0/lfh_crouch_ladder/ladder_034/d070.pkl,/data/robotixx/groot-wbc-kimodo-m0/lfh_crouch_ladder/ladder_034/d070.csv,screen_empty,accepted,1,,0.0895017060307029,0.11952273066950296,,0.0,124.62832900182629,199,120,1.5074267962794925,1.4403993381273836,0.9555351819952116,0.3768566990698731,0.8155016905852239,0.7306476126733333,0.6696483604,adapted,/data/robotixx/groot-wbc-kimodo-m0/lfh_crouch_ladder/ladder_034/nominal.csv,0.07152646699999998,0.0,0.0,0.8432641602000002,0.2833333333333333
E12_CROUCH_LADDER_2026-08-26,ladder_034__nominal,/data/robotixx/groot-wbc-kimodo-m0/lfh_crouch_ladder/ladder_034/nominal.pkl,/data/robotixx/groot-wbc-kimodo-m0/lfh_crouch_ladder/ladder_034/nominal.csv,screen_empty,accepted,1,,0.06433089597613666,0.08625244405455301,,0.0,124.62832900182629,199,120,1.5074267962794925,1.4403993381273836,0.9555351819952116,0.3768566990698731,0.8155016905852239,0.7691588461416666,0.7618010044,nominal,,,,,,
E12_CROUCH_LADDER_2026-08-26,ladder_058__nominal,/data/robotixx/groot-wbc-kimodo-m0/lfh_crouch_ladder/ladder_058/nominal.pkl,/data/robotixx/groot-wbc-kimodo-m0/lfh_crouch_ladder/ladder_058/nominal.csv,screen_empty,rejected,0,disallowed_foot_non_ground_contact,0.2346692856059261,0.19261670798037248,,0.0,84.36962962341673,167,120,7.2864597125813795,7.271218158633574,0.99790823602284,1.8216149281453449,0.04544004328731022,0.7236612583166665,0.6537992954,nominal,,,,,,
E12_CROUCH_LADDER_2026-08-26,ladder_064__d040,/data/robotixx/groot-wbc-kimodo-m0/lfh_crouch_ladder/ladder_064/d040.pkl,/data/robotixx/groot-wbc-kimodo-m0/lfh_crouch_ladder/ladder_064/d040.csv,screen_empty,rejected,0,reference_endpoint_tracking_error,0.36571641433180724,0.31028597785263656,,0.0,34.11503099302079,199,120,3.5352280152289537,3.5052068785305717,0.9915080055461606,0.8838070038072384,0.602485473851718,0.7053552054925,0.6255305408,adapted,/data/robotixx/groot-wbc-kimodo-m0/lfh_crouch_ladder/ladder_064/nominal.csv,0.03999789360000028,0.0,0.0,0.5910864258000001,0.275
E12_CROUCH_LADDER_2026-08-26,ladder_064__d055,/data/robotixx/groot-wbc-kimodo-m0/lfh_crouch_ladder/ladder_064/d055.pkl,/data/robotixx/groot-wbc-kimodo-m0/lfh_crouch_ladder/ladder_064/d055.csv,screen_empty,rejected,0,reference_endpoint_tracking_error,0.40633036135014816,0.3476671519668796,,0.0,18.674872703545553,199,120,3.5352280152289537,3.5052068785305717,0.9915080055461606,0.8838070038072384,0.602485473851718,0.6963101794625001,0.5997094623,adapted,/data/robotixx/groot-wbc-kimodo-m0/lfh_crouch_ladder/ladder_064/nominal.csv,0.05499243900000028,0.0,0.0,0.7152612305000001,0.275
E12_CROUCH_LADDER_2026-08-26,ladder_064__d070,/data/robotixx/groot-wbc-kimodo-m0/lfh_crouch_ladder/ladder_064/d070.pkl,/data/robotixx/groot-wbc-kimodo-m0/lfh_crouch_ladder/ladder_064/d070.csv,screen_empty,rejected,0,reference_endpoint_tracking_error,0.44706963180574216,0.38827548976679166,,0.0,56.893852061948905,199,120,3.5352280152289537,3.5052068785305717,0.9915080055461606,0.8838070038072384,0.602485473851718,0.6882727570883334,0.578654897,adapted,/data/robotixx/groot-wbc-kimodo-m0/lfh_crouch_ladder/ladder_064/nominal.csv,0.07001230280000015,0.0,0.0,0.8226879883000002,0.275
E12_CROUCH_LADDER_2026-08-26,ladder_064__nominal,/data/robotixx/groot-wbc-kimodo-m0/lfh_crouch_ladder/ladder_064/nominal.pkl,/data/robotixx/groot-wbc-kimodo-m0/lfh_crouch_ladder/ladder_064/nominal.csv,screen_empty,accepted,1,,0.2308805582624848,0.17002739993123026,,0.0,20.925715149158478,199,120,3.5352280152289537,3.5052068785305717,0.9915080055461606,0.8838070038072384,0.602485473851718,0.741262890895,0.7219498158,nominal,,,,,,
E12_CROUCH_LADDER_2026-08-26,ladder_065__nominal,/data/robotixx/groot-wbc-kimodo-m0/lfh_crouch_ladder/ladder_065/nominal.pkl,/data/robotixx/groot-wbc-kimodo-m0/lfh_crouch_ladder/ladder_065/nominal.csv,screen_empty,rejected,0,reference_endpoint_tracking_error,0.45378980151828985,0.42288063558139066,,0.0,63.29270140100733,199,120,4.366335803444627,4.342866296334592,0.9946248964425688,1.0915839508611567,0.08807701942348944,0.7398111715908333,0.7100368142,nominal,,,,,,
E12_CROUCH_LADDER_2026-08-26,ladder_076__d040,/data/robotixx/groot-wbc-kimodo-m0/lfh_crouch_ladder/ladder_076/d040.pkl,/data/robotixx/groot-wbc-kimodo-m0/lfh_crouch_ladder/ladder_076/d040.csv,screen_empty,accepted,1,,0.28558910098945023,0.27019614383715335,,0.0,324.0542548629336,199,120,5.205130691755445,5.192319541667548,0.9975387457402002,1.3012826729388614,0.2919546268568953,0.7206304769391667,0.6332663185,adapted,/data/robotixx/groot-wbc-kimodo-m0/lfh_crouch_ladder/ladder_076/nominal.csv,0.039991736499999764,0.0,0.0,0.6188403321000001,0.24166666666666667
E12_CROUCH_LADDER_2026-08-26,ladder_076__d055,/data/robotixx/groot-wbc-kimodo-m0/lfh_crouch_ladder/ladder_076/d055.pkl,/data/robotixx/groot-wbc-kimodo-m0/lfh_crouch_ladder/ladder_076/d055.csv,screen_empty,rejected,0,reference_endpoint_tracking_error,0.37063569631487114,0.3598218637154787,,0.0,324.0542548629336,199,120,5.205130691755445,5.192319541667548,0.9975387457402002,1.3012826729388614,0.2919546268568953,0.7127263419433334,0.6063283696,adapted,/data/robotixx/groot-wbc-kimodo-m0/lfh_crouch_ladder/ladder_076/nominal.csv,0.05500533579999978,0.0,0.0,0.7446899415000001,0.24166666666666667
E12_CROUCH_LADDER_2026-08-26,ladder_076__d070,/data/robotixx/groot-wbc-kimodo-m0/lfh_crouch_ladder/ladder_076/d070.pkl,/data/robotixx/groot-wbc-kimodo-m0/lfh_crouch_ladder/ladder_076/d070.csv,screen_empty,rejected,0,reference_endpoint_tracking_error,0.4444391751298954,0.4366985280562701,,0.0,324.0542548629336,199,120,5.205130691755445,5.192319541667548,0.9975387457402002,1.3012826729388614,0.2919546268568953,0.7054012604683333,0.5813118423,adapted,/data/robotixx/groot-wbc-kimodo-m0/lfh_crouch_ladder/ladder_076/nominal.csv,0.0699992438999999,0.0,0.0,0.8552270508000002,0.24166666666666667
E12_CROUCH_LADDER_2026-08-26,ladder_076__nominal,/data/robotixx/groot-wbc-kimodo-m0/lfh_crouch_ladder/ladder_076/nominal.pkl,/data/robotixx/groot-wbc-kimodo-m0/lfh_crouch_ladder/ladder_076/nominal.csv,screen_empty,accepted,1,,0.12043035819383413,0.10655108124426686,,0.0,324.0542548629336,199,120,5.205130691755445,5.192319541667548,0.9975387457402002,1.3012826729388614,0.2919546268568953,0.7489086414366668,0.7077056766,nominal,,,,,,
E12_CROUCH_LADDER_2026-08-26,ladder_079__nominal,/data/robotixx/groot-wbc-kimodo-m0/lfh_crouch_ladder/ladder_079/nominal.pkl,/data/robotixx/groot-wbc-kimodo-m0/lfh_crouch_ladder/ladder_079/nominal.csv,screen_empty,rejected,0,reference_endpoint_tracking_error|disallowed_foot_non_ground_contact,0.3802637235790316,0.3166009820684002,,0.0,261.8822315699321,199,120,6.357629971627741,6.34410211613783,0.9978721857751581,1.5894074929069353,0.26696701661395483,0.745054225125,0.7022070289,nominal,,,,,,
E12_CROUCH_LADDER_2026-08-26,ladder_091__d040,/data/robotixx/groot-wbc-kimodo-m0/lfh_crouch_ladder/ladder_091/d040.pkl,/data/robotixx/groot-wbc-kimodo-m0/lfh_crouch_ladder/ladder_091/d040.csv,screen_empty,rejected,0,reference_endpoint_tracking_error,0.5572877841992097,0.5262482115443801,,0.0,43.64533667379559,199,120,5.926285911463476,5.9091905899907236,0.9971153397375438,1.481571477865869,0.3969854979820215,0.7270932870658332,0.6346780843,adapted,/data/robotixx/groot-wbc-kimodo-m0/lfh_crouch_ladder/ladder_091/nominal.csv,0.0413872461,-0.013864679295773952,-0.005082647118790751,0.6664526368000003,0.2
E12_CROUCH_LADDER_2026-08-26,ladder_091__d055,/data/robotixx/groot-wbc-kimodo-m0/lfh_crouch_ladder/ladder_091/d055.pkl,/data/robotixx/groot-wbc-kimodo-m0/lfh_crouch_ladder/ladder_091/d055.csv,screen_empty,rejected,0,reference_endpoint_tracking_error,0.6127185700119495,0.5846225912595171,,0.0,45.4835954034324,199,120,5.926285911463476,5.9091905899907236,0.9971153397375438,1.481571477865869,0.3969854979820215,0.7210376057341666,0.6094855316,adapted,/data/robotixx/groot-wbc-kimodo-m0/lfh_crouch_ladder/ladder_091/nominal.csv,0.056982583899999995,-0.014806580610133485,-0.0059498142265418386,0.7973266602000002,0.2
E12_CROUCH_LADDER_2026-08-26,ladder_091__d070,/data/robotixx/groot-wbc-kimodo-m0/lfh_crouch_ladder/ladder_091/d070.pkl,/data/robotixx/groot-wbc-kimodo-m0/lfh_crouch_ladder/ladder_091/d070.csv,screen_empty,rejected,0,reference_endpoint_tracking_error,0.7138904325834424,0.6866758423282192,,0.0,42.55825710179203,199,120,5.926285911463476,5.9091905899907236,0.9971153397375438,1.481571477865869,0.3969854979820215,0.7151719670833333,0.5857704102,adapted,/data/robotixx/groot-wbc-kimodo-m0/lfh_crouch_ladder/ladder_091/nominal.csv,0.07258361420000004,-0.016486848144590505,-0.00643703700272974,0.9121704102000001,0.2
E12_CROUCH_LADDER_2026-08-26,ladder_091__nominal,/data/robotixx/groot-wbc-kimodo-m0/lfh_crouch_ladder/ladder_091/nominal.pkl,/data/robotixx/groot-wbc-kimodo-m0/lfh_crouch_ladder/ladder_091/nominal.csv,screen_empty,accepted,1,,0.3083355094461848,0.2652997541291267,,0.0,49.936219398677366,199,120,5.926285911463476,5.9091905899907236,0.9971153397375438,1.481571477865869,0.3969854979820215,0.7469932183658333,0.6948167682,nominal,,,,,,
E12_CROUCH_LADDER_2026-08-26,ladder_120__d040,/data/robotixx/groot-wbc-kimodo-m0/lfh_crouch_ladder/ladder_120/d040.pkl,/data/robotixx/groot-wbc-kimodo-m0/lfh_crouch_ladder/ladder_120/d040.csv,screen_empty,rejected,0,reference_endpoint_tracking_error,0.4935108359988343,0.44999738161284875,,0.0,164.71642561271307,199,120,5.0263081051523795,4.838692406842356,0.9626732595008051,1.2565770262880949,0.5763542593482356,0.7369522029208333,0.6547636884,adapted,/data/robotixx/groot-wbc-kimodo-m0/lfh_crouch_ladder/ladder_120/nominal.csv,0.04000318989999996,0.0,0.0,0.6482690430000001,0.21666666666666667
E12_CROUCH_LADDER_2026-08-26,ladder_120__d055,/data/robotixx/groot-wbc-kimodo-m0/lfh_crouch_ladder/ladder_120/d055.pkl,/data/robotixx/groot-wbc-kimodo-m0/lfh_crouch_ladder/ladder_120/d055.csv,screen_empty,rejected,0,reference_endpoint_tracking_error,0.568114722366477,0.5221370502956508,,0.0,187.21307397274887,199,120,5.0263081051523795,4.838692406842356,0.9626732595008051,1.2565770262880949,0.5763542593482356,0.7307346554483334,0.6313635154,adapted,/data/robotixx/groot-wbc-kimodo-m0/lfh_crouch_ladder/ladder_120/nominal.csv,0.05498653359999994,0.0,0.0,0.7757934571,0.21666666666666667
E12_CROUCH_LADDER_2026-08-26,ladder_120__d070,/data/robotixx/groot-wbc-kimodo-m0/lfh_crouch_ladder/ladder_120/d070.pkl,/data/robotixx/groot-wbc-kimodo-m0/lfh_crouch_ladder/ladder_120/d070.csv,screen_empty,rejected,0,reference_endpoint_tracking_error,0.6260641778717704,0.5831400137923339,,0.0,179.6699080733216,199,120,5.0263081051523795,4.838692406842356,0.9626732595008051,1.2565770262880949,0.5763542593482356,0.7246916546858334,0.6091874712,adapted,/data/robotixx/groot-wbc-kimodo-m0/lfh_crouch_ladder/ladder_120/nominal.csv,0.07001378399999991,0.0,0.0,0.8877661133000001,0.21666666666666667
E12_CROUCH_LADDER_2026-08-26,ladder_120__nominal,/data/robotixx/groot-wbc-kimodo-m0/lfh_crouch_ladder/ladder_120/nominal.pkl,/data/robotixx/groot-wbc-kimodo-m0/lfh_crouch_ladder/ladder_120/nominal.csv,screen_empty,accepted,1,,0.3014939945794845,0.24472808665075368,,0.0,93.53987287644489,199,120,5.0263081051523795,4.838692406842356,0.9626732595008051,1.2565770262880949,0.5763542593482356,0.7574232007091666,0.7256071568,nominal,,,,,,
E12_CROUCH_LADDER_2026-08-26,ladder_126__d040,/data/robotixx/groot-wbc-kimodo-m0/lfh_crouch_ladder/ladder_126/d040.pkl,/data/robotixx/groot-wbc-kimodo-m0/lfh_crouch_ladder/ladder_126/d040.csv,screen_empty,accepted,1,,0.3309356815009905,0.3099059118341588,,0.0,7.426205836502624,199,120,3.656110169053643,3.6380177263714404,0.9950514503541654,0.9140275422634108,0.32002244466144614,0.7340295276516666,0.6567682208,adapted,/data/robotixx/groot-wbc-kimodo-m0/lfh_crouch_ladder/ladder_126/nominal.csv,0.03999496399999991,0.0,0.0,0.6389379883000001,0.2833333333333333
E12_CROUCH_LADDER_2026-08-26,ladder_126__d055,/data/robotixx/groot-wbc-kimodo-m0/lfh_crouch_ladder/ladder_126/d055.pkl,/data/robotixx/groot-wbc-kimodo-m0/lfh_crouch_ladder/ladder_126/d055.csv,screen_empty,rejected,0,reference_endpoint_tracking_error,0.38302383946553015,0.36397226552886963,,0.0,3.445456117549998,199,120,3.656110169053643,3.6380177263714404,0.9950514503541654,0.9140275422634108,0.32002244466144614,0.7261432782275,0.633614684,adapted,/data/robotixx/groot-wbc-kimodo-m0/lfh_crouch_ladder/ladder_126/nominal.csv,0.05500823379999997,0.0,0.0,0.761916504,0.2833333333333333
E12_CROUCH_LADDER_2026-08-26,ladder_126__d070,/data/robotixx/groot-wbc-kimodo-m0/lfh_crouch_ladder/ladder_126/d070.pkl,/data/robotixx/groot-wbc-kimodo-m0/lfh_crouch_ladder/ladder_126/d070.csv,screen_empty,rejected,0,reference_endpoint_tracking_error,0.43682640852853116,0.42143275481593895,,0.0,10.278445994716437,199,120,3.656110169053643,3.6380177263714404,0.9950514503541654,0.9140275422634108,0.32002244466144614,0.7180735377833333,0.6121317754,adapted,/data/robotixx/groot-wbc-kimodo-m0/lfh_crouch_ladder/ladder_126/nominal.csv,0.07001098789999993,0.0,0.0,0.8774780274,0.2833333333333333
E12_CROUCH_LADDER_2026-08-26,ladder_126__nominal,/data/robotixx/groot-wbc-kimodo-m0/lfh_crouch_ladder/ladder_126/nominal.pkl,/data/robotixx/groot-wbc-kimodo-m0/lfh_crouch_ladder/ladder_126/nominal.csv,screen_empty,accepted,1,,0.18134907362166383,0.15893342092995183,,0.0,14.527971719094483,199,120,3.656110169053643,3.6380177263714404,0.9950514503541654,0.9140275422634108,0.32002244466144614,0.7600747719441667,0.7366043329,nominal,,,,,,
E12_CROUCH_LADDER_2026-08-26,ladder_138__d040,/data/robotixx/groot-wbc-kimodo-m0/lfh_crouch_ladder/ladder_138/d040.pkl,/data/robotixx/groot-wbc-kimodo-m0/lfh_crouch_ladder/ladder_138/d040.csv,screen_empty,accepted,1,,0.207362401446824,0.22668210360297078,,0.0,50.48521589241509,199,120,3.730114169492126,3.7183831248688537,0.9968550440843826,0.9325285423730315,0.10241980110786525,0.7301544335566668,0.6741128141,adapted,/data/robotixx/groot-wbc-kimodo-m0/lfh_crouch_ladder/ladder_138/nominal.csv,0.039993662100000105,0.0,0.0,0.6463549805000002,0.2833333333333333
E12_CROUCH_LADDER_2026-08-26,ladder_138__d055,/data/robotixx/groot-wbc-kimodo-m0/lfh_crouch_ladder/ladder_138/d055.pkl,/data/robotixx/groot-wbc-kimodo-m0/lfh_crouch_ladder/ladder_138/d055.csv,screen_empty,accepted,1,,0.26682375685049803,0.28673705377615577,,0.0,44.62160838265012,199,120,3.730114169492126,3.7183831248688537,0.9968550440843826,0.9325285423730315,0.10241980110786525,0.7223562309033333,0.6521498372,adapted,/data/robotixx/groot-wbc-kimodo-m0/lfh_crouch_ladder/ladder_138/nominal.csv,0.054994576099999914,0.0,0.0,0.7781860352000001,0.2833333333333333
E12_CROUCH_LADDER_2026-08-26,ladder_138__d070,/data/robotixx/groot-wbc-kimodo-m0/lfh_crouch_ladder/ladder_138/d070.pkl,/data/robotixx/groot-wbc-kimodo-m0/lfh_crouch_ladder/ladder_138/d070.csv,screen_empty,accepted,1,,0.3297638984283594,0.34215983016660395,,0.0,44.62160838265012,199,120,3.730114169492126,3.7183831248688537,0.9968550440843826,0.9325285423730315,0.10241980110786525,0.7147445802850001,0.6311602896,adapted,/data/robotixx/groot-wbc-kimodo-m0/lfh_crouch_ladder/ladder_138/nominal.csv,0.07001373899999996,0.0,0.0,0.8935083008000002,0.2833333333333333
E12_CROUCH_LADDER_2026-08-26,ladder_138__nominal,/data/robotixx/groot-wbc-kimodo-m0/lfh_crouch_ladder/ladder_138/nominal.pkl,/data/robotixx/groot-wbc-kimodo-m0/lfh_crouch_ladder/ladder_138/nominal.csv,screen_empty,accepted,1,,0.12141656384742293,0.13805520300439614,,0.0,44.62160838265012,199,120,3.730114169492126,3.7183831248688537,0.9968550440843826,0.9325285423730315,0.10241980110786525,0.7538001681383334,0.7304090261,nominal,,,,,,
E12_CROUCH_LADDER_2026-08-26,ladder_148__d040,/data/robotixx/groot-wbc-kimodo-m0/lfh_crouch_ladder/ladder_148/d040.pkl,/data/robotixx/groot-wbc-kimodo-m0/lfh_crouch_ladder/ladder_148/d040.csv,screen_empty,accepted,1,,0.22639298894979962,0.23299593609304983,,0.0,38.424936082262796,199,120,5.065187594587386,5.056433891541273,0.9982717909489734,1.2662968986468466,0.09258058116292166,0.7312412368841666,0.6653203163,adapted,/data/robotixx/groot-wbc-kimodo-m0/lfh_crouch_ladder/ladder_148/nominal.csv,0.040363618799999834,0.0,0.0,0.6358276368000001,0.275
E12_CROUCH_LADDER_2026-08-26,ladder_148__d055,/data/robotixx/groot-wbc-kimodo-m0/lfh_crouch_ladder/ladder_148/d055.pkl,/data/robotixx/groot-wbc-kimodo-m0/lfh_crouch_ladder/ladder_148/d055.csv,screen_empty,accepted,1,,0.3045328662532179,0.30754331760709763,,0.0,14.853936845888551,199,120,5.065187594587386,5.056433891541273,0.9982717909489734,1.2662968986468466,0.09258058116292166,0.7236138915274999,0.6438321225,adapted,/data/robotixx/groot-wbc-kimodo-m0/lfh_crouch_ladder/ladder_148/nominal.csv,0.05544109429999988,0.0,0.0,0.7628735352000001,0.275
E12_CROUCH_LADDER_2026-08-26,ladder_148__d070,/data/robotixx/groot-wbc-kimodo-m0/lfh_crouch_ladder/ladder_148/d070.pkl,/data/robotixx/groot-wbc-kimodo-m0/lfh_crouch_ladder/ladder_148/d070.csv,screen_empty,rejected,0,reference_endpoint_tracking_error,0.35283692248126947,0.35556527568007484,,0.0,104.60534657321223,199,120,5.065187594587386,5.056433891541273,0.9982717909489734,1.2662968986468466,0.09258058116292166,0.7162342548825001,0.6233750786,adapted,/data/robotixx/groot-wbc-kimodo-m0/lfh_crouch_ladder/ladder_148/nominal.csv,0.07049238219999987,0.0,0.0,0.8743676758000001,0.275
E12_CROUCH_LADDER_2026-08-26,ladder_148__nominal,/data/robotixx/groot-wbc-kimodo-m0/lfh_crouch_ladder/ladder_148/nominal.pkl,/data/robotixx/groot-wbc-kimodo-m0/lfh_crouch_ladder/ladder_148/nominal.csv,screen_empty,accepted,1,,0.06612945392542405,0.12801930284837684,,0.0,123.11094637324776,199,120,5.065187594587386,5.056433891541273,0.9982717909489734,1.2662968986468466,0.09258058116292166,0.7553897495041667,0.7313374877,nominal,,,,,,
E1A_2026-08-20,duck_003__adapted_easy__repeat_1,/data/robotixx/groot-wbc-kimodo-m0/counterfactual/duck_003/motions/adapted_easy.pkl,/data/robotixx/groot-wbc-kimodo-m0/taxonomy/motions_4s/056_a_person_walks_at_a_steady_pace_and_ducks_down_l_s0.csv,cf_005_056_easy,accepted,1,,0.29947863987657275,0.29892780948992365,0.09054164558342868,0.0,240.24981419779598,199,120,5.510565395863174,5.494803835768141,0.9971397562749432,1.3776413489657935,0.2090710451615243,0.7253866995374362,0.5237685441970825,nominal,,,,,,
E1A_2026-08-20,duck_003__adapted_easy__repeat_2,/data/robotixx/groot-wbc-kimodo-m0/counterfactual/duck_003/motions/adapted_easy.pkl,/data/robotixx/groot-wbc-kimodo-m0/taxonomy/motions_4s/056_a_person_walks_at_a_steady_pace_and_ducks_down_l_s0.csv,cf_005_056_easy,accepted,1,,0.3078345850996281,0.30443239893063756,0.0868596846511886,0.0,179.20970083446812,199,120,5.510565395863174,5.494803835768141,0.9971397562749432,1.3776413489657935,0.2090710451615243,0.7253866995374362,0.5237685441970825,nominal,,,,,,
E1A_2026-08-20,duck_003__adapted_hard__repeat_1,/data/robotixx/groot-wbc-kimodo-m0/counterfactual/duck_003/motions/adapted_hard.pkl,/data/robotixx/groot-wbc-kimodo-m0/taxonomy/motions_4s/056_a_person_walks_at_a_steady_pace_and_ducks_down_l_s0.csv,cf_005_056_hard,accepted,1,,0.29947863987657275,0.29892780948992365,0.09054164558342868,0.0,240.24981419779598,199,120,5.510565395863174,5.494803835768141,0.9971397562749432,1.3776413489657935,0.2090710451615243,0.7253866995374362,0.5237685441970825,nominal,,,,,,
E1A_2026-08-20,duck_003__adapted_hard__repeat_2,/data/robotixx/groot-wbc-kimodo-m0/counterfactual/duck_003/motions/adapted_hard.pkl,/data/robotixx/groot-wbc-kimodo-m0/taxonomy/motions_4s/056_a_person_walks_at_a_steady_pace_and_ducks_down_l_s0.csv,cf_005_056_hard,accepted,1,,0.3078345850996281,0.30443239893063756,0.0868596846511886,0.0,179.20970083446812,199,120,5.510565395863174,5.494803835768141,0.9971397562749432,1.3776413489657935,0.2090710451615243,0.7253866995374362,0.5237685441970825,nominal,,,,,,
E1A_2026-08-20,duck_003__nominal_easy__repeat_1,/data/robotixx/groot-wbc-kimodo-m0/counterfactual/duck_003/motions/nominal_easy.pkl,/data/robotixx/groot-wbc-kimodo-m0/taxonomy/motions_4s/005_a_person_walks_at_a_steady_pace_in_a_straight_li_s0.csv,cf_005_056_easy,accepted,1,,0.15103796288154908,0.14396152752457567,0.042829342830472225,0.0,86.50403925419849,199,120,4.225047877764127,4.217829092221638,0.9982914310674489,1.0562619694410318,0.15255694389765959,0.7580640176932018,0.7326043248176575,nominal,,,,,,
E1A_2026-08-20,duck_003__nominal_easy__repeat_2,/data/robotixx/groot-wbc-kimodo-m0/counterfactual/duck_003/motions/nominal_easy.pkl,/data/robotixx/groot-wbc-kimodo-m0/taxonomy/motions_4s/005_a_person_walks_at_a_steady_pace_in_a_straight_li_s0.csv,cf_005_056_easy,accepted,1,,0.0974460477084395,0.1453957925546715,-0.0007689261445718395,0.0,94.00602398055689,199,120,4.225047877764127,4.217829092221638,0.9982914310674489,1.0562619694410318,0.15255694389765959,0.7580640176932018,0.7326043248176575,nominal,,,,,,
E1A_2026-08-20,duck_003__nominal_hard__repeat_1,/data/robotixx/groot-wbc-kimodo-m0/counterfactual/duck_003/motions/nominal_hard.pkl,/data/robotixx/groot-wbc-kimodo-m0/taxonomy/motions_4s/005_a_person_walks_at_a_steady_pace_in_a_straight_li_s0.csv,cf_005_056_hard,rejected,0,disallowed_robot_contact|unstable_reference_drift,1.4617413433738662,1.3391820577113835,0.6430414124354005,503.79547119140625,121.73625149499668,199,120,4.225047877764127,4.217829092221638,0.9982914310674489,1.0562619694410318,0.15255694389765959,0.7580640176932018,0.7326043248176575,nominal,,,,,,
E1A_2026-08-20,duck_003__nominal_hard__repeat_2,/data/robotixx/groot-wbc-kimodo-m0/counterfactual/duck_003/motions/nominal_hard.pkl,/data/robotixx/groot-wbc-kimodo-m0/taxonomy/motions_4s/005_a_person_walks_at_a_steady_pace_in_a_straight_li_s0.csv,cf_005_056_hard,rejected,0,disallowed_robot_contact|unstable_reference_drift,1.3766509201047568,1.2703020722523692,0.6090911248691737,641.5369873046875,94.00602398055689,199,120,4.225047877764127,4.217829092221638,0.9982914310674489,1.0562619694410318,0.15255694389765959,0.7580640176932018,0.7326043248176575,nominal,,,,,,
E1A_2026-08-20,mf_005_c08__adapted_easy__repeat_1,/data/robotixx/groot-wbc-kimodo-m0/matched/mf_005_c08/motions/w_crouch08_easy.pkl,/data/robotixx/groot-wbc-kimodo-m0/modebank/sweep/w_crouch08.csv,mf_005_c08_easy,accepted,1,,0.2860311976265372,0.3189173811731942,0.07712216857172427,0.0,186.06877204227257,199,120,4.225048022790974,4.217829236521081,0.9982914309539317,1.0562620056977434,0.15256575196829458,0.7290392249999998,0.603978,adapted,/data/robotixx/groot-wbc-kimodo-m0/modebank/sweep/w_nominal.csv,0.08684999999999987,0.0,0.0,0.9942630000000001,0.175
E1A_2026-08-20,mf_005_c08__adapted_easy__repeat_2,/data/robotixx/groot-wbc-kimodo-m0/matched/mf_005_c08/motions/w_crouch08_easy.pkl,/data/robotixx/groot-wbc-kimodo-m0/modebank/sweep/w_crouch08.csv,mf_005_c08_easy,accepted,1,,0.3262036650503342,0.31594246918818386,0.1039308031148355,0.0,103.99496700331841,199,120,4.225048022790974,4.217829236521081,0.9982914309539317,1.0562620056977434,0.15256575196829458,0.7290392249999998,0.603978,adapted,/data/robotixx/groot-wbc-kimodo-m0/modebank/sweep/w_nominal.csv,0.08684999999999987,0.0,0.0,0.9942630000000001,0.175
E1A_2026-08-20,mf_005_c08__adapted_hard__repeat_1,/data/robotixx/groot-wbc-kimodo-m0/matched/mf_005_c08/motions/w_crouch08_hard.pkl,/data/robotixx/groot-wbc-kimodo-m0/modebank/sweep/w_crouch08.csv,mf_005_c08_hard,accepted,1,,0.28307826176919976,0.3189173811731942,0.07607541263933087,0.0,186.06877204227257,199,120,4.225048022790974,4.217829236521081,0.9982914309539317,1.0562620056977434,0.15256575196829458,0.7290392249999998,0.603978,adapted,/data/robotixx/groot-wbc-kimodo-m0/modebank/sweep/w_nominal.csv,0.08684999999999987,0.0,0.0,0.9942630000000001,0.175
E1A_2026-08-20,mf_005_c08__adapted_hard__repeat_2,/data/robotixx/groot-wbc-kimodo-m0/matched/mf_005_c08/motions/w_crouch08_hard.pkl,/data/robotixx/groot-wbc-kimodo-m0/modebank/sweep/w_crouch08.csv,mf_005_c08_hard,accepted,1,,0.3262036650503342,0.31594246918818386,0.1039308031148355,0.0,103.99496700331841,199,120,4.225048022790974,4.217829236521081,0.9982914309539317,1.0562620056977434,0.15256575196829458,0.7290392249999998,0.603978,adapted,/data/robotixx/groot-wbc-kimodo-m0/modebank/sweep/w_nominal.csv,0.08684999999999987,0.0,0.0,0.9942630000000001,0.175
E1A_2026-08-20,mf_005_c08__nominal_easy__repeat_1,/data/robotixx/groot-wbc-kimodo-m0/matched/mf_005_c08/motions/w_nominal_easy.pkl,/data/robotixx/groot-wbc-kimodo-m0/modebank/sweep/w_nominal.csv,mf_005_c08_easy,accepted,1,,0.15894962613857525,0.15485608781032842,0.048669543795431376,0.0,81.28091624642242,199,120,4.225048022790974,4.217829236521081,0.9982914309539317,1.0562620056977434,0.15256575196829458,0.7580640083333333,0.732604,nominal,,,,,,
E1A_2026-08-20,mf_005_c08__nominal_easy__repeat_2,/data/robotixx/groot-wbc-kimodo-m0/matched/mf_005_c08/motions/w_nominal_easy.pkl,/data/robotixx/groot-wbc-kimodo-m0/modebank/sweep/w_nominal.csv,mf_005_c08_easy,accepted,1,,0.0983173620443152,0.14488099597425594,0.0009802474733522856,0.0,92.25887871287762,199,120,4.225048022790974,4.217829236521081,0.9982914309539317,1.0562620056977434,0.15256575196829458,0.7580640083333333,0.732604,nominal,,,,,,
E1A_2026-08-20,mf_005_c08__nominal_hard__repeat_1,/data/robotixx/groot-wbc-kimodo-m0/matched/mf_005_c08/motions/w_nominal_hard.pkl,/data/robotixx/groot-wbc-kimodo-m0/modebank/sweep/w_nominal.csv,mf_005_c08_hard,rejected,0,disallowed_robot_contact|unstable_reference_drift,0.8125812053336001,0.8035755810357237,0.39874966513091253,528.412109375,81.28091624642242,199,120,4.225048022790974,4.217829236521081,0.9982914309539317,1.0562620056977434,0.15256575196829458,0.7580640083333333,0.732604,nominal,,,,,,
E1A_2026-08-20,mf_005_c08__nominal_hard__repeat_2,/data/robotixx/groot-wbc-kimodo-m0/matched/mf_005_c08/motions/w_nominal_hard.pkl,/data/robotixx/groot-wbc-kimodo-m0/modebank/sweep/w_nominal.csv,mf_005_c08_hard,rejected,0,disallowed_robot_contact|unstable_reference_drift,0.8048740158372303,0.8078624724416098,0.38920350980245455,382.7192031198077,92.25887871287762,199,120,4.225048022790974,4.217829236521081,0.9982914309539317,1.0562620056977434,0.15256575196829458,0.7580640083333333,0.732604,nominal,,,,,,
E1B_V2_2026-08-20,cs_duck_003__shelf_plank__adapted_easy,/data/robotixx/groot-wbc-kimodo-m0/counterfactual/duck_003/motions/adapted_easy.pkl,/data/robotixx/groot-wbc-kimodo-m0/taxonomy/motions_4s/056_a_person_walks_at_a_steady_pace_and_ducks_down_l_s0.csv,cs_duck_003__shelf_plank__s00000017__easy,accepted,1,,0.33048505221741653,0.3086285521480737,0.10100876230403716,0.0,146.6452538671906,199,120,5.510565395863174,5.494803835768141,0.9971397562749432,1.3776413489657935,0.2090710451615243,0.7253866995374362,0.5237685441970825,nominal,,,,,,
E1B_V2_2026-08-20,cs_duck_003__shelf_plank__adapted_hard,/data/robotixx/groot-wbc-kimodo-m0/counterfactual/duck_003/motions/adapted_hard.pkl,/data/robotixx/groot-wbc-kimodo-m0/taxonomy/motions_4s/056_a_person_walks_at_a_steady_pace_and_ducks_down_l_s0.csv,cs_duck_003__shelf_plank__s00000017__hard,accepted,1,,0.33048505221741653,0.3086285521480737,0.10100876230403716,0.0,146.6452538671906,199,120,5.510565395863174,5.494803835768141,0.9971397562749432,1.3776413489657935,0.2090710451615243,0.7253866995374362,0.5237685441970825,nominal,,,,,,
E1B_V2_2026-08-20,cs_duck_003__shelf_plank__nominal_easy,/data/robotixx/groot-wbc-kimodo-m0/counterfactual/duck_003/motions/nominal_easy.pkl,/data/robotixx/groot-wbc-kimodo-m0/taxonomy/motions_4s/005_a_person_walks_at_a_steady_pace_in_a_straight_li_s0.csv,cs_duck_003__shelf_plank__s00000017__easy,accepted,1,,0.14982363592788123,0.1377830039651489,0.034994444260987564,0.0,49.484351678912134,199,120,4.225047877764127,4.217829092221638,0.9982914310674489,1.0562619694410318,0.15255694389765959,0.7580640176932018,0.7326043248176575,nominal,,,,,,
E1B_V2_2026-08-20,cs_duck_003__shelf_plank__nominal_hard,/data/robotixx/groot-wbc-kimodo-m0/counterfactual/duck_003/motions/nominal_hard.pkl,/data/robotixx/groot-wbc-kimodo-m0/taxonomy/motions_4s/005_a_person_walks_at_a_steady_pace_in_a_straight_li_s0.csv,cs_duck_003__shelf_plank__s00000017__hard,rejected,0,disallowed_robot_contact|unstable_reference_drift,1.3067134365428632,1.202007057233472,0.5662821445154124,715.1903746019897,53.31181695027142,199,120,4.225047877764127,4.217829092221638,0.9982914310674489,1.0562619694410318,0.15255694389765959,0.7580640176932018,0.7326043248176575,nominal,,,,,,
E2_VARIANT_TRANSFER_2026-08-20,cs_duck_003__door_lintel__s00000017__adapted_easy,/data/robotixx/groot-wbc-kimodo-m0/counterfactual/duck_003/motions/adapted_easy.pkl,/data/robotixx/groot-wbc-kimodo-m0/taxonomy/motions_4s/056_a_person_walks_at_a_steady_pace_and_ducks_down_l_s0.csv,cs_duck_003__door_lintel__s00000017__easy,accepted,1,,0.36788947671815037,0.34494492626476025,0.09765714543714293,0.0,224.66049826132507,199,120,5.510565395863174,5.494803835768141,0.9971397562749432,1.3776413489657935,0.2090710451615243,0.7253866995374362,0.5237685441970825,nominal,,,,,,
E2_VARIANT_TRANSFER_2026-08-20,cs_duck_003__door_lintel__s00000017__adapted_hard,/data/robotixx/groot-wbc-kimodo-m0/counterfactual/duck_003/motions/adapted_hard.pkl,/data/robotixx/groot-wbc-kimodo-m0/taxonomy/motions_4s/056_a_person_walks_at_a_steady_pace_and_ducks_down_l_s0.csv,cs_duck_003__door_lintel__s00000017__hard,accepted,1,,0.36788947671815037,0.34494492626476025,0.09765714543714293,0.0,224.66049826132507,199,120,5.510565395863174,5.494803835768141,0.9971397562749432,1.3776413489657935,0.2090710451615243,0.7253866995374362,0.5237685441970825,nominal,,,,,,
E2_VARIANT_TRANSFER_2026-08-20,cs_duck_003__door_lintel__s00000017__nominal_easy,/data/robotixx/groot-wbc-kimodo-m0/counterfactual/duck_003/motions/nominal_easy.pkl,/data/robotixx/groot-wbc-kimodo-m0/taxonomy/motions_4s/005_a_person_walks_at_a_steady_pace_in_a_straight_li_s0.csv,cs_duck_003__door_lintel__s00000017__easy,accepted,1,,0.13586725039751682,0.11094143848353227,0.019457155689632206,0.0,82.96152423077906,199,120,4.225047877764127,4.217829092221638,0.9982914310674489,1.0562619694410318,0.15255694389765959,0.7580640176932018,0.7326043248176575,nominal,,,,,,
E2_VARIANT_TRANSFER_2026-08-20,cs_duck_003__door_lintel__s00000017__nominal_hard,/data/robotixx/groot-wbc-kimodo-m0/counterfactual/duck_003/motions/nominal_hard.pkl,/data/robotixx/groot-wbc-kimodo-m0/taxonomy/motions_4s/005_a_person_walks_at_a_steady_pace_in_a_straight_li_s0.csv,cs_duck_003__door_lintel__s00000017__hard,rejected,0,disallowed_robot_contact|unstable_reference_drift,1.299201791233182,1.2554960131472135,0.5857056504934003,394.9694519042969,82.96152423077906,199,120,4.225047877764127,4.217829092221638,0.9982914310674489,1.0562619694410318,0.15255694389765959,0.7580640176932018,0.7326043248176575,nominal,,,,,,
E2_VARIANT_TRANSFER_2026-08-20,cs_duck_003__hvac_duct__s00000017__adapted_easy,/data/robotixx/groot-wbc-kimodo-m0/counterfactual/duck_003/motions/adapted_easy.pkl,/data/robotixx/groot-wbc-kimodo-m0/taxonomy/motions_4s/056_a_person_walks_at_a_steady_pace_and_ducks_down_l_s0.csv,cs_duck_003__hvac_duct__s00000017__easy,accepted,1,,0.28351346477704487,0.24569337445282677,0.05174112489800453,0.0,244.4307627570787,199,120,5.510565395863174,5.494803835768141,0.9971397562749432,1.3776413489657935,0.2090710451615243,0.7253866995374362,0.5237685441970825,nominal,,,,,,
E2_VARIANT_TRANSFER_2026-08-20,cs_duck_003__hvac_duct__s00000017__adapted_hard,/data/robotixx/groot-wbc-kimodo-m0/counterfactual/duck_003/motions/adapted_hard.pkl,/data/robotixx/groot-wbc-kimodo-m0/taxonomy/motions_4s/056_a_person_walks_at_a_steady_pace_and_ducks_down_l_s0.csv,cs_duck_003__hvac_duct__s00000017__hard,accepted,1,,0.28351346477704487,0.24569337445282677,0.05174112489800453,0.0,244.4307627570787,199,120,5.510565395863174,5.494803835768141,0.9971397562749432,1.3776413489657935,0.2090710451615243,0.7253866995374362,0.5237685441970825,nominal,,,,,,
E2_VARIANT_TRANSFER_2026-08-20,cs_duck_003__hvac_duct__s00000017__nominal_easy,/data/robotixx/groot-wbc-kimodo-m0/counterfactual/duck_003/motions/nominal_easy.pkl,/data/robotixx/groot-wbc-kimodo-m0/taxonomy/motions_4s/005_a_person_walks_at_a_steady_pace_in_a_straight_li_s0.csv,cs_duck_003__hvac_duct__s00000017__easy,accepted,1,,0.08983385731393245,0.15615639666787476,-0.013267486417340458,0.0,99.32616428264267,199,120,4.225047877764127,4.217829092221638,0.9982914310674489,1.0562619694410318,0.15255694389765959,0.7580640176932018,0.7326043248176575,nominal,,,,,,
E2_VARIANT_TRANSFER_2026-08-20,cs_duck_003__hvac_duct__s00000017__nominal_hard,/data/robotixx/groot-wbc-kimodo-m0/counterfactual/duck_003/motions/nominal_hard.pkl,/data/robotixx/groot-wbc-kimodo-m0/taxonomy/motions_4s/005_a_person_walks_at_a_steady_pace_in_a_straight_li_s0.csv,cs_duck_003__hvac_duct__s00000017__hard,rejected,0,disallowed_robot_contact|unstable_reference_drift,1.1351839461714057,1.0418833326893344,0.49103519177563637,774.91162109375,99.32616428264267,199,120,4.225047877764127,4.217829092221638,0.9982914310674489,1.0562619694410318,0.15255694389765959,0.7580640176932018,0.7326043248176575,nominal,,,,,,
E2_VARIANT_TRANSFER_2026-08-20,cs_duck_003__ibeam__s00000017__adapted_easy,/data/robotixx/groot-wbc-kimodo-m0/counterfactual/duck_003/motions/adapted_easy.pkl,/data/robotixx/groot-wbc-kimodo-m0/taxonomy/motions_4s/056_a_person_walks_at_a_steady_pace_and_ducks_down_l_s0.csv,cs_duck_003__ibeam__s00000017__easy,accepted,1,,0.26363068507417636,0.2545720904475454,0.07148130970464081,0.0,202.44171926280606,199,120,5.510565395863174,5.494803835768141,0.9971397562749432,1.3776413489657935,0.2090710451615243,0.7253866995374362,0.5237685441970825,nominal,,,,,,
E2_VARIANT_TRANSFER_2026-08-20,cs_duck_003__ibeam__s00000017__adapted_hard,/data/robotixx/groot-wbc-kimodo-m0/counterfactual/duck_003/motions/adapted_hard.pkl,/data/robotixx/groot-wbc-kimodo-m0/taxonomy/motions_4s/056_a_person_walks_at_a_steady_pace_and_ducks_down_l_s0.csv,cs_duck_003__ibeam__s00000017__hard,accepted,1,,0.26363068507417636,0.2545720904475454,0.07148130970464081,0.0,202.44171926280606,199,120,5.510565395863174,5.494803835768141,0.9971397562749432,1.3776413489657935,0.2090710451615243,0.7253866995374362,0.5237685441970825,nominal,,,,,,
E2_VARIANT_TRANSFER_2026-08-20,cs_duck_003__ibeam__s00000017__nominal_easy,/data/robotixx/groot-wbc-kimodo-m0/counterfactual/duck_003/motions/nominal_easy.pkl,/data/robotixx/groot-wbc-kimodo-m0/taxonomy/motions_4s/005_a_person_walks_at_a_steady_pace_in_a_straight_li_s0.csv,cs_duck_003__ibeam__s00000017__easy,accepted,1,,0.12011766575833045,0.13956582600253073,0.006715734739115811,0.0,61.07864740145741,199,120,4.225047877764127,4.217829092221638,0.9982914310674489,1.0562619694410318,0.15255694389765959,0.7580640176932018,0.7326043248176575,nominal,,,,,,
E2_VARIANT_TRANSFER_2026-08-20,cs_duck_003__ibeam__s00000017__nominal_hard,/data/robotixx/groot-wbc-kimodo-m0/counterfactual/duck_003/motions/nominal_hard.pkl,/data/robotixx/groot-wbc-kimodo-m0/taxonomy/motions_4s/005_a_person_walks_at_a_steady_pace_in_a_straight_li_s0.csv,cs_duck_003__ibeam__s00000017__hard,rejected,0,disallowed_robot_contact|unstable_reference_drift,1.3105712017764095,1.2018072972601181,0.534801067495247,673.5806274414062,166.03614173060666,199,120,4.225047877764127,4.217829092221638,0.9982914310674489,1.0562619694410318,0.15255694389765959,0.7580640176932018,0.7326043248176575,nominal,,,,,,
E3_LATERAL_PILOT_2026-08-20,cs_lfh_084_arm_tuck_right_cal2__pinch_panels__s00031584__adapted_easy,/data/robotixx/groot-wbc-kimodo-m0/lfh_arm_tuck_strong_calibration/lfh_084_arm_tuck_right/strong.pkl,/data/robotixx/groot-wbc-kimodo-m0/lfh_arm_tuck_strong_calibration/lfh_084_arm_tuck_right/strong.csv,cs_lfh_084_arm_tuck_right_cal2__pinch_panels__s00031584__easy,accepted,1,,0.08633807324366637,0.07766234338671414,-0.0040094781076555255,0.0,72.35598033377605,199,120,3.271816703232046,2.938089522923085,0.8979994264411907,0.8179541758080116,3.2260138126944353,0.7611930112033333,0.7378442883,adapted,/data/robotixx/groot-wbc-kimodo-m0/lfh_arm_tuck_strong_calibration/lfh_084_arm_tuck_right/nominal.csv,0.0,0.0,0.04500810792547752,0.3998046875000001,0.225
E3_LATERAL_PILOT_2026-08-20,cs_lfh_084_arm_tuck_right_cal2__pinch_panels__s00031584__adapted_hard,/data/robotixx/groot-wbc-kimodo-m0/lfh_arm_tuck_strong_calibration/lfh_084_arm_tuck_right/strong.pkl,/data/robotixx/groot-wbc-kimodo-m0/lfh_arm_tuck_strong_calibration/lfh_084_arm_tuck_right/strong.csv,cs_lfh_084_arm_tuck_right_cal2__pinch_panels__s00031584__hard,rejected,0,disallowed_robot_contact,0.1930211741140997,0.1828818438212234,0.06420777913803331,260.09816501462967,72.35598033377605,199,120,3.271816703232046,2.938089522923085,0.8979994264411907,0.8179541758080116,3.2260138126944353,0.7611930112033333,0.7378442883,adapted,/data/robotixx/groot-wbc-kimodo-m0/lfh_arm_tuck_strong_calibration/lfh_084_arm_tuck_right/nominal.csv,0.0,0.0,0.04500810792547752,0.3998046875000001,0.225
E3_LATERAL_PILOT_2026-08-20,cs_lfh_084_arm_tuck_right_cal2__pinch_panels__s00031584__nominal_easy,/data/robotixx/groot-wbc-kimodo-m0/lfh_arm_tuck_strong_calibration/lfh_084_arm_tuck_right/nominal.pkl,/data/robotixx/groot-wbc-kimodo-m0/lfh_arm_tuck_strong_calibration/lfh_084_arm_tuck_right/nominal.csv,cs_lfh_084_arm_tuck_right_cal2__pinch_panels__s00031584__easy,accepted,1,,0.046669074820749834,0.07559725338209854,-0.025428339912448746,0.0,72.35598033377605,199,120,3.271816703232046,2.938089522923085,0.8979994264411907,0.8179541758080116,3.2260138126944353,0.7611930112033333,0.7378442883,nominal,,,,,,
E3_LATERAL_PILOT_2026-08-20,cs_lfh_084_arm_tuck_right_cal2__pinch_panels__s00031584__nominal_hard,/data/robotixx/groot-wbc-kimodo-m0/lfh_arm_tuck_strong_calibration/lfh_084_arm_tuck_right/nominal.pkl,/data/robotixx/groot-wbc-kimodo-m0/lfh_arm_tuck_strong_calibration/lfh_084_arm_tuck_right/nominal.csv,cs_lfh_084_arm_tuck_right_cal2__pinch_panels__s00031584__hard,rejected,0,disallowed_robot_contact,0.03640683514544889,0.07662912950865207,-0.010972451325661048,122.38396453857426,72.35598033377605,199,120,3.271816703232046,2.938089522923085,0.8979994264411907,0.8179541758080116,3.2260138126944353,0.7611930112033333,0.7378442883,nominal,,,,,,
E6A_CROUCH_CONTEXT_2026-08-20,cs_lfh_086_crouch_cal3__shelf_plank__s00031786__adapted_easy,/data/robotixx/groot-wbc-kimodo-m0/lfh_crouch_calibration/lfh_086_crouch/adapted.pkl,/data/robotixx/groot-wbc-kimodo-m0/lfh_crouch_calibration/lfh_086_crouch/adapted.csv,cs_lfh_086_crouch_cal3__shelf_plank__s00031786__easy,rejected,0,unstable_reference_drift,0.3409959894890433,0.3445030521727112,0.15097431921516719,0.0,22.11827298669926,199,120,3.7235001295794885,3.6873899489190314,0.9903020869064573,0.9308750323948721,1.4355539050647304,0.7363965792133335,0.6174173838,adapted,/data/robotixx/groot-wbc-kimodo-m0/lfh_crouch_calibration/lfh_086_crouch/nominal.csv,0.08000889939999989,0.0,0.0,0.9382495118000002,0.13333333333333333
E6A_CROUCH_CONTEXT_2026-08-20,cs_lfh_086_crouch_cal3__shelf_plank__s00031786__nominal_easy,/data/robotixx/groot-wbc-kimodo-m0/lfh_crouch_calibration/lfh_086_crouch/nominal.pkl,/data/robotixx/groot-wbc-kimodo-m0/lfh_crouch_calibration/lfh_086_crouch/nominal.csv,cs_lfh_086_crouch_cal3__shelf_plank__s00031786__easy,accepted,1,,0.18073723269490544,0.23693562129337453,0.09217652233753477,0.0,16.13300960548207,199,120,3.7235001295794885,3.6873899489190314,0.9903020869064573,0.9308750323948721,1.4355539050647304,0.7580079004183333,0.7312200665,nominal,,,,,,
E6A_CROUCH_CONTEXT_2026-08-20,cs_lfh_089_crouch_cal3__shelf_plank__s00031789__adapted_easy,/data/robotixx/groot-wbc-kimodo-m0/lfh_crouch_calibration/lfh_089_crouch/adapted.pkl,/data/robotixx/groot-wbc-kimodo-m0/lfh_crouch_calibration/lfh_089_crouch/adapted.csv,cs_lfh_089_crouch_cal3__shelf_plank__s00031789__easy,accepted,1,,0.35462072013126605,0.31892628486345065,0.12544325779721682,0.0,102.91994533434637,199,120,4.178455252066606,4.140134663064182,0.9908290057710989,1.0446138130166516,0.624930899378237,0.7327790313733333,0.5871544808,adapted,/data/robotixx/groot-wbc-kimodo-m0/lfh_crouch_calibration/lfh_089_crouch/nominal.csv,0.08334869,0.0,0.0,0.9753344727000002,0.15
E6A_CROUCH_CONTEXT_2026-08-20,cs_lfh_089_crouch_cal3__shelf_plank__s00031789__nominal_easy,/data/robotixx/groot-wbc-kimodo-m0/lfh_crouch_calibration/lfh_089_crouch/nominal.pkl,/data/robotixx/groot-wbc-kimodo-m0/lfh_crouch_calibration/lfh_089_crouch/nominal.csv,cs_lfh_089_crouch_cal3__shelf_plank__s00031789__easy,accepted,1,,0.20580037897053993,0.15712928609082824,0.035571236703456854,0.0,102.91994533434637,199,120,4.178455252066606,4.140134663064182,0.9908290057710989,1.0446138130166516,0.624930899378237,0.7569683199158334,0.7285178304,nominal,,,,,,
E6A_CROUCH_CONTEXT_2026-08-20,cs_lfh_090_crouch_cal3__shelf_plank__s00031790__adapted_easy,/data/robotixx/groot-wbc-kimodo-m0/lfh_crouch_calibration/lfh_090_crouch/adapted.pkl,/data/robotixx/groot-wbc-kimodo-m0/lfh_crouch_calibration/lfh_090_crouch/adapted.csv,cs_lfh_090_crouch_cal3__shelf_plank__s00031790__easy,accepted,1,,0.2750014990757936,0.27659401628126035,0.10574868680216824,0.0,209.20534824886408,199,120,3.84290321830685,3.7841762363621694,0.9847180689680353,0.9607258045767125,2.0230244461814744,0.7358950143083334,0.6014716828,adapted,/data/robotixx/groot-wbc-kimodo-m0/lfh_crouch_calibration/lfh_090_crouch/nominal.csv,0.08001345330000009,0.0,0.0,0.934182129,0.13333333333333333
E6A_CROUCH_CONTEXT_2026-08-20,cs_lfh_090_crouch_cal3__shelf_plank__s00031790__nominal_easy,/data/robotixx/groot-wbc-kimodo-m0/lfh_crouch_calibration/lfh_090_crouch/nominal.pkl,/data/robotixx/groot-wbc-kimodo-m0/lfh_crouch_calibration/lfh_090_crouch/nominal.csv,cs_lfh_090_crouch_cal3__shelf_plank__s00031790__easy,accepted,1,,0.08617225856318537,0.08869621285070997,-0.0023241548373711314,0.0,209.20534824886408,199,120,3.84290321830685,3.7841762363621694,0.9847180689680353,0.9607258045767125,2.0230244461814744,0.7577271883716666,0.7276740074,nominal,,,,,,
E6B_CROUCH_HARD_2026-08-20,cs_lfh_089_crouch_cal3__shelf_plank__s00031789__adapted_hard,/data/robotixx/groot-wbc-kimodo-m0/lfh_crouch_calibration/lfh_089_crouch/adapted.pkl,/data/robotixx/groot-wbc-kimodo-m0/lfh_crouch_calibration/lfh_089_crouch/adapted.csv,cs_lfh_089_crouch_cal3__shelf_plank__s00031789__hard,accepted,1,,0.35462072013126605,0.31892628486345065,0.12544325779721682,0.0,102.91994533434637,199,120,4.178455252066606,4.140134663064182,0.9908290057710989,1.0446138130166516,0.624930899378237,0.7327790313733333,0.5871544808,adapted,/data/robotixx/groot-wbc-kimodo-m0/lfh_crouch_calibration/lfh_089_crouch/nominal.csv,0.08334869,0.0,0.0,0.9753344727000002,0.15
E6B_CROUCH_HARD_2026-08-20,cs_lfh_089_crouch_cal3__shelf_plank__s00031789__nominal_hard,/data/robotixx/groot-wbc-kimodo-m0/lfh_crouch_calibration/lfh_089_crouch/nominal.pkl,/data/robotixx/groot-wbc-kimodo-m0/lfh_crouch_calibration/lfh_089_crouch/nominal.csv,cs_lfh_089_crouch_cal3__shelf_plank__s00031789__hard,rejected,0,disallowed_robot_contact,0.26657141037127513,0.2185048682744151,0.06159249952384431,181.68798522725706,102.91994533434637,199,120,4.178455252066606,4.140134663064182,0.9908290057710989,1.0446138130166516,0.624930899378237,0.7569683199158334,0.7285178304,nominal,,,,,,
E6B_CROUCH_HARD_2026-08-20,cs_lfh_090_crouch_cal3__shelf_plank__s00031790__adapted_hard,/data/robotixx/groot-wbc-kimodo-m0/lfh_crouch_calibration/lfh_090_crouch/adapted.pkl,/data/robotixx/groot-wbc-kimodo-m0/lfh_crouch_calibration/lfh_090_crouch/adapted.csv,cs_lfh_090_crouch_cal3__shelf_plank__s00031790__hard,accepted,1,,0.2750014990757936,0.27659401628126035,0.10574868680216824,0.0,209.20534824886408,199,120,3.84290321830685,3.7841762363621694,0.9847180689680353,0.9607258045767125,2.0230244461814744,0.7358950143083334,0.6014716828,adapted,/data/robotixx/groot-wbc-kimodo-m0/lfh_crouch_calibration/lfh_090_crouch/nominal.csv,0.08001345330000009,0.0,0.0,0.934182129,0.13333333333333333
E6B_CROUCH_HARD_2026-08-20,cs_lfh_090_crouch_cal3__shelf_plank__s00031790__nominal_hard,/data/robotixx/groot-wbc-kimodo-m0/lfh_crouch_calibration/lfh_090_crouch/nominal.pkl,/data/robotixx/groot-wbc-kimodo-m0/lfh_crouch_calibration/lfh_090_crouch/nominal.csv,cs_lfh_090_crouch_cal3__shelf_plank__s00031790__hard,rejected,0,disallowed_robot_contact|unstable_reference_drift,0.6062777202146062,0.6108847858365201,0.30321349562840877,1810.4884623575729,209.20534824886408,199,120,3.84290321830685,3.7841762363621694,0.9847180689680353,0.9607258045767125,2.0230244461814744,0.7577271883716666,0.7276740074,nominal,,,,,,
E6C_CROUCH_EXPOSURE_EASY_2026-08-20,cs_lfh_086_crouch_cal3_d0100__shelf_plank__s00031886__adapted_easy,/data/robotixx/groot-wbc-kimodo-m0/lfh_crouch_calibration/lfh_086_crouch/adapted.pkl,/data/robotixx/groot-wbc-kimodo-m0/lfh_crouch_calibration/lfh_086_crouch/adapted.csv,cs_lfh_086_crouch_cal3_d0100__shelf_plank__s00031886__easy,accepted,1,,0.30257684084092407,0.3146723268617722,0.12819641286966837,0.0,23.29395241702849,199,120,3.7235001295794885,3.6873899489190314,0.9903020869064573,0.9308750323948721,1.4355539050647304,0.7363965792133335,0.6174173838,adapted,/data/robotixx/groot-wbc-kimodo-m0/lfh_crouch_calibration/lfh_086_crouch/nominal.csv,0.08000889939999989,0.0,0.0,0.9382495118000002,0.13333333333333333
E6C_CROUCH_EXPOSURE_EASY_2026-08-20,cs_lfh_086_crouch_cal3_d0100__shelf_plank__s00031886__nominal_easy,/data/robotixx/groot-wbc-kimodo-m0/lfh_crouch_calibration/lfh_086_crouch/nominal.pkl,/data/robotixx/groot-wbc-kimodo-m0/lfh_crouch_calibration/lfh_086_crouch/nominal.csv,cs_lfh_086_crouch_cal3_d0100__shelf_plank__s00031886__easy,accepted,1,,0.0912287107859746,0.13374668247484717,0.0170027456498415,0.0,156.37870609021164,199,120,3.7235001295794885,3.6873899489190314,0.9903020869064573,0.9308750323948721,1.4355539050647304,0.7580079004183333,0.7312200665,nominal,,,,,,
E6C_CROUCH_EXPOSURE_HARD_2026-08-20,cs_lfh_086_crouch_cal3_d0100__shelf_plank__s00031886__adapted_hard,/data/robotixx/groot-wbc-kimodo-m0/lfh_crouch_calibration/lfh_086_crouch/adapted.pkl,/data/robotixx/groot-wbc-kimodo-m0/lfh_crouch_calibration/lfh_086_crouch/adapted.csv,cs_lfh_086_crouch_cal3_d0100__shelf_plank__s00031886__hard,accepted,1,,0.30257684084092407,0.3146723268617722,0.12819641286966837,0.0,23.29395241702849,199,120,3.7235001295794885,3.6873899489190314,0.9903020869064573,0.9308750323948721,1.4355539050647304,0.7363965792133335,0.6174173838,adapted,/data/robotixx/groot-wbc-kimodo-m0/lfh_crouch_calibration/lfh_086_crouch/nominal.csv,0.08000889939999989,0.0,0.0,0.9382495118000002,0.13333333333333333
E6C_CROUCH_EXPOSURE_HARD_2026-08-20,cs_lfh_086_crouch_cal3_d0100__shelf_plank__s00031886__nominal_hard,/data/robotixx/groot-wbc-kimodo-m0/lfh_crouch_calibration/lfh_086_crouch/nominal.pkl,/data/robotixx/groot-wbc-kimodo-m0/lfh_crouch_calibration/lfh_086_crouch/nominal.csv,cs_lfh_086_crouch_cal3_d0100__shelf_plank__s00031886__hard,rejected,0,disallowed_robot_contact,0.1530985845910314,0.15906524127674468,0.03000666209356738,58.737453008822406,31.617966516679303,199,120,3.7235001295794885,3.6873899489190314,0.9903020869064573,0.9308750323948721,1.4355539050647304,0.7580079004183333,0.7312200665,nominal,,,,,,
E7A_ARCHETYPE_CONTEXT_2026-08-21,cs_lfh_086_crouch_cal3_d0100__door_lintel__s00032001__adapted_easy,/data/robotixx/groot-wbc-kimodo-m0/lfh_crouch_calibration/lfh_086_crouch/adapted.pkl,/data/robotixx/groot-wbc-kimodo-m0/lfh_crouch_calibration/lfh_086_crouch/adapted.csv,cs_lfh_086_crouch_cal3_d0100__door_lintel__s00032001__easy,accepted,1,,0.3128780065896843,0.3167873945747697,0.08891111427075772,0.0,16.63438094532296,199,120,3.7235001295794885,3.6873899489190314,0.9903020869064573,0.9308750323948721,1.4355539050647304,0.7363965792133335,0.6174173838,adapted,/data/robotixx/groot-wbc-kimodo-m0/lfh_crouch_calibration/lfh_086_crouch/nominal.csv,0.08000889939999989,0.0,0.0,0.9382495118000002,0.13333333333333333
E7A_ARCHETYPE_CONTEXT_2026-08-21,cs_lfh_086_crouch_cal3_d0100__door_lintel__s00032001__nominal_easy,/data/robotixx/groot-wbc-kimodo-m0/lfh_crouch_calibration/lfh_086_crouch/nominal.pkl,/data/robotixx/groot-wbc-kimodo-m0/lfh_crouch_calibration/lfh_086_crouch/nominal.csv,cs_lfh_086_crouch_cal3_d0100__door_lintel__s00032001__easy,accepted,1,,0.08663779710324383,0.20050985063412136,-0.02356717266215476,0.0,17.900061389290133,199,120,3.7235001295794885,3.6873899489190314,0.9903020869064573,0.9308750323948721,1.4355539050647304,0.7580079004183333,0.7312200665,nominal,,,,,,
E7A_ARCHETYPE_CONTEXT_2026-08-21,cs_lfh_086_crouch_cal3_d0100__ibeam__s00032002__adapted_easy,/data/robotixx/groot-wbc-kimodo-m0/lfh_crouch_calibration/lfh_086_crouch/adapted.pkl,/data/robotixx/groot-wbc-kimodo-m0/lfh_crouch_calibration/lfh_086_crouch/adapted.csv,cs_lfh_086_crouch_cal3_d0100__ibeam__s00032002__easy,accepted,1,,0.33356273642307366,0.3489814030054123,0.12514152340792883,0.0,17.956102443377002,199,120,3.7235001295794885,3.6873899489190314,0.9903020869064573,0.9308750323948721,1.4355539050647304,0.7363965792133335,0.6174173838,adapted,/data/robotixx/groot-wbc-kimodo-m0/lfh_crouch_calibration/lfh_086_crouch/nominal.csv,0.08000889939999989,0.0,0.0,0.9382495118000002,0.13333333333333333
E7A_ARCHETYPE_CONTEXT_2026-08-21,cs_lfh_086_crouch_cal3_d0100__ibeam__s00032002__nominal_easy,/data/robotixx/groot-wbc-kimodo-m0/lfh_crouch_calibration/lfh_086_crouch/nominal.pkl,/data/robotixx/groot-wbc-kimodo-m0/lfh_crouch_calibration/lfh_086_crouch/nominal.csv,cs_lfh_086_crouch_cal3_d0100__ibeam__s00032002__easy,accepted,1,,0.11482274463901024,0.1148014091383519,-0.0009476814925164101,0.0,125.30783557274461,199,120,3.7235001295794885,3.6873899489190314,0.9903020869064573,0.9308750323948721,1.4355539050647304,0.7580079004183333,0.7312200665,nominal,,,,,,
E7A_ARCHETYPE_CONTEXT_2026-08-21,cs_lfh_089_crouch_cal3__door_lintel__s00032101__adapted_easy,/data/robotixx/groot-wbc-kimodo-m0/lfh_crouch_calibration/lfh_089_crouch/adapted.pkl,/data/robotixx/groot-wbc-kimodo-m0/lfh_crouch_calibration/lfh_089_crouch/adapted.csv,cs_lfh_089_crouch_cal3__door_lintel__s00032101__easy,accepted,1,,0.2804263631779613,0.25193571734484455,0.11431198084224253,0.0,59.383173761861485,199,120,4.178455252066606,4.140134663064182,0.9908290057710989,1.0446138130166516,0.624930899378237,0.7327790313733333,0.5871544808,adapted,/data/robotixx/groot-wbc-kimodo-m0/lfh_crouch_calibration/lfh_089_crouch/nominal.csv,0.08334869,0.0,0.0,0.9753344727000002,0.15
E7A_ARCHETYPE_CONTEXT_2026-08-21,cs_lfh_089_crouch_cal3__door_lintel__s00032101__nominal_easy,/data/robotixx/groot-wbc-kimodo-m0/lfh_crouch_calibration/lfh_089_crouch/nominal.pkl,/data/robotixx/groot-wbc-kimodo-m0/lfh_crouch_calibration/lfh_089_crouch/nominal.csv,cs_lfh_089_crouch_cal3__door_lintel__s00032101__easy,accepted,1,,0.0865768836835388,0.09885254896992259,0.014309560621545692,0.0,63.910160439398496,199,120,4.178455252066606,4.140134663064182,0.9908290057710989,1.0446138130166516,0.624930899378237,0.7569683199158334,0.7285178304,nominal,,,,,,
E7A_ARCHETYPE_CONTEXT_2026-08-21,cs_lfh_089_crouch_cal3__ibeam__s00032102__adapted_easy,/data/robotixx/groot-wbc-kimodo-m0/lfh_crouch_calibration/lfh_089_crouch/adapted.pkl,/data/robotixx/groot-wbc-kimodo-m0/lfh_crouch_calibration/lfh_089_crouch/adapted.csv,cs_lfh_089_crouch_cal3__ibeam__s00032102__easy,accepted,1,,0.3780558845398567,0.34463660446094513,0.1423193296000198,0.0,81.74753270769611,199,120,4.178455252066606,4.140134663064182,0.9908290057710989,1.0446138130166516,0.624930899378237,0.7327790313733333,0.5871544808,adapted,/data/robotixx/groot-wbc-kimodo-m0/lfh_crouch_calibration/lfh_089_crouch/nominal.csv,0.08334869,0.0,0.0,0.9753344727000002,0.15
E7A_ARCHETYPE_CONTEXT_2026-08-21,cs_lfh_089_crouch_cal3__ibeam__s00032102__nominal_easy,/data/robotixx/groot-wbc-kimodo-m0/lfh_crouch_calibration/lfh_089_crouch/nominal.pkl,/data/robotixx/groot-wbc-kimodo-m0/lfh_crouch_calibration/lfh_089_crouch/nominal.csv,cs_lfh_089_crouch_cal3__ibeam__s00032102__easy,accepted,1,,0.21400392734589452,0.17406478238190864,0.047816732020859155,0.0,81.74753270769611,199,120,4.178455252066606,4.140134663064182,0.9908290057710989,1.0446138130166516,0.624930899378237,0.7569683199158334,0.7285178304,nominal,,,,,,
E7A_ARCHETYPE_CONTEXT_2026-08-21,cs_lfh_090_crouch_cal3__door_lintel__s00032201__adapted_easy,/data/robotixx/groot-wbc-kimodo-m0/lfh_crouch_calibration/lfh_090_crouch/adapted.pkl,/data/robotixx/groot-wbc-kimodo-m0/lfh_crouch_calibration/lfh_090_crouch/adapted.csv,cs_lfh_090_crouch_cal3__door_lintel__s00032201__easy,accepted,1,,0.30386471026811523,0.30170571557599846,0.11176918811466799,0.0,180.33295458388164,199,120,3.84290321830685,3.7841762363621694,0.9847180689680353,0.9607258045767125,2.0230244461814744,0.7358950143083334,0.6014716828,adapted,/data/robotixx/groot-wbc-kimodo-m0/lfh_crouch_calibration/lfh_090_crouch/nominal.csv,0.08001345330000009,0.0,0.0,0.934182129,0.13333333333333333
E7A_ARCHETYPE_CONTEXT_2026-08-21,cs_lfh_090_crouch_cal3__door_lintel__s00032201__nominal_easy,/data/robotixx/groot-wbc-kimodo-m0/lfh_crouch_calibration/lfh_090_crouch/nominal.pkl,/data/robotixx/groot-wbc-kimodo-m0/lfh_crouch_calibration/lfh_090_crouch/nominal.csv,cs_lfh_090_crouch_cal3__door_lintel__s00032201__easy,accepted,1,,0.1983329245003652,0.1909771222051427,0.05196535957618977,0.0,180.33295458388164,199,120,3.84290321830685,3.7841762363621694,0.9847180689680353,0.9607258045767125,2.0230244461814744,0.7577271883716666,0.7276740074,nominal,,,,,,
E7A_ARCHETYPE_CONTEXT_2026-08-21,cs_lfh_090_crouch_cal3__ibeam__s00032202__adapted_easy,/data/robotixx/groot-wbc-kimodo-m0/lfh_crouch_calibration/lfh_090_crouch/adapted.pkl,/data/robotixx/groot-wbc-kimodo-m0/lfh_crouch_calibration/lfh_090_crouch/adapted.csv,cs_lfh_090_crouch_cal3__ibeam__s00032202__easy,accepted,1,,0.27052508324814406,0.27046757650239767,0.09270362953930494,0.0,192.4242193901496,199,120,3.84290321830685,3.7841762363621694,0.9847180689680353,0.9607258045767125,2.0230244461814744,0.7358950143083334,0.6014716828,adapted,/data/robotixx/groot-wbc-kimodo-m0/lfh_crouch_calibration/lfh_090_crouch/nominal.csv,0.08001345330000009,0.0,0.0,0.934182129,0.13333333333333333
E7A_ARCHETYPE_CONTEXT_2026-08-21,cs_lfh_090_crouch_cal3__ibeam__s00032202__nominal_easy,/data/robotixx/groot-wbc-kimodo-m0/lfh_crouch_calibration/lfh_090_crouch/nominal.pkl,/data/robotixx/groot-wbc-kimodo-m0/lfh_crouch_calibration/lfh_090_crouch/nominal.csv,cs_lfh_090_crouch_cal3__ibeam__s00032202__easy,accepted,1,,0.15002048646260183,0.13118097698776102,0.021239550368167572,0.0,192.4242193901496,199,120,3.84290321830685,3.7841762363621694,0.9847180689680353,0.9607258045767125,2.0230244461814744,0.7577271883716666,0.7276740074,nominal,,,,,,
E7B_ARCHETYPE_HARD_2026-08-21,cs_lfh_086_crouch_cal3_d0100__door_lintel__s00032001__adapted_hard,/data/robotixx/groot-wbc-kimodo-m0/lfh_crouch_calibration/lfh_086_crouch/adapted.pkl,/data/robotixx/groot-wbc-kimodo-m0/lfh_crouch_calibration/lfh_086_crouch/adapted.csv,cs_lfh_086_crouch_cal3_d0100__door_lintel__s00032001__hard,accepted,1,,0.3128780065896843,0.3167873945747697,0.08891111427075772,0.0,16.63438094532296,199,120,3.7235001295794885,3.6873899489190314,0.9903020869064573,0.9308750323948721,1.4355539050647304,0.7363965792133335,0.6174173838,adapted,/data/robotixx/groot-wbc-kimodo-m0/lfh_crouch_calibration/lfh_086_crouch/nominal.csv,0.08000889939999989,0.0,0.0,0.9382495118000002,0.13333333333333333
E7B_ARCHETYPE_HARD_2026-08-21,cs_lfh_086_crouch_cal3_d0100__door_lintel__s00032001__nominal_hard,/data/robotixx/groot-wbc-kimodo-m0/lfh_crouch_calibration/lfh_086_crouch/nominal.pkl,/data/robotixx/groot-wbc-kimodo-m0/lfh_crouch_calibration/lfh_086_crouch/nominal.csv,cs_lfh_086_crouch_cal3_d0100__door_lintel__s00032001__hard,rejected,0,disallowed_robot_contact,0.06055659447085156,0.20050985063412136,-0.03729552169755807,46.04017911230362,17.900061389290133,199,120,3.7235001295794885,3.6873899489190314,0.9903020869064573,0.9308750323948721,1.4355539050647304,0.7580079004183333,0.7312200665,nominal,,,,,,
E7B_ARCHETYPE_HARD_2026-08-21,cs_lfh_086_crouch_cal3_d0100__ibeam__s00032002__adapted_hard,/data/robotixx/groot-wbc-kimodo-m0/lfh_crouch_calibration/lfh_086_crouch/adapted.pkl,/data/robotixx/groot-wbc-kimodo-m0/lfh_crouch_calibration/lfh_086_crouch/adapted.csv,cs_lfh_086_crouch_cal3_d0100__ibeam__s00032002__hard,accepted,1,,0.33356273642307366,0.3489814030054123,0.12514152340792883,0.0,17.956102443377002,199,120,3.7235001295794885,3.6873899489190314,0.9903020869064573,0.9308750323948721,1.4355539050647304,0.7363965792133335,0.6174173838,adapted,/data/robotixx/groot-wbc-kimodo-m0/lfh_crouch_calibration/lfh_086_crouch/nominal.csv,0.08000889939999989,0.0,0.0,0.9382495118000002,0.13333333333333333
E7B_ARCHETYPE_HARD_2026-08-21,cs_lfh_086_crouch_cal3_d0100__ibeam__s00032002__nominal_hard,/data/robotixx/groot-wbc-kimodo-m0/lfh_crouch_calibration/lfh_086_crouch/nominal.pkl,/data/robotixx/groot-wbc-kimodo-m0/lfh_crouch_calibration/lfh_086_crouch/nominal.csv,cs_lfh_086_crouch_cal3_d0100__ibeam__s00032002__hard,rejected,0,disallowed_robot_contact,0.18288707354461253,0.19269438244594222,0.03563972270147197,424.92105024134787,125.30783557274461,199,120,3.7235001295794885,3.6873899489190314,0.9903020869064573,0.9308750323948721,1.4355539050647304,0.7580079004183333,0.7312200665,nominal,,,,,,
E7B_ARCHETYPE_HARD_2026-08-21,cs_lfh_089_crouch_cal3__door_lintel__s00032101__adapted_hard,/data/robotixx/groot-wbc-kimodo-m0/lfh_crouch_calibration/lfh_089_crouch/adapted.pkl,/data/robotixx/groot-wbc-kimodo-m0/lfh_crouch_calibration/lfh_089_crouch/adapted.csv,cs_lfh_089_crouch_cal3__door_lintel__s00032101__hard,accepted,1,,0.2804263631779613,0.25193571734484455,0.11431198084224253,0.0,59.383173761861485,199,120,4.178455252066606,4.140134663064182,0.9908290057710989,1.0446138130166516,0.624930899378237,0.7327790313733333,0.5871544808,adapted,/data/robotixx/groot-wbc-kimodo-m0/lfh_crouch_calibration/lfh_089_crouch/nominal.csv,0.08334869,0.0,0.0,0.9753344727000002,0.15
E7B_ARCHETYPE_HARD_2026-08-21,cs_lfh_089_crouch_cal3__door_lintel__s00032101__nominal_hard,/data/robotixx/groot-wbc-kimodo-m0/lfh_crouch_calibration/lfh_089_crouch/nominal.pkl,/data/robotixx/groot-wbc-kimodo-m0/lfh_crouch_calibration/lfh_089_crouch/nominal.csv,cs_lfh_089_crouch_cal3__door_lintel__s00032101__hard,rejected,0,disallowed_robot_contact,0.22361624070333988,0.19624402452979486,0.06513504322971479,2874.6122680375256,54.7969589842965,199,120,4.178455252066606,4.140134663064182,0.9908290057710989,1.0446138130166516,0.624930899378237,0.7569683199158334,0.7285178304,nominal,,,,,,
E7B_ARCHETYPE_HARD_2026-08-21,cs_lfh_089_crouch_cal3__ibeam__s00032102__adapted_hard,/data/robotixx/groot-wbc-kimodo-m0/lfh_crouch_calibration/lfh_089_crouch/adapted.pkl,/data/robotixx/groot-wbc-kimodo-m0/lfh_crouch_calibration/lfh_089_crouch/adapted.csv,cs_lfh_089_crouch_cal3__ibeam__s00032102__hard,accepted,1,,0.3780558845398567,0.34463660446094513,0.1423193296000198,0.0,81.74753270769611,199,120,4.178455252066606,4.140134663064182,0.9908290057710989,1.0446138130166516,0.624930899378237,0.7327790313733333,0.5871544808,adapted,/data/robotixx/groot-wbc-kimodo-m0/lfh_crouch_calibration/lfh_089_crouch/nominal.csv,0.08334869,0.0,0.0,0.9753344727000002,0.15
E7B_ARCHETYPE_HARD_2026-08-21,cs_lfh_089_crouch_cal3__ibeam__s00032102__nominal_hard,/data/robotixx/groot-wbc-kimodo-m0/lfh_crouch_calibration/lfh_089_crouch/nominal.pkl,/data/robotixx/groot-wbc-kimodo-m0/lfh_crouch_calibration/lfh_089_crouch/nominal.csv,cs_lfh_089_crouch_cal3__ibeam__s00032102__hard,rejected,0,disallowed_robot_contact,0.338078351676306,0.29819001391882155,0.11733041296792737,130.3451720112697,81.74753270769611,199,120,4.178455252066606,4.140134663064182,0.9908290057710989,1.0446138130166516,0.624930899378237,0.7569683199158334,0.7285178304,nominal,,,,,,
E7B_ARCHETYPE_HARD_2026-08-21,cs_lfh_090_crouch_cal3__door_lintel__s00032201__adapted_hard,/data/robotixx/groot-wbc-kimodo-m0/lfh_crouch_calibration/lfh_090_crouch/adapted.pkl,/data/robotixx/groot-wbc-kimodo-m0/lfh_crouch_calibration/lfh_090_crouch/adapted.csv,cs_lfh_090_crouch_cal3__door_lintel__s00032201__hard,accepted,1,,0.30386471026811523,0.30170571557599846,0.11176918811466799,0.0,180.33295458388164,199,120,3.84290321830685,3.7841762363621694,0.9847180689680353,0.9607258045767125,2.0230244461814744,0.7358950143083334,0.6014716828,adapted,/data/robotixx/groot-wbc-kimodo-m0/lfh_crouch_calibration/lfh_090_crouch/nominal.csv,0.08001345330000009,0.0,0.0,0.934182129,0.13333333333333333
E7B_ARCHETYPE_HARD_2026-08-21,cs_lfh_090_crouch_cal3__door_lintel__s00032201__nominal_hard,/data/robotixx/groot-wbc-kimodo-m0/lfh_crouch_calibration/lfh_090_crouch/nominal.pkl,/data/robotixx/groot-wbc-kimodo-m0/lfh_crouch_calibration/lfh_090_crouch/nominal.csv,cs_lfh_090_crouch_cal3__door_lintel__s00032201__hard,rejected,0,disallowed_robot_contact|unstable_reference_drift,0.5430903954884143,0.5239299322163474,0.23881566376966612,2628.760910513021,234.98746972599594,199,120,3.84290321830685,3.7841762363621694,0.9847180689680353,0.9607258045767125,2.0230244461814744,0.7577271883716666,0.7276740074,nominal,,,,,,
E7B_ARCHETYPE_HARD_2026-08-21,cs_lfh_090_crouch_cal3__ibeam__s00032202__adapted_hard,/data/robotixx/groot-wbc-kimodo-m0/lfh_crouch_calibration/lfh_090_crouch/adapted.pkl,/data/robotixx/groot-wbc-kimodo-m0/lfh_crouch_calibration/lfh_090_crouch/adapted.csv,cs_lfh_090_crouch_cal3__ibeam__s00032202__hard,accepted,1,,0.27052508324814406,0.27046757650239767,0.09270362953930494,0.0,192.4242193901496,199,120,3.84290321830685,3.7841762363621694,0.9847180689680353,0.9607258045767125,2.0230244461814744,0.7358950143083334,0.6014716828,adapted,/data/robotixx/groot-wbc-kimodo-m0/lfh_crouch_calibration/lfh_090_crouch/nominal.csv,0.08001345330000009,0.0,0.0,0.934182129,0.13333333333333333
E7B_ARCHETYPE_HARD_2026-08-21,cs_lfh_090_crouch_cal3__ibeam__s00032202__nominal_hard,/data/robotixx/groot-wbc-kimodo-m0/lfh_crouch_calibration/lfh_090_crouch/nominal.pkl,/data/robotixx/groot-wbc-kimodo-m0/lfh_crouch_calibration/lfh_090_crouch/nominal.csv,cs_lfh_090_crouch_cal3__ibeam__s00032202__hard,rejected,0,disallowed_robot_contact|unstable_reference_drift,0.5774171154436365,0.5510143508936811,0.25264455894887,477.68633950697665,192.4242193901496,199,120,3.84290321830685,3.7841762363621694,0.9847180689680353,0.9607258045767125,2.0230244461814744,0.7577271883716666,0.7276740074,nominal,,,,,,
E7C_REPLACEMENT_EASY_2026-08-21,cs_lfh_086_crouch_cal3_d0100__hanging_panel__s00032301__adapted_easy,/data/robotixx/groot-wbc-kimodo-m0/lfh_crouch_calibration/lfh_086_crouch/adapted.pkl,/data/robotixx/groot-wbc-kimodo-m0/lfh_crouch_calibration/lfh_086_crouch/adapted.csv,cs_lfh_086_crouch_cal3_d0100__hanging_panel__s00032301__easy,accepted,1,,0.24581118628874507,0.25624788100548745,0.11772168213357911,0.0,29.441948222827172,199,120,3.7235001295794885,3.6873899489190314,0.9903020869064573,0.9308750323948721,1.4355539050647304,0.7363965792133335,0.6174173838,adapted,/data/robotixx/groot-wbc-kimodo-m0/lfh_crouch_calibration/lfh_086_crouch/nominal.csv,0.08000889939999989,0.0,0.0,0.9382495118000002,0.13333333333333333
E7C_REPLACEMENT_EASY_2026-08-21,cs_lfh_086_crouch_cal3_d0100__hanging_panel__s00032301__nominal_easy,/data/robotixx/groot-wbc-kimodo-m0/lfh_crouch_calibration/lfh_086_crouch/nominal.pkl,/data/robotixx/groot-wbc-kimodo-m0/lfh_crouch_calibration/lfh_086_crouch/nominal.csv,cs_lfh_086_crouch_cal3_d0100__hanging_panel__s00032301__easy,accepted,1,,0.037061772371716,0.06506581799234804,-0.0008466023169825111,0.0,103.052438328066,199,120,3.7235001295794885,3.6873899489190314,0.9903020869064573,0.9308750323948721,1.4355539050647304,0.7580079004183333,0.7312200665,nominal,,,,,,
E7C_REPLACEMENT_HARD_2026-08-21,cs_lfh_086_crouch_cal3_d0100__hanging_panel__s00032301__adapted_hard,/data/robotixx/groot-wbc-kimodo-m0/lfh_crouch_calibration/lfh_086_crouch/adapted.pkl,/data/robotixx/groot-wbc-kimodo-m0/lfh_crouch_calibration/lfh_086_crouch/adapted.csv,cs_lfh_086_crouch_cal3_d0100__hanging_panel__s00032301__hard,accepted,1,,0.24581118628874507,0.25624788100548745,0.11772168213357911,0.0,29.441948222827172,199,120,3.7235001295794885,3.6873899489190314,0.9903020869064573,0.9308750323948721,1.4355539050647304,0.7363965792133335,0.6174173838,adapted,/data/robotixx/groot-wbc-kimodo-m0/lfh_crouch_calibration/lfh_086_crouch/nominal.csv,0.08000889939999989,0.0,0.0,0.9382495118000002,0.13333333333333333
E7C_REPLACEMENT_HARD_2026-08-21,cs_lfh_086_crouch_cal3_d0100__hanging_panel__s00032301__nominal_hard,/data/robotixx/groot-wbc-kimodo-m0/lfh_crouch_calibration/lfh_086_crouch/nominal.pkl,/data/robotixx/groot-wbc-kimodo-m0/lfh_crouch_calibration/lfh_086_crouch/nominal.csv,cs_lfh_086_crouch_cal3_d0100__hanging_panel__s00032301__hard,rejected,0,disallowed_robot_contact|unstable_reference_drift,0.33154050208606795,0.35615683223861083,0.18013435002128322,106.22898717184749,88.26727147651847,199,120,3.7235001295794885,3.6873899489190314,0.9903020869064573,0.9308750323948721,1.4355539050647304,0.7580079004183333,0.7312200665,nominal,,,,,,
E9A_MOTION_SCENE_CALIBRATION_2026-08-21,lfh_fresh_curve__empty__adapted,/data/robotixx/groot-wbc-kimodo-m0/lfh_3d_loop/pair/adapted.pkl,/data/robotixx/groot-wbc-kimodo-m0/lfh_3d_loop/pair/adapted.csv,screen_empty,rejected,0,reference_endpoint_tracking_error|reference_path_tracking_error,0.37573351574195807,0.4102067169672838,,0.0,39.144704516318974,199,120,4.160266558322342,3.1067695360338607,0.746771749473353,1.0400666395805855,2.1910970439819635,0.6928762849683333,0.5498584276,adapted,/data/robotixx/groot-wbc-kimodo-m0/lfh_3d_loop/pair/nominal.csv,0.08091586730000011,0.0,0.0,0.9530834961000003,0.2833333333333333
E9A_MOTION_SCENE_CALIBRATION_2026-08-21,lfh_fresh_curve__empty__nominal,/data/robotixx/groot-wbc-kimodo-m0/lfh_3d_loop/pair/nominal.pkl,/data/robotixx/groot-wbc-kimodo-m0/lfh_3d_loop/pair/nominal.csv,screen_empty,accepted,1,,0.0837690602895232,0.11147086667859936,,0.0,39.77278167422041,199,120,4.160266558322342,3.1067695360338607,0.746771749473353,1.0400666395805855,2.1910970439819635,0.7478347857766667,0.7280663252,nominal,,,,,,
EMPTY_ROOM_PROBES_V5_2026-08-20,lfh_089_arm_tuck_left__probe_adapted,/data/robotixx/groot-wbc-kimodo-m0/lfh_probe_candidates/lfh_089_arm_tuck_left__adapted.pkl,/data/robotixx/groot-wbc-kimodo-m0/lfh_probe_candidates/lfh_089_arm_tuck_left__adapted.csv,screen_empty,accepted,1,,0.11753691568000908,0.07894372117522035,,0.0,227.4418360682512,199,120,4.178455252066606,4.140134663064182,0.9908290057710989,1.0446138130166516,0.624930899378237,0.7569683199158334,0.7285178304,adapted,/data/robotixx/groot-wbc-kimodo-m0/lfh_probe_candidates/lfh_089_arm_tuck_left__nominal.csv,0.0,0.01998000573854214,0.0,0.06738281250000011,0.23333333333333334
EMPTY_ROOM_PROBES_V5_2026-08-20,lfh_089_arm_tuck_left__probe_nominal,/data/robotixx/groot-wbc-kimodo-m0/lfh_probe_candidates/lfh_089_arm_tuck_left__nominal.pkl,/data/robotixx/groot-wbc-kimodo-m0/lfh_probe_candidates/lfh_089_arm_tuck_left__nominal.csv,screen_empty,accepted,1,,0.1323940472122556,0.09006603563253225,,0.0,96.8126311314029,199,120,4.178455252066606,4.140134663064182,0.9908290057710989,1.0446138130166516,0.624930899378237,0.7569683199158334,0.7285178304,nominal,,,,,,
EMPTY_ROOM_PROBES_V5_2026-08-20,lfh_092_arm_tuck_right__probe_adapted,/data/robotixx/groot-wbc-kimodo-m0/lfh_probe_candidates/lfh_092_arm_tuck_right__adapted.pkl,/data/robotixx/groot-wbc-kimodo-m0/lfh_probe_candidates/lfh_092_arm_tuck_right__adapted.csv,screen_empty,accepted,1,,0.17581507550148984,0.1417156353491269,,0.0,16.133198979226528,199,120,4.298927914044308,3.166085579203443,0.7364825934531385,1.074731978511077,0.6305535596936216,0.7474710841974999,0.7027287483,adapted,/data/robotixx/groot-wbc-kimodo-m0/lfh_probe_candidates/lfh_092_arm_tuck_right__nominal.csv,0.0,0.0,0.007668350470974417,0.08183593750000007,0.19166666666666668
EMPTY_ROOM_PROBES_V5_2026-08-20,lfh_092_arm_tuck_right__probe_nominal,/data/robotixx/groot-wbc-kimodo-m0/lfh_probe_candidates/lfh_092_arm_tuck_right__nominal.pkl,/data/robotixx/groot-wbc-kimodo-m0/lfh_probe_candidates/lfh_092_arm_tuck_right__nominal.csv,screen_empty,accepted,1,,0.15716766659686748,0.12948908201957202,,0.0,54.169156704182896,199,120,4.298927914044308,3.166085579203443,0.7364825934531385,1.074731978511077,0.6305535596936216,0.7474710841974999,0.7027287483,nominal,,,,,,
EMPTY_ROOM_PROBES_V5_2026-08-20,mf_005_c08__probe_adapted,/data/robotixx/groot-wbc-kimodo-m0/matched/mf_005_c08/motions/w_crouch08.pkl,/data/robotixx/groot-wbc-kimodo-m0/modebank/sweep/w_crouch08.csv,screen_empty,rejected,0,reference_endpoint_tracking_error,0.3962314612818543,0.3776083077015626,,0.0,81.04254632658602,199,120,4.225048022790974,4.217829236521081,0.9982914309539317,1.0562620056977434,0.15256575196829458,0.7290392249999998,0.603978,adapted,/data/robotixx/groot-wbc-kimodo-m0/modebank/sweep/w_nominal.csv,0.08684999999999987,0.0,0.0,0.9942630000000001,0.175
EMPTY_ROOM_PROBES_V5_2026-08-20,mf_005_c08__probe_nominal,/data/robotixx/groot-wbc-kimodo-m0/matched/mf_005_c08/motions/w_nominal.pkl,/data/robotixx/groot-wbc-kimodo-m0/modebank/sweep/w_nominal.csv,screen_empty,accepted,1,,0.2328680098610037,0.20524459134679177,,0.0,64.42021370392887,199,120,4.225048022790974,4.217829236521081,0.9982914309539317,1.0562620056977434,0.15256575196829458,0.7580640083333333,0.732604,nominal,,,,,,
