experiment,cell_id,reference_csv,scene,outcome,accepted,route_axis,station_x_m,station_y_m,commanded_reach_m,executed_reach_m,delivery_residual_mm,reference_frames,executed_frames,endpoint_error_m,schedule_error_p95_m
ARM_TUCK_CALIBRATION_2026-08-20,lfh_084_arm_tuck_right__cal_a033,/data/robotixx/groot-wbc-kimodo-m0/lfh_arm_tuck_calibration/lfh_084_arm_tuck_right/a033.csv,screen_empty,accepted,1,x,1.7274661064,-0.512041688,1.29708077321023,1.2792667782328877,-17.813994977342375,120,199,0.019571750564300928,0.06189067101542983
ARM_TUCK_CALIBRATION_2026-08-20,lfh_084_arm_tuck_right__cal_a067,/data/robotixx/groot-wbc-kimodo-m0/lfh_arm_tuck_calibration/lfh_084_arm_tuck_right/a067.csv,screen_empty,accepted,1,x,1.7274661064,-0.512041688,1.29708077321023,1.2771027952906482,-19.97797791958189,120,199,0.02244838808356257,0.0713063535558738
ARM_TUCK_CALIBRATION_2026-08-20,lfh_084_arm_tuck_right__cal_a100,/data/robotixx/groot-wbc-kimodo-m0/lfh_arm_tuck_calibration/lfh_084_arm_tuck_right/a100.csv,screen_empty,accepted,1,x,1.7274661064,-0.512041688,1.29708077321023,1.277890003959949,-19.190769250281072,120,199,0.020369244298851674,0.06691604182898982
ARM_TUCK_CALIBRATION_2026-08-20,lfh_084_arm_tuck_right__cal_nominal,/data/robotixx/groot-wbc-kimodo-m0/lfh_arm_tuck_calibration/lfh_084_arm_tuck_right/nominal.csv,screen_empty,accepted,1,x,1.7274661064,-0.512041688,1.29708077321023,1.2765387483241712,-20.54202488605883,120,199,0.011351255211807111,0.06289818142228115
ARM_TUCK_CALIBRATION_2026-08-20,lfh_086_arm_tuck_left__cal_a033,/data/robotixx/groot-wbc-kimodo-m0/lfh_arm_tuck_calibration/lfh_086_arm_tuck_left/a033.csv,screen_empty,accepted,1,x,2.0504016876,-0.0145272128,1.296029323999366,1.2883735821468938,-7.655741852472309,120,199,0.17181087118554392,0.18964711607237839
ARM_TUCK_CALIBRATION_2026-08-20,lfh_086_arm_tuck_left__cal_a067,/data/robotixx/groot-wbc-kimodo-m0/lfh_arm_tuck_calibration/lfh_086_arm_tuck_left/a067.csv,screen_empty,accepted,1,x,2.0504016876,-0.0145272128,1.296029323999366,1.2886114090643197,-7.417914935046399,120,199,0.18491611594338236,0.19441678862537218
ARM_TUCK_CALIBRATION_2026-08-20,lfh_086_arm_tuck_left__cal_a100,/data/robotixx/groot-wbc-kimodo-m0/lfh_arm_tuck_calibration/lfh_086_arm_tuck_left/a100.csv,screen_empty,accepted,1,x,2.0504016876,-0.0145272128,1.296029323999366,1.2886654612643866,-7.363862734979465,120,199,0.18977040261379563,0.19388907387614115
ARM_TUCK_CALIBRATION_2026-08-20,lfh_086_arm_tuck_left__cal_nominal,/data/robotixx/groot-wbc-kimodo-m0/lfh_arm_tuck_calibration/lfh_086_arm_tuck_left/nominal.csv,screen_empty,accepted,1,x,2.0504016876,-0.0145272128,1.296029323999366,1.2880894875613007,-7.939836438065395,120,199,0.17063683911114277,0.18405111109446504
ARM_TUCK_CALIBRATION_2026-08-20,lfh_089_arm_tuck_left__cal_a033,/data/robotixx/groot-wbc-kimodo-m0/lfh_arm_tuck_calibration/lfh_089_arm_tuck_left/a033.csv,screen_empty,accepted,1,x,2.3044002056,0.0860527903,1.2580194991885534,1.2750591914172433,17.03969222868995,120,199,0.17722999119508426,0.15031395945403203
ARM_TUCK_CALIBRATION_2026-08-20,lfh_089_arm_tuck_left__cal_a067,/data/robotixx/groot-wbc-kimodo-m0/lfh_arm_tuck_calibration/lfh_089_arm_tuck_left/a067.csv,screen_empty,accepted,1,x,2.3044002056,0.0860527903,1.2580194991885534,1.2724979216027916,14.478422414238246,120,199,0.15412621968719697,0.1198906489938482
ARM_TUCK_CALIBRATION_2026-08-20,lfh_092_arm_tuck_right__cal_a033,/data/robotixx/groot-wbc-kimodo-m0/lfh_arm_tuck_calibration/lfh_092_arm_tuck_right/a033.csv,screen_empty,accepted,1,y,1.5345925093,-1.5767343044,1.2628986747936743,1.2634352358142331,0.5365610205587679,120,199,0.20758636149076728,0.207746143262117
ARM_TUCK_CALIBRATION_2026-08-20,lfh_092_arm_tuck_right__cal_a067,/data/robotixx/groot-wbc-kimodo-m0/lfh_arm_tuck_calibration/lfh_092_arm_tuck_right/a067.csv,screen_empty,accepted,1,y,1.5345925093,-1.5767343044,1.2628986747936743,1.2624832651642133,-0.41540962946107207,120,199,0.2209873196512522,0.21515673531742346
ARM_TUCK_STRONG_CALIBRATION_2026-08-20,lfh_084_arm_tuck_right__cal2_strong,/data/robotixx/groot-wbc-kimodo-m0/lfh_arm_tuck_strong_calibration/lfh_084_arm_tuck_right/strong.csv,screen_empty,accepted,1,x,1.7274661064,-0.512041688,1.29708077321023,1.2644802588546935,-32.60051435553657,120,199,0.12549425334435882,0.14276835138907873
ARM_TUCK_STRONG_CALIBRATION_2026-08-20,lfh_086_arm_tuck_left__cal2_strong,/data/robotixx/groot-wbc-kimodo-m0/lfh_arm_tuck_strong_calibration/lfh_086_arm_tuck_left/strong.csv,screen_empty,accepted,1,x,2.0504016876,-0.0145272128,1.296029323999366,1.2855512890059135,-10.478034993452567,120,199,0.06534790964576684,0.08079941992439221
ARM_TUCK_STRONG_CALIBRATION_2026-08-20,lfh_092_arm_tuck_right__cal2_strong,/data/robotixx/groot-wbc-kimodo-m0/lfh_arm_tuck_strong_calibration/lfh_092_arm_tuck_right/strong.csv,screen_empty,accepted,1,y,1.5345925093,-1.5767343044,1.2628986747936743,1.2570194547748383,-5.879220018836007,120,199,0.30898724249229204,0.22602184592425872
ARM_TUCK_STRONG_CALIBRATION_2026-08-20,lfh_094_arm_tuck_left__cal2_nominal,/data/robotixx/groot-wbc-kimodo-m0/lfh_arm_tuck_strong_calibration/lfh_094_arm_tuck_left/nominal.csv,screen_empty,rejected,0,x,3.8638870716,-0.2142941952,1.2403005959913351,1.2807304829944077,40.429887003072594,120,188,0.4440998360732835,0.2859305648960853
CROUCH_CALIBRATION_2026-08-20,lfh_086_crouch__cal_adapted,/data/robotixx/groot-wbc-kimodo-m0/lfh_crouch_calibration/lfh_086_crouch/adapted.csv,screen_empty,accepted,1,x,2.0504016876,-0.0145272128,1.2127496895993661,1.2155465068750662,2.7968172757000254,120,199,0.22253769832155829,0.25906207859524955
CROUCH_CALIBRATION_2026-08-20,lfh_086_crouch__cal_nominal,/data/robotixx/groot-wbc-kimodo-m0/lfh_crouch_calibration/lfh_086_crouch/nominal.csv,screen_empty,accepted,1,x,2.0504016876,-0.0145272128,1.296029323999366,1.2832339621827307,-12.795361816635431,120,199,0.010004770777926296,0.041632506205783425
CROUCH_CALIBRATION_2026-08-20,lfh_089_crouch__cal_adapted,/data/robotixx/groot-wbc-kimodo-m0/lfh_crouch_calibration/lfh_089_crouch/adapted.csv,screen_empty,accepted,1,x,2.3044002056,0.0860527903,1.1725295020057886,1.1970629868407545,24.53348483496587,120,199,0.32949251998934176,0.30856356152338654
CROUCH_CALIBRATION_2026-08-20,lfh_089_crouch__cal_nominal,/data/robotixx/groot-wbc-kimodo-m0/lfh_crouch_calibration/lfh_089_crouch/nominal.csv,screen_empty,accepted,1,x,2.3044002056,0.0860527903,1.2580194991885534,1.2689297744842927,10.910275295739291,120,199,0.1391427004283562,0.10973851829613107
CROUCH_CALIBRATION_2026-08-20,lfh_090_crouch__cal_adapted,/data/robotixx/groot-wbc-kimodo-m0/lfh_crouch_calibration/lfh_090_crouch/adapted.csv,screen_empty,accepted,1,x,2.1252264977,-0.0675965175,1.2126774110935303,1.2266706340853855,13.993222991855125,120,199,0.2791136922770082,0.27254161007900096
CROUCH_CALIBRATION_2026-08-20,lfh_090_crouch__cal_nominal,/data/robotixx/groot-wbc-kimodo-m0/lfh_crouch_calibration/lfh_090_crouch/nominal.csv,screen_empty,accepted,1,x,2.1252264977,-0.0675965175,1.2966604567935305,1.2791637709998032,-17.496685793727316,120,199,0.0806925055813684,0.0778651220254584
CROUCH_CALIBRATION_2026-08-20,lfh_095_crouch__cal_adapted,/data/robotixx/groot-wbc-kimodo-m0/lfh_crouch_calibration/lfh_095_crouch/adapted.csv,screen_empty,rejected,0,x,3.1879954338,-0.2185041606,1.196257272593461,1.2245960281110064,28.338755517545387,120,199,0.39698759180222654,0.34203056571207857
CROUCH_CALIBRATION_2026-08-20,lfh_095_crouch__cal_nominal,/data/robotixx/groot-wbc-kimodo-m0/lfh_crouch_calibration/lfh_095_crouch/nominal.csv,screen_empty,accepted,1,x,3.1879954338,-0.2185041606,1.281879806993461,1.2769098345473813,-4.969972446079662,120,199,0.113360943876843,0.06105233789689493
E10B_CONTEXT_RICH_SEED_CONTROL_2026-08-21,cs_lfh_086_crouch_cal3_d0100__hanging_panel_context4__s00032301__adapted_easy,/data/robotixx/groot-wbc-kimodo-m0/lfh_crouch_calibration/lfh_086_crouch/adapted.csv,cs_lfh_086_crouch_cal3_d0100__hanging_panel_context4__s00032301__easy,accepted,1,x,2.0504016876,-0.0145272128,1.2127496895993661,1.226123216743397,13.37352714403095,120,199,0.24581118628874507,0.25624788100548745
E10B_CONTEXT_RICH_SEED_CONTROL_2026-08-21,cs_lfh_086_crouch_cal3_d0100__hanging_panel_context4__s00032301__adapted_hard,/data/robotixx/groot-wbc-kimodo-m0/lfh_crouch_calibration/lfh_086_crouch/adapted.csv,cs_lfh_086_crouch_cal3_d0100__hanging_panel_context4__s00032301__hard,accepted,1,x,2.0504016876,-0.0145272128,1.2127496895993661,1.226123216743397,13.37352714403095,120,199,0.24581118628874507,0.25624788100548745
E10B_CONTEXT_RICH_SEED_CONTROL_2026-08-21,cs_lfh_086_crouch_cal3_d0100__hanging_panel_context4__s00032301__nominal_easy,/data/robotixx/groot-wbc-kimodo-m0/lfh_crouch_calibration/lfh_086_crouch/nominal.csv,cs_lfh_086_crouch_cal3_d0100__hanging_panel_context4__s00032301__easy,accepted,1,x,2.0504016876,-0.0145272128,1.296029323999366,1.2890696643940522,-6.9596596053138615,120,199,0.037061772371716,0.06506581799234804
E10B_CONTEXT_RICH_SEED_CONTROL_2026-08-21,cs_lfh_086_crouch_cal3_d0100__hanging_panel_context4__s00032301__nominal_hard,/data/robotixx/groot-wbc-kimodo-m0/lfh_crouch_calibration/lfh_086_crouch/nominal.csv,cs_lfh_086_crouch_cal3_d0100__hanging_panel_context4__s00032301__hard,rejected,0,x,2.0504016876,-0.0145272128,1.296029323999366,1.259948991606751,-36.0803323926151,120,199,0.33154050208606795,0.35615683223861083
E10_CONTEXT_RICH_2026-08-21,cs_lfh_086_crouch_cal3_d0100__hanging_panel_context4__s00033101__adapted_easy,/data/robotixx/groot-wbc-kimodo-m0/lfh_crouch_calibration/lfh_086_crouch/adapted.csv,cs_lfh_086_crouch_cal3_d0100__hanging_panel_context4__s00033101__easy,rejected,0,x,2.0504016876,-0.0145272128,1.2127496895993661,1.223307630669161,10.557941069794907,120,199,0.3204482335647017,0.32466372070086025
E10_CONTEXT_RICH_2026-08-21,cs_lfh_086_crouch_cal3_d0100__hanging_panel_context4__s00033101__adapted_hard,/data/robotixx/groot-wbc-kimodo-m0/lfh_crouch_calibration/lfh_086_crouch/adapted.csv,cs_lfh_086_crouch_cal3_d0100__hanging_panel_context4__s00033101__hard,rejected,0,x,2.0504016876,-0.0145272128,1.2127496895993661,1.223307630669161,10.557941069794907,120,199,0.3204482335647017,0.32466372070086025
E10_CONTEXT_RICH_2026-08-21,cs_lfh_086_crouch_cal3_d0100__hanging_panel_context4__s00033101__nominal_easy,/data/robotixx/groot-wbc-kimodo-m0/lfh_crouch_calibration/lfh_086_crouch/nominal.csv,cs_lfh_086_crouch_cal3_d0100__hanging_panel_context4__s00033101__easy,accepted,1,x,2.0504016876,-0.0145272128,1.296029323999366,1.2892558975335682,-6.773426465797927,120,199,0.11121874629397469,0.14291940632967243
E10_CONTEXT_RICH_2026-08-21,cs_lfh_086_crouch_cal3_d0100__hanging_panel_context4__s00033101__nominal_hard,/data/robotixx/groot-wbc-kimodo-m0/lfh_crouch_calibration/lfh_086_crouch/nominal.csv,cs_lfh_086_crouch_cal3_d0100__hanging_panel_context4__s00033101__hard,rejected,0,x,2.0504016876,-0.0145272128,1.296029323999366,1.2693849401413917,-26.644383857974407,120,199,0.33903399082434393,0.3442216825884177
E12_CROUCH_LADDER_2026-08-26,ladder_008__nominal,/data/robotixx/groot-wbc-kimodo-m0/lfh_crouch_ladder/ladder_008/nominal.csv,screen_empty,rejected,0,x,2.5316550732,0.0871782526,1.2989625544540704,1.3017824973176229,2.8199428635524715,120,199,0.23968334312327458,0.25482638484555237
E12_CROUCH_LADDER_2026-08-26,ladder_034__d040,/data/robotixx/groot-wbc-kimodo-m0/lfh_crouch_ladder/ladder_034/d040.csv,screen_empty,accepted,1,x,0.7808972597,-0.0449758396,1.2437372508393019,1.2612891752275255,17.551924388223618,120,199,0.04450762837970896,0.08649352212906726
E12_CROUCH_LADDER_2026-08-26,ladder_034__d055,/data/robotixx/groot-wbc-kimodo-m0/lfh_crouch_ladder/ladder_034/d055.csv,screen_empty,accepted,1,x,0.7808972597,-0.0449758396,1.2268964495916574,1.2509284428738712,24.031993282213726,120,199,0.06809226976606153,0.09806756562360262
E12_CROUCH_LADDER_2026-08-26,ladder_034__d070,/data/robotixx/groot-wbc-kimodo-m0/lfh_crouch_ladder/ladder_034/d070.csv,screen_empty,accepted,1,x,0.7808972597,-0.0449758396,1.2102028279916575,1.2473374408114422,37.13461281978469,120,199,0.0895017060307029,0.11952273066950296
E12_CROUCH_LADDER_2026-08-26,ladder_034__nominal,/data/robotixx/groot-wbc-kimodo-m0/lfh_crouch_ladder/ladder_034/nominal.csv,screen_empty,accepted,1,x,0.7808972597,-0.0449758396,1.2988094509459343,1.295453170435612,-3.356280510322218,120,199,0.06433089597613666,0.08625244405455301
E12_CROUCH_LADDER_2026-08-26,ladder_058__nominal,/data/robotixx/groot-wbc-kimodo-m0/lfh_crouch_ladder/ladder_058/nominal.csv,screen_empty,rejected,0,x,3.9040336609,0.2491329312,1.2216992679678857,1.269796703812923,48.097435845037225,120,167,0.2346692856059261,0.19261670798037248
E12_CROUCH_LADDER_2026-08-26,ladder_064__d040,/data/robotixx/groot-wbc-kimodo-m0/lfh_crouch_ladder/ladder_064/d040.csv,screen_empty,rejected,0,y,-1.0176397562,-1.682053566,1.225004857246066,1.2133624103543637,-11.64244689170224,120,199,0.36571641433180724,0.31028597785263656
E12_CROUCH_LADDER_2026-08-26,ladder_064__d055,/data/robotixx/groot-wbc-kimodo-m0/lfh_crouch_ladder/ladder_064/d055.csv,screen_empty,rejected,0,y,-1.0176397562,-1.682053566,1.210010311846066,1.2026547219382584,-7.355589907807492,120,199,0.40633036135014816,0.3476671519668796
E12_CROUCH_LADDER_2026-08-26,ladder_064__d070,/data/robotixx/groot-wbc-kimodo-m0/lfh_crouch_ladder/ladder_064/d070.csv,screen_empty,rejected,0,y,-1.0176397562,-1.682053566,1.194990448046066,1.1945783495959652,-0.41209845010081736,120,199,0.44706963180574216,0.38827548976679166
E12_CROUCH_LADDER_2026-08-26,ladder_064__nominal,/data/robotixx/groot-wbc-kimodo-m0/lfh_crouch_ladder/ladder_064/nominal.csv,screen_empty,accepted,1,y,-1.0176397562,-1.682053566,1.2665591445755844,1.2662282000520555,-0.3309445235288866,120,199,0.2308805582624848,0.17002739993123026
E12_CROUCH_LADDER_2026-08-26,ladder_065__nominal,/data/robotixx/groot-wbc-kimodo-m0/lfh_crouch_ladder/ladder_065/nominal.csv,screen_empty,rejected,0,y,-0.4427216053,-2.2748789787,1.2337448861548617,1.2475360719550637,13.791185800202,120,199,0.45378980151828985,0.42288063558139066
E12_CROUCH_LADDER_2026-08-26,ladder_076__d040,/data/robotixx/groot-wbc-kimodo-m0/lfh_crouch_ladder/ladder_076/d040.csv,screen_empty,accepted,1,x,-2.8716888428,0.2407952547,1.186758314792136,1.2348317507261144,48.0734359339785,120,199,0.28558910098945023,0.27019614383715335
E12_CROUCH_LADDER_2026-08-26,ladder_076__d055,/data/robotixx/groot-wbc-kimodo-m0/lfh_crouch_ladder/ladder_076/d055.csv,screen_empty,rejected,0,x,-2.8716888428,0.2407952547,1.1660300217921358,1.2226659257400907,56.63590394795492,120,199,0.37063569631487114,0.3598218637154787
E12_CROUCH_LADDER_2026-08-26,ladder_076__d070,/data/robotixx/groot-wbc-kimodo-m0/lfh_crouch_ladder/ladder_076/d070.csv,screen_empty,rejected,0,x,-2.8716888428,0.2407952547,1.146234877792136,1.2017136066273235,55.478728835187454,120,199,0.4444391751298954,0.4366985280562701
E12_CROUCH_LADDER_2026-08-26,ladder_076__nominal,/data/robotixx/groot-wbc-kimodo-m0/lfh_crouch_ladder/ladder_076/nominal.csv,screen_empty,accepted,1,x,-2.8716888428,0.2407952547,1.260338567683374,1.2683308250677663,7.992257384392243,120,199,0.12043035819383413,0.10655108124426686
E12_CROUCH_LADDER_2026-08-26,ladder_079__nominal,/data/robotixx/groot-wbc-kimodo-m0/lfh_crouch_ladder/ladder_079/nominal.csv,screen_empty,rejected,0,x,-3.5337772369,0.4621112347,1.2613233588014758,1.264384126946509,3.060768145033199,120,199,0.3802637235790316,0.3166009820684002
E12_CROUCH_LADDER_2026-08-26,ladder_091__d040,/data/robotixx/groot-wbc-kimodo-m0/lfh_crouch_ladder/ladder_091/d040.csv,screen_empty,rejected,0,x,3.3219144344,-0.2908977568,1.2124922215966558,1.2385773837540481,26.08516215739232,120,199,0.5572877841992097,0.5262482115443801
E12_CROUCH_LADDER_2026-08-26,ladder_091__d055,/data/robotixx/groot-wbc-kimodo-m0/lfh_crouch_ladder/ladder_091/d055.csv,screen_empty,rejected,0,x,3.3219144344,-0.2908977568,1.1968968837966558,1.2295459519921683,32.6490681955125,120,199,0.6127185700119495,0.5846225912595171
E12_CROUCH_LADDER_2026-08-26,ladder_091__d070,/data/robotixx/groot-wbc-kimodo-m0/lfh_crouch_ladder/ladder_091/d070.csv,screen_empty,rejected,0,x,3.3219144344,-0.2908977568,1.1812958534966558,1.2254201599672017,44.12430647054588,120,199,0.7138904325834424,0.6866758423282192
E12_CROUCH_LADDER_2026-08-26,ladder_091__nominal,/data/robotixx/groot-wbc-kimodo-m0/lfh_crouch_ladder/ladder_091/nominal.csv,screen_empty,accepted,1,x,3.3219144344,-0.2908977568,1.2587150260967763,1.260952990855997,2.2379647592207785,120,199,0.3083355094461848,0.2652997541291267
E12_CROUCH_LADDER_2026-08-26,ladder_120__d040,/data/robotixx/groot-wbc-kimodo-m0/lfh_crouch_ladder/ladder_120/d040.csv,screen_empty,rejected,0,x,-2.6440796852,0.201536119,1.226860138362606,1.2292533246271624,2.393186264556313,120,199,0.4935108359988343,0.44999738161284875
E12_CROUCH_LADDER_2026-08-26,ladder_120__d055,/data/robotixx/groot-wbc-kimodo-m0/lfh_crouch_ladder/ladder_120/d055.csv,screen_empty,rejected,0,x,-2.6440796852,0.201536119,1.2105691127626061,1.2105565440347061,-0.012568727900008625,120,199,0.568114722366477,0.5221370502956508
E12_CROUCH_LADDER_2026-08-26,ladder_120__d070,/data/robotixx/groot-wbc-kimodo-m0/lfh_crouch_ladder/ladder_120/d070.csv,screen_empty,rejected,0,x,-2.6440796852,0.201536119,1.1943655487626061,1.1950727167333393,0.7071679707331135,120,199,0.6260641778717704,0.5831400137923339
E12_CROUCH_LADDER_2026-08-26,ladder_120__nominal,/data/robotixx/groot-wbc-kimodo-m0/lfh_crouch_ladder/ladder_120/nominal.csv,screen_empty,accepted,1,x,-2.6440796852,0.201536119,1.271214760462606,1.2663741189238118,-4.840641538794266,120,199,0.3014939945794845,0.24472808665075368
E12_CROUCH_LADDER_2026-08-26,ladder_126__d040,/data/robotixx/groot-wbc-kimodo-m0/lfh_crouch_ladder/ladder_126/d040.csv,screen_empty,accepted,1,x,1.9413707256,-0.0495630316,1.2586871674041404,1.250651342413528,-8.035824990612506,120,199,0.3309356815009905,0.3099059118341588
E12_CROUCH_LADDER_2026-08-26,ladder_126__d055,/data/robotixx/groot-wbc-kimodo-m0/lfh_crouch_ladder/ladder_126/d055.csv,screen_empty,rejected,0,x,1.9413707256,-0.0495630316,1.2427750821041403,1.2377545343099563,-5.020547794184038,120,199,0.38302383946553015,0.36397226552886963
E12_CROUCH_LADDER_2026-08-26,ladder_126__d070,/data/robotixx/groot-wbc-kimodo-m0/lfh_crouch_ladder/ladder_126/d070.csv,screen_empty,rejected,0,x,1.9413707256,-0.0495630316,1.2260633478404213,1.228570617870273,2.507270029851849,120,199,0.43682640852853116,0.42143275481593895
E12_CROUCH_LADDER_2026-08-26,ladder_126__nominal,/data/robotixx/groot-wbc-kimodo-m0/lfh_crouch_ladder/ladder_126/nominal.csv,screen_empty,accepted,1,x,1.9413707256,-0.0495630316,1.3027562915478503,1.2958359740328587,-6.92031751499167,120,199,0.18134907362166383,0.15893342092995183
E12_CROUCH_LADDER_2026-08-26,ladder_138__d040,/data/robotixx/groot-wbc-kimodo-m0/lfh_crouch_ladder/ladder_138/d040.csv,screen_empty,accepted,1,x,2.0855653286,0.032870017,1.2493333661510189,1.2580815603967115,8.74819424569262,120,199,0.207362401446824,0.22668210360297078
E12_CROUCH_LADDER_2026-08-26,ladder_138__d055,/data/robotixx/groot-wbc-kimodo-m0/lfh_crouch_ladder/ladder_138/d055.csv,screen_empty,accepted,1,x,2.0855653286,0.032870017,1.231344530851019,1.2436332227778206,12.28869192680171,120,199,0.26682375685049803,0.28673705377615577
E12_CROUCH_LADDER_2026-08-26,ladder_138__d070,/data/robotixx/groot-wbc-kimodo-m0/lfh_crouch_ladder/ladder_138/d070.csv,screen_empty,accepted,1,x,2.0855653286,0.032870017,1.2136522100510188,1.2319750979662456,18.32288791522685,120,199,0.3297638984283594,0.34215983016660395
E12_CROUCH_LADDER_2026-08-26,ladder_138__nominal,/data/robotixx/groot-wbc-kimodo-m0/lfh_crouch_ladder/ladder_138/nominal.csv,screen_empty,accepted,1,x,2.0855653286,0.032870017,1.3005812641510188,1.3031816154559897,2.600351304970827,120,199,0.12141656384742293,0.13805520300439614
E12_CROUCH_LADDER_2026-08-26,ladder_148__d040,/data/robotixx/groot-wbc-kimodo-m0/lfh_crouch_ladder/ladder_148/d040.csv,screen_empty,accepted,1,x,2.6815915108,-0.1526015699,1.2485353589243358,1.2656908251868513,17.155466262515517,120,199,0.22639298894979962,0.23299593609304983
E12_CROUCH_LADDER_2026-08-26,ladder_148__d055,/data/robotixx/groot-wbc-kimodo-m0/lfh_crouch_ladder/ladder_148/d055.csv,screen_empty,accepted,1,x,2.6815915108,-0.1526015699,1.2334578834243357,1.252979623611052,19.521740186716265,120,199,0.3045328662532179,0.30754331760709763
E12_CROUCH_LADDER_2026-08-26,ladder_148__d070,/data/robotixx/groot-wbc-kimodo-m0/lfh_crouch_ladder/ladder_148/d070.csv,screen_empty,rejected,0,x,2.6815915108,-0.1526015699,1.2184065955243357,1.2435770338498897,25.170438325553988,120,199,0.35283692248126947,0.35556527568007484
E12_CROUCH_LADDER_2026-08-26,ladder_148__nominal,/data/robotixx/groot-wbc-kimodo-m0/lfh_crouch_ladder/ladder_148/nominal.csv,screen_empty,accepted,1,x,2.6815915108,-0.1526015699,1.2888989777243356,1.301055297661228,12.156319936892368,120,199,0.06612945392542405,0.12801930284837684
E1A_2026-08-20,duck_003__adapted_easy__repeat_1,/data/robotixx/groot-wbc-kimodo-m0/taxonomy/motions_4s/056_a_person_walks_at_a_steady_pace_and_ducks_down_l_s0.csv,cf_005_056_easy,accepted,1,x,2.9673779010772705,0.16555167734622955,1.039945646407396,1.2394562617250477,199.5106153176518,120,199,0.29947863987657275,0.29892780948992365
E1A_2026-08-20,duck_003__adapted_easy__repeat_2,/data/robotixx/groot-wbc-kimodo-m0/taxonomy/motions_4s/056_a_person_walks_at_a_steady_pace_and_ducks_down_l_s0.csv,cf_005_056_easy,accepted,1,x,2.9673779010772705,0.16555167734622955,1.039945646407396,1.2374962034579278,197.5505570505318,120,199,0.3078345850996281,0.30443239893063756
E1A_2026-08-20,duck_003__adapted_hard__repeat_1,/data/robotixx/groot-wbc-kimodo-m0/taxonomy/motions_4s/056_a_person_walks_at_a_steady_pace_and_ducks_down_l_s0.csv,cf_005_056_hard,accepted,1,x,2.9673779010772705,0.16555167734622955,1.039945646407396,1.2394562617250477,199.5106153176518,120,199,0.29947863987657275,0.29892780948992365
E1A_2026-08-20,duck_003__adapted_hard__repeat_2,/data/robotixx/groot-wbc-kimodo-m0/taxonomy/motions_4s/056_a_person_walks_at_a_steady_pace_and_ducks_down_l_s0.csv,cf_005_056_hard,accepted,1,x,2.9673779010772705,0.16555167734622955,1.039945646407396,1.2374962034579278,197.5505570505318,120,199,0.3078345850996281,0.30443239893063756
E1A_2026-08-20,duck_003__nominal_easy__repeat_1,/data/robotixx/groot-wbc-kimodo-m0/taxonomy/motions_4s/005_a_person_walks_at_a_steady_pace_in_a_straight_li_s0.csv,cf_005_056_easy,accepted,1,x,2.2167601585388184,-0.19296666979789734,1.3051405079258307,1.3017249889028095,-3.415519023021174,120,199,0.15103796288154908,0.14396152752457567
E1A_2026-08-20,duck_003__nominal_easy__repeat_2,/data/robotixx/groot-wbc-kimodo-m0/taxonomy/motions_4s/005_a_person_walks_at_a_steady_pace_in_a_straight_li_s0.csv,cf_005_056_easy,accepted,1,x,2.2167601585388184,-0.19296666979789734,1.3051405079258307,1.3016565373470637,-3.483970578767037,120,199,0.0974460477084395,0.1453957925546715
E1A_2026-08-20,duck_003__nominal_hard__repeat_1,/data/robotixx/groot-wbc-kimodo-m0/taxonomy/motions_4s/005_a_person_walks_at_a_steady_pace_in_a_straight_li_s0.csv,cf_005_056_hard,rejected,0,x,2.2167601585388184,-0.19296666979789734,1.3051405079258307,1.3017249889028095,-3.415519023021174,120,199,1.4617413433738662,1.3391820577113835
E1A_2026-08-20,duck_003__nominal_hard__repeat_2,/data/robotixx/groot-wbc-kimodo-m0/taxonomy/motions_4s/005_a_person_walks_at_a_steady_pace_in_a_straight_li_s0.csv,cf_005_056_hard,rejected,0,x,2.2167601585388184,-0.19296666979789734,1.3051405079258307,1.3016565373470637,-3.483970578767037,120,199,1.3766509201047568,1.2703020722523692
E1A_2026-08-20,mf_005_c08__adapted_easy__repeat_1,/data/robotixx/groot-wbc-kimodo-m0/modebank/sweep/w_crouch08.csv,mf_005_c08_easy,accepted,1,x,2.21676,-0.192967,1.2074328397948506,1.2351412973467888,27.70845755193818,120,199,0.2860311976265372,0.3189173811731942
E1A_2026-08-20,mf_005_c08__adapted_easy__repeat_2,/data/robotixx/groot-wbc-kimodo-m0/modebank/sweep/w_crouch08.csv,mf_005_c08_easy,accepted,1,x,2.21676,-0.192967,1.2074328397948506,1.2333935107898784,25.960670995027748,120,199,0.3262036650503342,0.31594246918818386
E1A_2026-08-20,mf_005_c08__adapted_hard__repeat_1,/data/robotixx/groot-wbc-kimodo-m0/modebank/sweep/w_crouch08.csv,mf_005_c08_hard,accepted,1,x,2.21676,-0.192967,1.2074328397948506,1.2351412973467888,27.70845755193818,120,199,0.28307826176919976,0.3189173811731942
E1A_2026-08-20,mf_005_c08__adapted_hard__repeat_2,/data/robotixx/groot-wbc-kimodo-m0/modebank/sweep/w_crouch08.csv,mf_005_c08_hard,accepted,1,x,2.21676,-0.192967,1.2074328397948506,1.2333935107898784,25.960670995027748,120,199,0.3262036650503342,0.31594246918818386
E1A_2026-08-20,mf_005_c08__nominal_easy__repeat_1,/data/robotixx/groot-wbc-kimodo-m0/modebank/sweep/w_nominal.csv,mf_005_c08_easy,accepted,1,x,2.21676,-0.192967,1.3051409640637959,1.3019113861697942,-3.2295778940016895,120,199,0.15894962613857525,0.15485608781032842
E1A_2026-08-20,mf_005_c08__nominal_easy__repeat_2,/data/robotixx/groot-wbc-kimodo-m0/modebank/sweep/w_nominal.csv,mf_005_c08_easy,accepted,1,x,2.21676,-0.192967,1.3051409640637959,1.3015564791436358,-3.584484920160058,120,199,0.0983173620443152,0.14488099597425594
E1A_2026-08-20,mf_005_c08__nominal_hard__repeat_1,/data/robotixx/groot-wbc-kimodo-m0/modebank/sweep/w_nominal.csv,mf_005_c08_hard,rejected,0,x,2.21676,-0.192967,1.3051409640637959,1.2574179825266656,-47.72298153713028,120,199,0.8125812053336001,0.8035755810357237
E1A_2026-08-20,mf_005_c08__nominal_hard__repeat_2,/data/robotixx/groot-wbc-kimodo-m0/modebank/sweep/w_nominal.csv,mf_005_c08_hard,rejected,0,x,2.21676,-0.192967,1.3051409640637959,1.2574557989403652,-47.685165123430686,120,199,0.8048740158372303,0.8078624724416098
E1B_V2_2026-08-20,cs_duck_003__shelf_plank__adapted_easy,/data/robotixx/groot-wbc-kimodo-m0/taxonomy/motions_4s/056_a_person_walks_at_a_steady_pace_and_ducks_down_l_s0.csv,cs_duck_003__shelf_plank__s00000017__easy,accepted,1,x,2.9673779010772705,0.16555167734622955,1.039945646407396,1.1876612921327987,147.71564572540274,120,199,0.33048505221741653,0.3086285521480737
E1B_V2_2026-08-20,cs_duck_003__shelf_plank__adapted_hard,/data/robotixx/groot-wbc-kimodo-m0/taxonomy/motions_4s/056_a_person_walks_at_a_steady_pace_and_ducks_down_l_s0.csv,cs_duck_003__shelf_plank__s00000017__hard,accepted,1,x,2.9673779010772705,0.16555167734622955,1.039945646407396,1.1876612921327987,147.71564572540274,120,199,0.33048505221741653,0.3086285521480737
E1B_V2_2026-08-20,cs_duck_003__shelf_plank__nominal_easy,/data/robotixx/groot-wbc-kimodo-m0/taxonomy/motions_4s/005_a_person_walks_at_a_steady_pace_in_a_straight_li_s0.csv,cs_duck_003__shelf_plank__s00000017__easy,accepted,1,x,2.2167601585388184,-0.19296666979789734,1.3051405079258307,1.3012108785350744,-3.9296293907562507,120,199,0.14982363592788123,0.1377830039651489
E1B_V2_2026-08-20,cs_duck_003__shelf_plank__nominal_hard,/data/robotixx/groot-wbc-kimodo-m0/taxonomy/motions_4s/005_a_person_walks_at_a_steady_pace_in_a_straight_li_s0.csv,cs_duck_003__shelf_plank__s00000017__hard,rejected,0,x,2.2167601585388184,-0.19296666979789734,1.3051405079258307,1.3012108785350744,-3.9296293907562507,120,199,1.3067134365428632,1.202007057233472
E2_VARIANT_TRANSFER_2026-08-20,cs_duck_003__door_lintel__s00000017__adapted_easy,/data/robotixx/groot-wbc-kimodo-m0/taxonomy/motions_4s/056_a_person_walks_at_a_steady_pace_and_ducks_down_l_s0.csv,cs_duck_003__door_lintel__s00000017__easy,accepted,1,x,2.9673779010772705,0.16555167734622955,1.039945646407396,1.218985669813648,179.04002340625215,120,199,0.36788947671815037,0.34494492626476025
E2_VARIANT_TRANSFER_2026-08-20,cs_duck_003__door_lintel__s00000017__adapted_hard,/data/robotixx/groot-wbc-kimodo-m0/taxonomy/motions_4s/056_a_person_walks_at_a_steady_pace_and_ducks_down_l_s0.csv,cs_duck_003__door_lintel__s00000017__hard,accepted,1,x,2.9673779010772705,0.16555167734622955,1.039945646407396,1.218985669813648,179.04002340625215,120,199,0.36788947671815037,0.34494492626476025
E2_VARIANT_TRANSFER_2026-08-20,cs_duck_003__door_lintel__s00000017__nominal_easy,/data/robotixx/groot-wbc-kimodo-m0/taxonomy/motions_4s/005_a_person_walks_at_a_steady_pace_in_a_straight_li_s0.csv,cs_duck_003__door_lintel__s00000017__easy,accepted,1,x,2.2167601585388184,-0.19296666979789734,1.3051405079258307,1.299082886723085,-6.057621202745667,120,199,0.13586725039751682,0.11094143848353227
E2_VARIANT_TRANSFER_2026-08-20,cs_duck_003__door_lintel__s00000017__nominal_hard,/data/robotixx/groot-wbc-kimodo-m0/taxonomy/motions_4s/005_a_person_walks_at_a_steady_pace_in_a_straight_li_s0.csv,cs_duck_003__door_lintel__s00000017__hard,rejected,0,x,2.2167601585388184,-0.19296666979789734,1.3051405079258307,1.299082886723085,-6.057621202745667,120,199,1.299201791233182,1.2554960131472135
E2_VARIANT_TRANSFER_2026-08-20,cs_duck_003__hvac_duct__s00000017__adapted_easy,/data/robotixx/groot-wbc-kimodo-m0/taxonomy/motions_4s/056_a_person_walks_at_a_steady_pace_and_ducks_down_l_s0.csv,cs_duck_003__hvac_duct__s00000017__easy,accepted,1,x,2.9673779010772705,0.16555167734622955,1.039945646407396,1.2114397441439895,171.49409773659352,120,199,0.28351346477704487,0.24569337445282677
E2_VARIANT_TRANSFER_2026-08-20,cs_duck_003__hvac_duct__s00000017__adapted_hard,/data/robotixx/groot-wbc-kimodo-m0/taxonomy/motions_4s/056_a_person_walks_at_a_steady_pace_and_ducks_down_l_s0.csv,cs_duck_003__hvac_duct__s00000017__hard,accepted,1,x,2.9673779010772705,0.16555167734622955,1.039945646407396,1.2114397441439895,171.49409773659352,120,199,0.28351346477704487,0.24569337445282677
E2_VARIANT_TRANSFER_2026-08-20,cs_duck_003__hvac_duct__s00000017__nominal_easy,/data/robotixx/groot-wbc-kimodo-m0/taxonomy/motions_4s/005_a_person_walks_at_a_steady_pace_in_a_straight_li_s0.csv,cs_duck_003__hvac_duct__s00000017__easy,accepted,1,x,2.2167601585388184,-0.19296666979789734,1.3051405079258307,1.296088372360985,-9.052135564845631,120,199,0.08983385731393245,0.15615639666787476
E2_VARIANT_TRANSFER_2026-08-20,cs_duck_003__hvac_duct__s00000017__nominal_hard,/data/robotixx/groot-wbc-kimodo-m0/taxonomy/motions_4s/005_a_person_walks_at_a_steady_pace_in_a_straight_li_s0.csv,cs_duck_003__hvac_duct__s00000017__hard,rejected,0,x,2.2167601585388184,-0.19296666979789734,1.3051405079258307,1.296088372360985,-9.052135564845631,120,199,1.1351839461714057,1.0418833326893344
E2_VARIANT_TRANSFER_2026-08-20,cs_duck_003__ibeam__s00000017__adapted_easy,/data/robotixx/groot-wbc-kimodo-m0/taxonomy/motions_4s/056_a_person_walks_at_a_steady_pace_and_ducks_down_l_s0.csv,cs_duck_003__ibeam__s00000017__easy,accepted,1,x,2.9673779010772705,0.16555167734622955,1.039945646407396,1.2071489715315387,167.2033251241427,120,199,0.26363068507417636,0.2545720904475454
E2_VARIANT_TRANSFER_2026-08-20,cs_duck_003__ibeam__s00000017__adapted_hard,/data/robotixx/groot-wbc-kimodo-m0/taxonomy/motions_4s/056_a_person_walks_at_a_steady_pace_and_ducks_down_l_s0.csv,cs_duck_003__ibeam__s00000017__hard,accepted,1,x,2.9673779010772705,0.16555167734622955,1.039945646407396,1.2071489715315387,167.2033251241427,120,199,0.26363068507417636,0.2545720904475454
E2_VARIANT_TRANSFER_2026-08-20,cs_duck_003__ibeam__s00000017__nominal_easy,/data/robotixx/groot-wbc-kimodo-m0/taxonomy/motions_4s/005_a_person_walks_at_a_steady_pace_in_a_straight_li_s0.csv,cs_duck_003__ibeam__s00000017__easy,accepted,1,x,2.2167601585388184,-0.19296666979789734,1.3051405079258307,1.2989574315276688,-6.183076398161846,120,199,0.12011766575833045,0.13956582600253073
E2_VARIANT_TRANSFER_2026-08-20,cs_duck_003__ibeam__s00000017__nominal_hard,/data/robotixx/groot-wbc-kimodo-m0/taxonomy/motions_4s/005_a_person_walks_at_a_steady_pace_in_a_straight_li_s0.csv,cs_duck_003__ibeam__s00000017__hard,rejected,0,x,2.2167601585388184,-0.19296666979789734,1.3051405079258307,1.2989574315276688,-6.183076398161846,120,199,1.3105712017764095,1.2018072972601181
E3_LATERAL_PILOT_2026-08-20,cs_lfh_084_arm_tuck_right_cal2__pinch_panels__s00031584__adapted_easy,/data/robotixx/groot-wbc-kimodo-m0/lfh_arm_tuck_strong_calibration/lfh_084_arm_tuck_right/strong.csv,cs_lfh_084_arm_tuck_right_cal2__pinch_panels__s00031584__easy,accepted,1,x,1.7274661064,-0.512041688,1.29708077321023,1.266773347424862,-30.30742578536816,120,199,0.08633807324366637,0.07766234338671414
E3_LATERAL_PILOT_2026-08-20,cs_lfh_084_arm_tuck_right_cal2__pinch_panels__s00031584__adapted_hard,/data/robotixx/groot-wbc-kimodo-m0/lfh_arm_tuck_strong_calibration/lfh_084_arm_tuck_right/strong.csv,cs_lfh_084_arm_tuck_right_cal2__pinch_panels__s00031584__hard,rejected,0,x,1.7274661064,-0.512041688,1.29708077321023,1.2781116303398288,-18.9691428704013,120,199,0.1930211741140997,0.1828818438212234
E3_LATERAL_PILOT_2026-08-20,cs_lfh_084_arm_tuck_right_cal2__pinch_panels__s00031584__nominal_easy,/data/robotixx/groot-wbc-kimodo-m0/lfh_arm_tuck_strong_calibration/lfh_084_arm_tuck_right/nominal.csv,cs_lfh_084_arm_tuck_right_cal2__pinch_panels__s00031584__easy,accepted,1,x,1.7274661064,-0.512041688,1.29708077321023,1.2762609165592693,-20.819856650960755,120,199,0.046669074820749834,0.07559725338209854
E3_LATERAL_PILOT_2026-08-20,cs_lfh_084_arm_tuck_right_cal2__pinch_panels__s00031584__nominal_hard,/data/robotixx/groot-wbc-kimodo-m0/lfh_arm_tuck_strong_calibration/lfh_084_arm_tuck_right/nominal.csv,cs_lfh_084_arm_tuck_right_cal2__pinch_panels__s00031584__hard,rejected,0,x,1.7274661064,-0.512041688,1.29708077321023,1.2823396004690142,-14.741172741215891,120,199,0.03640683514544889,0.07662912950865207
E6A_CROUCH_CONTEXT_2026-08-20,cs_lfh_086_crouch_cal3__shelf_plank__s00031786__adapted_easy,/data/robotixx/groot-wbc-kimodo-m0/lfh_crouch_calibration/lfh_086_crouch/adapted.csv,cs_lfh_086_crouch_cal3__shelf_plank__s00031786__easy,rejected,0,x,2.0504016876,-0.0145272128,1.2127496895993661,1.2254525263117084,12.702836712342291,120,199,0.3409959894890433,0.3445030521727112
E6A_CROUCH_CONTEXT_2026-08-20,cs_lfh_086_crouch_cal3__shelf_plank__s00031786__nominal_easy,/data/robotixx/groot-wbc-kimodo-m0/lfh_crouch_calibration/lfh_086_crouch/nominal.csv,cs_lfh_086_crouch_cal3__shelf_plank__s00031786__easy,accepted,1,x,2.0504016876,-0.0145272128,1.296029323999366,1.2831476506950734,-12.881673304292685,120,199,0.18073723269490544,0.23693562129337453
E6A_CROUCH_CONTEXT_2026-08-20,cs_lfh_089_crouch_cal3__shelf_plank__s00031789__adapted_easy,/data/robotixx/groot-wbc-kimodo-m0/lfh_crouch_calibration/lfh_089_crouch/adapted.csv,cs_lfh_089_crouch_cal3__shelf_plank__s00031789__easy,accepted,1,x,2.3044002056,0.0860527903,1.1725295020057886,1.2178379904088432,45.30848840305457,120,199,0.35462072013126605,0.31892628486345065
E6A_CROUCH_CONTEXT_2026-08-20,cs_lfh_089_crouch_cal3__shelf_plank__s00031789__nominal_easy,/data/robotixx/groot-wbc-kimodo-m0/lfh_crouch_calibration/lfh_089_crouch/nominal.csv,cs_lfh_089_crouch_cal3__shelf_plank__s00031789__easy,accepted,1,x,2.3044002056,0.0860527903,1.2580194991885534,1.2823656768902065,24.346177701653147,120,199,0.20580037897053993,0.15712928609082824
E6A_CROUCH_CONTEXT_2026-08-20,cs_lfh_090_crouch_cal3__shelf_plank__s00031790__adapted_easy,/data/robotixx/groot-wbc-kimodo-m0/lfh_crouch_calibration/lfh_090_crouch/adapted.csv,cs_lfh_090_crouch_cal3__shelf_plank__s00031790__easy,accepted,1,x,2.1252264977,-0.0675965175,1.2126774110935303,1.2311064647715104,18.42905367798009,120,199,0.2750014990757936,0.27659401628126035
E6A_CROUCH_CONTEXT_2026-08-20,cs_lfh_090_crouch_cal3__shelf_plank__s00031790__nominal_easy,/data/robotixx/groot-wbc-kimodo-m0/lfh_crouch_calibration/lfh_090_crouch/nominal.csv,cs_lfh_090_crouch_cal3__shelf_plank__s00031790__easy,accepted,1,x,2.1252264977,-0.0675965175,1.2966604567935305,1.28387834932439,-12.782107469140547,120,199,0.08617225856318537,0.08869621285070997
E6B_CROUCH_HARD_2026-08-20,cs_lfh_089_crouch_cal3__shelf_plank__s00031789__adapted_hard,/data/robotixx/groot-wbc-kimodo-m0/lfh_crouch_calibration/lfh_089_crouch/adapted.csv,cs_lfh_089_crouch_cal3__shelf_plank__s00031789__hard,accepted,1,x,2.3044002056,0.0860527903,1.1725295020057886,1.2178379904088432,45.30848840305457,120,199,0.35462072013126605,0.31892628486345065
E6B_CROUCH_HARD_2026-08-20,cs_lfh_089_crouch_cal3__shelf_plank__s00031789__nominal_hard,/data/robotixx/groot-wbc-kimodo-m0/lfh_crouch_calibration/lfh_089_crouch/nominal.csv,cs_lfh_089_crouch_cal3__shelf_plank__s00031789__hard,rejected,0,x,2.3044002056,0.0860527903,1.2580194991885534,1.2964852139449345,38.46571475638116,120,199,0.26657141037127513,0.2185048682744151
E6B_CROUCH_HARD_2026-08-20,cs_lfh_090_crouch_cal3__shelf_plank__s00031790__adapted_hard,/data/robotixx/groot-wbc-kimodo-m0/lfh_crouch_calibration/lfh_090_crouch/adapted.csv,cs_lfh_090_crouch_cal3__shelf_plank__s00031790__hard,accepted,1,x,2.1252264977,-0.0675965175,1.2126774110935303,1.2311064647715104,18.42905367798009,120,199,0.2750014990757936,0.27659401628126035
E6B_CROUCH_HARD_2026-08-20,cs_lfh_090_crouch_cal3__shelf_plank__s00031790__nominal_hard,/data/robotixx/groot-wbc-kimodo-m0/lfh_crouch_calibration/lfh_090_crouch/nominal.csv,cs_lfh_090_crouch_cal3__shelf_plank__s00031790__hard,rejected,0,x,2.1252264977,-0.0675965175,1.2966604567935305,1.2945871838852607,-2.073272908269752,120,199,0.6062777202146062,0.6108847858365201
E6C_CROUCH_EXPOSURE_EASY_2026-08-20,cs_lfh_086_crouch_cal3_d0100__shelf_plank__s00031886__adapted_easy,/data/robotixx/groot-wbc-kimodo-m0/lfh_crouch_calibration/lfh_086_crouch/adapted.csv,cs_lfh_086_crouch_cal3_d0100__shelf_plank__s00031886__easy,accepted,1,x,2.0504016876,-0.0145272128,1.2127496895993661,1.21738602492243,4.636335323063845,120,199,0.30257684084092407,0.3146723268617722
E6C_CROUCH_EXPOSURE_EASY_2026-08-20,cs_lfh_086_crouch_cal3_d0100__shelf_plank__s00031886__nominal_easy,/data/robotixx/groot-wbc-kimodo-m0/lfh_crouch_calibration/lfh_086_crouch/nominal.csv,cs_lfh_086_crouch_cal3_d0100__shelf_plank__s00031886__easy,accepted,1,x,2.0504016876,-0.0145272128,1.296029323999366,1.274737536217333,-21.29178778203311,120,199,0.0912287107859746,0.13374668247484717
E6C_CROUCH_EXPOSURE_HARD_2026-08-20,cs_lfh_086_crouch_cal3_d0100__shelf_plank__s00031886__adapted_hard,/data/robotixx/groot-wbc-kimodo-m0/lfh_crouch_calibration/lfh_086_crouch/adapted.csv,cs_lfh_086_crouch_cal3_d0100__shelf_plank__s00031886__hard,accepted,1,x,2.0504016876,-0.0145272128,1.2127496895993661,1.21738602492243,4.636335323063845,120,199,0.30257684084092407,0.3146723268617722
E6C_CROUCH_EXPOSURE_HARD_2026-08-20,cs_lfh_086_crouch_cal3_d0100__shelf_plank__s00031886__nominal_hard,/data/robotixx/groot-wbc-kimodo-m0/lfh_crouch_calibration/lfh_086_crouch/nominal.csv,cs_lfh_086_crouch_cal3_d0100__shelf_plank__s00031886__hard,rejected,0,x,2.0504016876,-0.0145272128,1.296029323999366,1.2519436915200322,-44.085632479333945,120,199,0.1530985845910314,0.15906524127674468
E7A_ARCHETYPE_CONTEXT_2026-08-21,cs_lfh_086_crouch_cal3_d0100__door_lintel__s00032001__adapted_easy,/data/robotixx/groot-wbc-kimodo-m0/lfh_crouch_calibration/lfh_086_crouch/adapted.csv,cs_lfh_086_crouch_cal3_d0100__door_lintel__s00032001__easy,accepted,1,x,2.0504016876,-0.0145272128,1.2127496895993661,1.2054650520578107,-7.284637541555394,120,199,0.3128780065896843,0.3167873945747697
E7A_ARCHETYPE_CONTEXT_2026-08-21,cs_lfh_086_crouch_cal3_d0100__door_lintel__s00032001__nominal_easy,/data/robotixx/groot-wbc-kimodo-m0/lfh_crouch_calibration/lfh_086_crouch/nominal.csv,cs_lfh_086_crouch_cal3_d0100__door_lintel__s00032001__easy,accepted,1,x,2.0504016876,-0.0145272128,1.296029323999366,1.2729579578803174,-23.071366119048697,120,199,0.08663779710324383,0.20050985063412136
E7A_ARCHETYPE_CONTEXT_2026-08-21,cs_lfh_086_crouch_cal3_d0100__ibeam__s00032002__adapted_easy,/data/robotixx/groot-wbc-kimodo-m0/lfh_crouch_calibration/lfh_086_crouch/adapted.csv,cs_lfh_086_crouch_cal3_d0100__ibeam__s00032002__easy,accepted,1,x,2.0504016876,-0.0145272128,1.2127496895993661,1.196316585579599,-16.433104019767164,120,199,0.33356273642307366,0.3489814030054123
E7A_ARCHETYPE_CONTEXT_2026-08-21,cs_lfh_086_crouch_cal3_d0100__ibeam__s00032002__nominal_easy,/data/robotixx/groot-wbc-kimodo-m0/lfh_crouch_calibration/lfh_086_crouch/nominal.csv,cs_lfh_086_crouch_cal3_d0100__ibeam__s00032002__easy,accepted,1,x,2.0504016876,-0.0145272128,1.296029323999366,1.2714855924105384,-24.543731588827722,120,199,0.11482274463901024,0.1148014091383519
E7A_ARCHETYPE_CONTEXT_2026-08-21,cs_lfh_089_crouch_cal3__door_lintel__s00032101__adapted_easy,/data/robotixx/groot-wbc-kimodo-m0/lfh_crouch_calibration/lfh_089_crouch/adapted.csv,cs_lfh_089_crouch_cal3__door_lintel__s00032101__easy,accepted,1,x,2.3044002056,0.0860527903,1.1725295020057886,1.1918550703154134,19.325568309624728,120,199,0.2804263631779613,0.25193571734484455
E7A_ARCHETYPE_CONTEXT_2026-08-21,cs_lfh_089_crouch_cal3__door_lintel__s00032101__nominal_easy,/data/robotixx/groot-wbc-kimodo-m0/lfh_crouch_calibration/lfh_089_crouch/nominal.csv,cs_lfh_089_crouch_cal3__door_lintel__s00032101__easy,accepted,1,x,2.3044002056,0.0860527903,1.2580194991885534,1.2616744911836888,3.654991995135415,120,199,0.0865768836835388,0.09885254896992259
E7A_ARCHETYPE_CONTEXT_2026-08-21,cs_lfh_089_crouch_cal3__ibeam__s00032102__adapted_easy,/data/robotixx/groot-wbc-kimodo-m0/lfh_crouch_calibration/lfh_089_crouch/adapted.csv,cs_lfh_089_crouch_cal3__ibeam__s00032102__easy,accepted,1,x,2.3044002056,0.0860527903,1.1725295020057886,1.2089139899598154,36.38448795402671,120,199,0.3780558845398567,0.34463660446094513
E7A_ARCHETYPE_CONTEXT_2026-08-21,cs_lfh_089_crouch_cal3__ibeam__s00032102__nominal_easy,/data/robotixx/groot-wbc-kimodo-m0/lfh_crouch_calibration/lfh_089_crouch/nominal.csv,cs_lfh_089_crouch_cal3__ibeam__s00032102__easy,accepted,1,x,2.3044002056,0.0860527903,1.2580194991885534,1.275981165628413,17.961666439859634,120,199,0.21400392734589452,0.17406478238190864
E7A_ARCHETYPE_CONTEXT_2026-08-21,cs_lfh_090_crouch_cal3__door_lintel__s00032201__adapted_easy,/data/robotixx/groot-wbc-kimodo-m0/lfh_crouch_calibration/lfh_090_crouch/adapted.csv,cs_lfh_090_crouch_cal3__door_lintel__s00032201__easy,accepted,1,x,2.1252264977,-0.0675965175,1.2126774110935303,1.2265373176175538,13.859906524023469,120,199,0.30386471026811523,0.30170571557599846
E7A_ARCHETYPE_CONTEXT_2026-08-21,cs_lfh_090_crouch_cal3__door_lintel__s00032201__nominal_easy,/data/robotixx/groot-wbc-kimodo-m0/lfh_crouch_calibration/lfh_090_crouch/nominal.csv,cs_lfh_090_crouch_cal3__door_lintel__s00032201__easy,accepted,1,x,2.1252264977,-0.0675965175,1.2966604567935305,1.2803612819780041,-16.299174815526342,120,199,0.1983329245003652,0.1909771222051427
E7A_ARCHETYPE_CONTEXT_2026-08-21,cs_lfh_090_crouch_cal3__ibeam__s00032202__adapted_easy,/data/robotixx/groot-wbc-kimodo-m0/lfh_crouch_calibration/lfh_090_crouch/adapted.csv,cs_lfh_090_crouch_cal3__ibeam__s00032202__easy,accepted,1,x,2.1252264977,-0.0675965175,1.2126774110935303,1.230559044912324,17.88163381879371,120,199,0.27052508324814406,0.27046757650239767
E7A_ARCHETYPE_CONTEXT_2026-08-21,cs_lfh_090_crouch_cal3__ibeam__s00032202__nominal_easy,/data/robotixx/groot-wbc-kimodo-m0/lfh_crouch_calibration/lfh_090_crouch/nominal.csv,cs_lfh_090_crouch_cal3__ibeam__s00032202__easy,accepted,1,x,2.1252264977,-0.0675965175,1.2966604567935305,1.282104606347361,-14.555850446169583,120,199,0.15002048646260183,0.13118097698776102
E7B_ARCHETYPE_HARD_2026-08-21,cs_lfh_086_crouch_cal3_d0100__door_lintel__s00032001__adapted_hard,/data/robotixx/groot-wbc-kimodo-m0/lfh_crouch_calibration/lfh_086_crouch/adapted.csv,cs_lfh_086_crouch_cal3_d0100__door_lintel__s00032001__hard,accepted,1,x,2.0504016876,-0.0145272128,1.2127496895993661,1.2054650520578107,-7.284637541555394,120,199,0.3128780065896843,0.3167873945747697
E7B_ARCHETYPE_HARD_2026-08-21,cs_lfh_086_crouch_cal3_d0100__door_lintel__s00032001__nominal_hard,/data/robotixx/groot-wbc-kimodo-m0/lfh_crouch_calibration/lfh_086_crouch/nominal.csv,cs_lfh_086_crouch_cal3_d0100__door_lintel__s00032001__hard,rejected,0,x,2.0504016876,-0.0145272128,1.296029323999366,1.2476402081588915,-48.38911584047456,120,199,0.06055659447085156,0.20050985063412136
E7B_ARCHETYPE_HARD_2026-08-21,cs_lfh_086_crouch_cal3_d0100__ibeam__s00032002__adapted_hard,/data/robotixx/groot-wbc-kimodo-m0/lfh_crouch_calibration/lfh_086_crouch/adapted.csv,cs_lfh_086_crouch_cal3_d0100__ibeam__s00032002__hard,accepted,1,x,2.0504016876,-0.0145272128,1.2127496895993661,1.196316585579599,-16.433104019767164,120,199,0.33356273642307366,0.3489814030054123
E7B_ARCHETYPE_HARD_2026-08-21,cs_lfh_086_crouch_cal3_d0100__ibeam__s00032002__nominal_hard,/data/robotixx/groot-wbc-kimodo-m0/lfh_crouch_calibration/lfh_086_crouch/nominal.csv,cs_lfh_086_crouch_cal3_d0100__ibeam__s00032002__hard,rejected,0,x,2.0504016876,-0.0145272128,1.296029323999366,1.251802292541262,-44.227031458104136,120,199,0.18288707354461253,0.19269438244594222
E7B_ARCHETYPE_HARD_2026-08-21,cs_lfh_089_crouch_cal3__door_lintel__s00032101__adapted_hard,/data/robotixx/groot-wbc-kimodo-m0/lfh_crouch_calibration/lfh_089_crouch/adapted.csv,cs_lfh_089_crouch_cal3__door_lintel__s00032101__hard,accepted,1,x,2.3044002056,0.0860527903,1.1725295020057886,1.1918550703154134,19.325568309624728,120,199,0.2804263631779613,0.25193571734484455
E7B_ARCHETYPE_HARD_2026-08-21,cs_lfh_089_crouch_cal3__door_lintel__s00032101__nominal_hard,/data/robotixx/groot-wbc-kimodo-m0/lfh_crouch_calibration/lfh_089_crouch/nominal.csv,cs_lfh_089_crouch_cal3__door_lintel__s00032101__hard,rejected,0,x,2.3044002056,0.0860527903,1.2580194991885534,1.2966177636900726,38.59826450151927,120,199,0.22361624070333988,0.19624402452979486
E7B_ARCHETYPE_HARD_2026-08-21,cs_lfh_089_crouch_cal3__ibeam__s00032102__adapted_hard,/data/robotixx/groot-wbc-kimodo-m0/lfh_crouch_calibration/lfh_089_crouch/adapted.csv,cs_lfh_089_crouch_cal3__ibeam__s00032102__hard,accepted,1,x,2.3044002056,0.0860527903,1.1725295020057886,1.2089139899598154,36.38448795402671,120,199,0.3780558845398567,0.34463660446094513
E7B_ARCHETYPE_HARD_2026-08-21,cs_lfh_089_crouch_cal3__ibeam__s00032102__nominal_hard,/data/robotixx/groot-wbc-kimodo-m0/lfh_crouch_calibration/lfh_089_crouch/nominal.csv,cs_lfh_089_crouch_cal3__ibeam__s00032102__hard,rejected,0,x,2.3044002056,0.0860527903,1.2580194991885534,1.2972467358100133,39.22723662145988,120,199,0.338078351676306,0.29819001391882155
E7B_ARCHETYPE_HARD_2026-08-21,cs_lfh_090_crouch_cal3__door_lintel__s00032201__adapted_hard,/data/robotixx/groot-wbc-kimodo-m0/lfh_crouch_calibration/lfh_090_crouch/adapted.csv,cs_lfh_090_crouch_cal3__door_lintel__s00032201__hard,accepted,1,x,2.1252264977,-0.0675965175,1.2126774110935303,1.2265373176175538,13.859906524023469,120,199,0.30386471026811523,0.30170571557599846
E7B_ARCHETYPE_HARD_2026-08-21,cs_lfh_090_crouch_cal3__door_lintel__s00032201__nominal_hard,/data/robotixx/groot-wbc-kimodo-m0/lfh_crouch_calibration/lfh_090_crouch/nominal.csv,cs_lfh_090_crouch_cal3__door_lintel__s00032201__hard,rejected,0,x,2.1252264977,-0.0675965175,1.2966604567935305,1.2911426040088494,-5.517852784681088,120,199,0.5430903954884143,0.5239299322163474
E7B_ARCHETYPE_HARD_2026-08-21,cs_lfh_090_crouch_cal3__ibeam__s00032202__adapted_hard,/data/robotixx/groot-wbc-kimodo-m0/lfh_crouch_calibration/lfh_090_crouch/adapted.csv,cs_lfh_090_crouch_cal3__ibeam__s00032202__hard,accepted,1,x,2.1252264977,-0.0675965175,1.2126774110935303,1.230559044912324,17.88163381879371,120,199,0.27052508324814406,0.27046757650239767
E7B_ARCHETYPE_HARD_2026-08-21,cs_lfh_090_crouch_cal3__ibeam__s00032202__nominal_hard,/data/robotixx/groot-wbc-kimodo-m0/lfh_crouch_calibration/lfh_090_crouch/nominal.csv,cs_lfh_090_crouch_cal3__ibeam__s00032202__hard,rejected,0,x,2.1252264977,-0.0675965175,1.2966604567935305,1.2968269597342372,0.16650294070674754,120,199,0.5774171154436365,0.5510143508936811
E7C_REPLACEMENT_EASY_2026-08-21,cs_lfh_086_crouch_cal3_d0100__hanging_panel__s00032301__adapted_easy,/data/robotixx/groot-wbc-kimodo-m0/lfh_crouch_calibration/lfh_086_crouch/adapted.csv,cs_lfh_086_crouch_cal3_d0100__hanging_panel__s00032301__easy,accepted,1,x,2.0504016876,-0.0145272128,1.2127496895993661,1.226123216743397,13.37352714403095,120,199,0.24581118628874507,0.25624788100548745
E7C_REPLACEMENT_EASY_2026-08-21,cs_lfh_086_crouch_cal3_d0100__hanging_panel__s00032301__nominal_easy,/data/robotixx/groot-wbc-kimodo-m0/lfh_crouch_calibration/lfh_086_crouch/nominal.csv,cs_lfh_086_crouch_cal3_d0100__hanging_panel__s00032301__easy,accepted,1,x,2.0504016876,-0.0145272128,1.296029323999366,1.2890696643940522,-6.9596596053138615,120,199,0.037061772371716,0.06506581799234804
E7C_REPLACEMENT_HARD_2026-08-21,cs_lfh_086_crouch_cal3_d0100__hanging_panel__s00032301__adapted_hard,/data/robotixx/groot-wbc-kimodo-m0/lfh_crouch_calibration/lfh_086_crouch/adapted.csv,cs_lfh_086_crouch_cal3_d0100__hanging_panel__s00032301__hard,accepted,1,x,2.0504016876,-0.0145272128,1.2127496895993661,1.226123216743397,13.37352714403095,120,199,0.24581118628874507,0.25624788100548745
E7C_REPLACEMENT_HARD_2026-08-21,cs_lfh_086_crouch_cal3_d0100__hanging_panel__s00032301__nominal_hard,/data/robotixx/groot-wbc-kimodo-m0/lfh_crouch_calibration/lfh_086_crouch/nominal.csv,cs_lfh_086_crouch_cal3_d0100__hanging_panel__s00032301__hard,rejected,0,x,2.0504016876,-0.0145272128,1.296029323999366,1.259948991606751,-36.0803323926151,120,199,0.33154050208606795,0.35615683223861083
E9A_MOTION_SCENE_CALIBRATION_2026-08-21,lfh_fresh_curve__empty__adapted,/data/robotixx/groot-wbc-kimodo-m0/lfh_3d_loop/pair/adapted.csv,screen_empty,rejected,0,y,1.5979771614,-1.2985413074,1.1874291065846827,1.197326700970306,9.89759438562321,120,199,0.37573351574195807,0.4102067169672838
E9A_MOTION_SCENE_CALIBRATION_2026-08-21,lfh_fresh_curve__empty__nominal,/data/robotixx/groot-wbc-kimodo-m0/lfh_3d_loop/pair/nominal.csv,screen_empty,accepted,1,y,1.5979771614,-1.2985413074,1.2802597691664899,1.2603368623615974,-19.922906804892506,120,199,0.0837690602895232,0.11147086667859936
EMPTY_ROOM_PROBES_V5_2026-08-20,lfh_089_arm_tuck_left__probe_adapted,/data/robotixx/groot-wbc-kimodo-m0/lfh_probe_candidates/lfh_089_arm_tuck_left__adapted.csv,screen_empty,accepted,1,x,2.3044002056,0.0860527903,1.2580194991885534,1.267164450488154,9.14495129960069,120,199,0.11753691568000908,0.07894372117522035
EMPTY_ROOM_PROBES_V5_2026-08-20,lfh_089_arm_tuck_left__probe_nominal,/data/robotixx/groot-wbc-kimodo-m0/lfh_probe_candidates/lfh_089_arm_tuck_left__nominal.csv,screen_empty,accepted,1,x,2.3044002056,0.0860527903,1.2580194991885534,1.269017920312995,10.998421124441604,120,199,0.1323940472122556,0.09006603563253225
EMPTY_ROOM_PROBES_V5_2026-08-20,lfh_092_arm_tuck_right__probe_adapted,/data/robotixx/groot-wbc-kimodo-m0/lfh_probe_candidates/lfh_092_arm_tuck_right__adapted.csv,screen_empty,accepted,1,y,1.5345925093,-1.5767343044,1.2628986747936743,1.2652286588505484,2.3299840568740127,120,199,0.17581507550148984,0.1417156353491269
EMPTY_ROOM_PROBES_V5_2026-08-20,lfh_092_arm_tuck_right__probe_nominal,/data/robotixx/groot-wbc-kimodo-m0/lfh_probe_candidates/lfh_092_arm_tuck_right__nominal.csv,screen_empty,accepted,1,y,1.5345925093,-1.5767343044,1.2628986747936743,1.2664411187188074,3.542443925133032,120,199,0.15716766659686748,0.12948908201957202
EMPTY_ROOM_PROBES_V5_2026-08-20,mf_005_c08__probe_adapted,/data/robotixx/groot-wbc-kimodo-m0/modebank/sweep/w_crouch08.csv,screen_empty,rejected,0,x,2.21676,-0.192967,1.2074328397948506,1.2273892090367222,19.956369241871606,120,199,0.3962314612818543,0.3776083077015626
EMPTY_ROOM_PROBES_V5_2026-08-20,mf_005_c08__probe_nominal,/data/robotixx/groot-wbc-kimodo-m0/modebank/sweep/w_nominal.csv,screen_empty,accepted,1,x,2.21676,-0.192967,1.3051409640637959,1.298856276990348,-6.28468707344787,120,199,0.2328680098610037,0.20524459134679177
