motion_id,operator,α,keypoint,axis,commanded_mm,executed_mm
lfh_089_arm_tuck_left,local_arm_tuck,1.0,head_torso,lateral_left,0.0,-0.14377133044739254
lfh_089_arm_tuck_left,local_arm_tuck,1.0,shoulder_left,lateral_left,24.13521749027117,0.5927783774897777
lfh_089_arm_tuck_left,local_arm_tuck,1.0,shoulder_right,lateral_left,0.0,-2.517608859263248
lfh_089_arm_tuck_left,local_arm_tuck,1.0,wrist_left,lateral_left,61.98902266669404,4.320501364558805
lfh_089_arm_tuck_left,local_arm_tuck,1.0,wrist_right,lateral_left,0.0,-0.5234465363845447
lfh_089_arm_tuck_left,local_arm_tuck,1.0,pelvis,lateral_left,0.0,0.769722962238345
lfh_089_arm_tuck_left,local_arm_tuck,1.0,knee_left,lateral_left,0.0,-1.6838032828468963
lfh_089_arm_tuck_left,local_arm_tuck,1.0,knee_right,lateral_left,0.0,-7.883666712409791
lfh_089_arm_tuck_left,local_arm_tuck,1.0,foot_left,lateral_left,0.0,4.857065256711701
lfh_089_arm_tuck_left,local_arm_tuck,1.0,foot_right,lateral_left,0.0,-8.861618078643625
lfh_092_arm_tuck_right,local_arm_tuck,1.0,head_torso,lateral_right,0.0,-2.3223115993938617
lfh_092_arm_tuck_right,local_arm_tuck,1.0,shoulder_left,lateral_right,0.0,-2.1909262519602404
lfh_092_arm_tuck_right,local_arm_tuck,1.0,shoulder_right,lateral_right,20.167074471973745,7.077058498033195
lfh_092_arm_tuck_right,local_arm_tuck,1.0,wrist_left,lateral_right,0.0,1.0813584423269296
lfh_092_arm_tuck_right,local_arm_tuck,1.0,wrist_right,lateral_right,61.42538730476449,17.409875613742688
lfh_092_arm_tuck_right,local_arm_tuck,1.0,pelvis,lateral_right,0.0,-0.10386499488969358
lfh_092_arm_tuck_right,local_arm_tuck,1.0,knee_left,lateral_right,0.0,-0.15630871369605448
lfh_092_arm_tuck_right,local_arm_tuck,1.0,knee_right,lateral_right,0.0,1.8994859881342196
lfh_092_arm_tuck_right,local_arm_tuck,1.0,foot_left,lateral_right,0.0,0.09073596702835474
lfh_092_arm_tuck_right,local_arm_tuck,1.0,foot_right,lateral_right,0.0,9.478410429672651
lfh_089_arm_tuck_left,local_arm_tuck,0.3333333333333333,head_torso,lateral_left,0.0,2.14051068454342
lfh_089_arm_tuck_left,local_arm_tuck,0.3333333333333333,shoulder_left,lateral_left,9.340189394377612,2.963340091007849
lfh_089_arm_tuck_left,local_arm_tuck,0.3333333333333333,shoulder_right,lateral_left,0.0,1.3914348742384979
lfh_089_arm_tuck_left,local_arm_tuck,0.3333333333333333,wrist_left,lateral_left,20.293511696607425,-3.6497545430891343
lfh_089_arm_tuck_left,local_arm_tuck,0.3333333333333333,wrist_right,lateral_left,0.0,-8.418182495786173
lfh_089_arm_tuck_left,local_arm_tuck,0.3333333333333333,pelvis,lateral_left,0.0,-0.9273365231380615
lfh_089_arm_tuck_left,local_arm_tuck,0.3333333333333333,knee_left,lateral_left,0.0,-29.57597771637932
lfh_089_arm_tuck_left,local_arm_tuck,0.3333333333333333,knee_right,lateral_left,0.0,-0.6561090437177466
lfh_089_arm_tuck_left,local_arm_tuck,0.3333333333333333,foot_left,lateral_left,0.0,-26.157173447712374
lfh_089_arm_tuck_left,local_arm_tuck,0.3333333333333333,foot_right,lateral_left,0.0,-0.9842840054101604
lfh_089_arm_tuck_left,local_arm_tuck,0.6666666666666666,head_torso,lateral_left,0.0,1.7338652218747141
lfh_089_arm_tuck_left,local_arm_tuck,0.6666666666666666,shoulder_left,lateral_left,19.348552165433937,6.219852265747782
lfh_089_arm_tuck_left,local_arm_tuck,0.6666666666666666,shoulder_right,lateral_left,0.0,0.7856908277775465
lfh_089_arm_tuck_left,local_arm_tuck,0.6666666666666666,wrist_left,lateral_left,42.22148580354595,1.775672643525017
lfh_089_arm_tuck_left,local_arm_tuck,0.6666666666666666,wrist_right,lateral_left,0.0,-7.203936855999918
lfh_089_arm_tuck_left,local_arm_tuck,0.6666666666666666,pelvis,lateral_left,0.0,-0.9600485086908028
lfh_089_arm_tuck_left,local_arm_tuck,0.6666666666666666,knee_left,lateral_left,0.0,-30.56877063185595
lfh_089_arm_tuck_left,local_arm_tuck,0.6666666666666666,knee_right,lateral_left,0.0,-0.6245024740811206
lfh_089_arm_tuck_left,local_arm_tuck,0.6666666666666666,foot_left,lateral_left,0.0,-27.54682950266321
lfh_089_arm_tuck_left,local_arm_tuck,0.6666666666666666,foot_right,lateral_left,0.0,-1.0779782657703851
lfh_086_arm_tuck_left,local_arm_tuck,0.3333333333333333,head_torso,lateral_left,0.0,-1.215129870420717
lfh_086_arm_tuck_left,local_arm_tuck,0.3333333333333333,shoulder_left,lateral_left,9.466690999619388,3.7005359308378005
lfh_086_arm_tuck_left,local_arm_tuck,0.3333333333333333,shoulder_right,lateral_left,0.0,-1.2464173749784369
lfh_086_arm_tuck_left,local_arm_tuck,0.3333333333333333,wrist_left,lateral_left,20.600290607434456,7.469111705017073
lfh_086_arm_tuck_left,local_arm_tuck,0.3333333333333333,wrist_right,lateral_left,0.0,-0.7311444236553777
lfh_086_arm_tuck_left,local_arm_tuck,0.3333333333333333,pelvis,lateral_left,0.0,0.3811945762269425
lfh_086_arm_tuck_left,local_arm_tuck,0.3333333333333333,knee_left,lateral_left,0.0,1.6544562675170627
lfh_086_arm_tuck_left,local_arm_tuck,0.3333333333333333,knee_right,lateral_left,0.0,-1.6664739644782038
lfh_086_arm_tuck_left,local_arm_tuck,0.3333333333333333,foot_left,lateral_left,0.0,1.5748308472763317
lfh_086_arm_tuck_left,local_arm_tuck,0.3333333333333333,foot_right,lateral_left,0.0,-1.8068598528693838
lfh_086_arm_tuck_left,local_arm_tuck,0.6666666666666666,head_torso,lateral_left,0.0,-1.6284214028797483
lfh_086_arm_tuck_left,local_arm_tuck,0.6666666666666666,shoulder_left,lateral_left,18.88711557761763,5.657425900646551
lfh_086_arm_tuck_left,local_arm_tuck,0.6666666666666666,shoulder_right,lateral_left,0.0,-1.7278129136755056
lfh_086_arm_tuck_left,local_arm_tuck,0.6666666666666666,wrist_left,lateral_left,40.019767969099675,12.206446346252953
lfh_086_arm_tuck_left,local_arm_tuck,0.6666666666666666,wrist_right,lateral_left,0.0,1.9230259617969425
lfh_086_arm_tuck_left,local_arm_tuck,0.6666666666666666,pelvis,lateral_left,0.0,0.4819640486410093
lfh_086_arm_tuck_left,local_arm_tuck,0.6666666666666666,knee_left,lateral_left,0.0,1.784813961737075
lfh_086_arm_tuck_left,local_arm_tuck,0.6666666666666666,knee_right,lateral_left,0.0,0.6130471346365053
lfh_086_arm_tuck_left,local_arm_tuck,0.6666666666666666,foot_left,lateral_left,0.0,3.9660033227636724
lfh_086_arm_tuck_left,local_arm_tuck,0.6666666666666666,foot_right,lateral_left,0.0,0.5923946156605048
lfh_086_arm_tuck_left,local_arm_tuck,1.0,head_torso,lateral_left,0.0,-2.699724765802991
lfh_086_arm_tuck_left,local_arm_tuck,1.0,shoulder_left,lateral_left,28.648340297440843,5.775542699687608
lfh_086_arm_tuck_left,local_arm_tuck,1.0,shoulder_right,lateral_left,0.0,-2.839559064082384
lfh_086_arm_tuck_left,local_arm_tuck,1.0,wrist_left,lateral_left,57.2849202651598,8.328861258527109
lfh_086_arm_tuck_left,local_arm_tuck,1.0,wrist_right,lateral_left,0.0,-1.2233472025494074
lfh_086_arm_tuck_left,local_arm_tuck,1.0,pelvis,lateral_left,0.0,0.5988728364970247
lfh_086_arm_tuck_left,local_arm_tuck,1.0,knee_left,lateral_left,0.0,3.3142176304649382
lfh_086_arm_tuck_left,local_arm_tuck,1.0,knee_right,lateral_left,0.0,3.2276133602780757
lfh_086_arm_tuck_left,local_arm_tuck,1.0,foot_left,lateral_left,0.0,6.178042437942649
lfh_086_arm_tuck_left,local_arm_tuck,1.0,foot_right,lateral_left,0.0,3.6196431953788264
lfh_092_arm_tuck_right,local_arm_tuck,0.3333333333333333,head_torso,lateral_right,0.0,-7.614765271446084
lfh_092_arm_tuck_right,local_arm_tuck,0.3333333333333333,shoulder_left,lateral_right,0.0,-8.032098689380804
lfh_092_arm_tuck_right,local_arm_tuck,0.3333333333333333,shoulder_right,lateral_right,11.123048526612333,2.757449261954148
lfh_092_arm_tuck_right,local_arm_tuck,0.3333333333333333,wrist_left,lateral_right,0.0,-0.2513234982931545
lfh_092_arm_tuck_right,local_arm_tuck,0.3333333333333333,wrist_right,lateral_right,21.590257907455555,1.990092009436062
lfh_092_arm_tuck_right,local_arm_tuck,0.3333333333333333,pelvis,lateral_right,0.0,-0.6854463439112946
lfh_092_arm_tuck_right,local_arm_tuck,0.3333333333333333,knee_left,lateral_right,0.0,-0.8622386448928349
lfh_092_arm_tuck_right,local_arm_tuck,0.3333333333333333,knee_right,lateral_right,0.0,-4.700966823559777
lfh_092_arm_tuck_right,local_arm_tuck,0.3333333333333333,foot_left,lateral_right,0.0,9.378214801072177
lfh_092_arm_tuck_right,local_arm_tuck,0.3333333333333333,foot_right,lateral_right,0.0,-14.797249099470166
lfh_092_arm_tuck_right,local_arm_tuck,0.6666666666666666,head_torso,lateral_right,0.0,-6.450501867650837
lfh_092_arm_tuck_right,local_arm_tuck,0.6666666666666666,shoulder_left,lateral_right,0.0,-6.916177818203112
lfh_092_arm_tuck_right,local_arm_tuck,0.6666666666666666,shoulder_right,lateral_right,16.078434468197123,3.7295145938624485
lfh_092_arm_tuck_right,local_arm_tuck,0.6666666666666666,wrist_left,lateral_right,0.0,1.484100566709723
lfh_092_arm_tuck_right,local_arm_tuck,0.6666666666666666,wrist_right,lateral_right,43.39869088794085,2.6963424925681156
lfh_092_arm_tuck_right,local_arm_tuck,0.6666666666666666,pelvis,lateral_right,0.0,-0.6717621882099123
lfh_092_arm_tuck_right,local_arm_tuck,0.6666666666666666,knee_left,lateral_right,0.0,-0.8444523723659253
lfh_092_arm_tuck_right,local_arm_tuck,0.6666666666666666,knee_right,lateral_right,0.0,-3.6604552847049607
lfh_092_arm_tuck_right,local_arm_tuck,0.6666666666666666,foot_left,lateral_right,0.0,11.846292671370302
lfh_092_arm_tuck_right,local_arm_tuck,0.6666666666666666,foot_right,lateral_right,0.0,-18.365533740305473
lfh_084_arm_tuck_right,local_arm_tuck,0.3333333333333333,head_torso,lateral_right,0.0,0.33959498883186223
lfh_084_arm_tuck_right,local_arm_tuck,0.3333333333333333,shoulder_left,lateral_right,0.0,0.7793044301025454
lfh_084_arm_tuck_right,local_arm_tuck,0.3333333333333333,shoulder_right,lateral_right,10.7639612186885,0.6928696160550807
lfh_084_arm_tuck_right,local_arm_tuck,0.3333333333333333,wrist_left,lateral_right,0.0,-6.832473069245309
lfh_084_arm_tuck_right,local_arm_tuck,0.3333333333333333,wrist_right,lateral_right,21.90436094000908,1.438645771954461
lfh_084_arm_tuck_right,local_arm_tuck,0.3333333333333333,pelvis,lateral_right,0.0,-0.014288153705396822
lfh_084_arm_tuck_right,local_arm_tuck,0.3333333333333333,knee_left,lateral_right,0.0,-0.6532573050745533
lfh_084_arm_tuck_right,local_arm_tuck,0.3333333333333333,knee_right,lateral_right,0.0,0.03585754424287324
lfh_084_arm_tuck_right,local_arm_tuck,0.3333333333333333,foot_left,lateral_right,0.0,-1.3530924761598617
lfh_084_arm_tuck_right,local_arm_tuck,0.3333333333333333,foot_right,lateral_right,0.0,0.7635780126018232
lfh_084_arm_tuck_right,local_arm_tuck,0.6666666666666666,head_torso,lateral_right,0.0,-0.027834453543179594
lfh_084_arm_tuck_right,local_arm_tuck,0.6666666666666666,shoulder_left,lateral_right,0.0,0.9735479615793352
lfh_084_arm_tuck_right,local_arm_tuck,0.6666666666666666,shoulder_right,lateral_right,16.693846501257603,1.9378150956468332
lfh_084_arm_tuck_right,local_arm_tuck,0.6666666666666666,wrist_left,lateral_right,0.0,-5.243824815868408
lfh_084_arm_tuck_right,local_arm_tuck,0.6666666666666666,wrist_right,lateral_right,42.26331153678087,4.450220732296339
lfh_084_arm_tuck_right,local_arm_tuck,0.6666666666666666,pelvis,lateral_right,0.0,0.18183455575190854
lfh_084_arm_tuck_right,local_arm_tuck,0.6666666666666666,knee_left,lateral_right,0.0,-0.9453011898754582
lfh_084_arm_tuck_right,local_arm_tuck,0.6666666666666666,knee_right,lateral_right,0.0,1.2198554599228695
lfh_084_arm_tuck_right,local_arm_tuck,0.6666666666666666,foot_left,lateral_right,0.0,-0.8543403595191734
lfh_084_arm_tuck_right,local_arm_tuck,0.6666666666666666,foot_right,lateral_right,0.0,1.2791586974771618
lfh_084_arm_tuck_right,local_arm_tuck,1.0,head_torso,lateral_right,0.0,-0.9988391451618839
lfh_084_arm_tuck_right,local_arm_tuck,1.0,shoulder_left,lateral_right,0.0,-0.6844921738833609
lfh_084_arm_tuck_right,local_arm_tuck,1.0,shoulder_right,lateral_right,21.797941330844147,0.18256445199998916
lfh_084_arm_tuck_right,local_arm_tuck,1.0,wrist_left,lateral_right,0.0,-5.225559131069923
lfh_084_arm_tuck_right,local_arm_tuck,1.0,wrist_right,lateral_right,60.87874962793921,5.24798186369646
lfh_084_arm_tuck_right,local_arm_tuck,1.0,pelvis,lateral_right,0.0,0.39368070448013437
lfh_084_arm_tuck_right,local_arm_tuck,1.0,knee_left,lateral_right,0.0,-0.9262334571905408
lfh_084_arm_tuck_right,local_arm_tuck,1.0,knee_right,lateral_right,0.0,3.504998177264629
lfh_084_arm_tuck_right,local_arm_tuck,1.0,foot_left,lateral_right,0.0,-1.717818652937804
lfh_084_arm_tuck_right,local_arm_tuck,1.0,foot_right,lateral_right,0.0,6.457603953177404
lfh_086_arm_tuck_left,local_arm_tuck,2.0,head_torso,lateral_left,0.0,-0.7532156840182463
lfh_086_arm_tuck_left,local_arm_tuck,2.0,shoulder_left,lateral_left,75.47343568694836,69.21167642491748
lfh_086_arm_tuck_left,local_arm_tuck,2.0,shoulder_right,lateral_left,0.0,-1.738381433104036
lfh_086_arm_tuck_left,local_arm_tuck,2.0,wrist_left,lateral_left,194.94481464540118,188.20885451785588
lfh_086_arm_tuck_left,local_arm_tuck,2.0,wrist_right,lateral_left,0.0,-12.567123854189704
lfh_086_arm_tuck_left,local_arm_tuck,2.0,pelvis,lateral_left,0.0,1.111439947686227
lfh_086_arm_tuck_left,local_arm_tuck,2.0,knee_left,lateral_left,0.0,33.90588044277426
lfh_086_arm_tuck_left,local_arm_tuck,2.0,knee_right,lateral_left,0.0,14.139017132003968
lfh_086_arm_tuck_left,local_arm_tuck,2.0,foot_left,lateral_left,0.0,62.52513779307661
lfh_086_arm_tuck_left,local_arm_tuck,2.0,foot_right,lateral_left,0.0,14.076957782618447
lfh_092_arm_tuck_right,local_arm_tuck,2.5,head_torso,lateral_right,0.0,0.20817880916929044
lfh_092_arm_tuck_right,local_arm_tuck,2.5,shoulder_left,lateral_right,0.0,-0.5128939895381879
lfh_092_arm_tuck_right,local_arm_tuck,2.5,shoulder_right,lateral_right,51.69611131850493,-13.346104809153491
lfh_092_arm_tuck_right,local_arm_tuck,2.5,wrist_left,lateral_right,0.0,-3.9861590920816647
lfh_092_arm_tuck_right,local_arm_tuck,2.5,wrist_right,lateral_right,264.50781619695385,81.75846807247592
lfh_092_arm_tuck_right,local_arm_tuck,2.5,pelvis,lateral_right,0.0,-2.701013452008322
lfh_092_arm_tuck_right,local_arm_tuck,2.5,knee_left,lateral_right,0.0,-3.4947002065296995
lfh_092_arm_tuck_right,local_arm_tuck,2.5,knee_right,lateral_right,0.0,-11.388494175863906
lfh_092_arm_tuck_right,local_arm_tuck,2.5,foot_left,lateral_right,0.0,-26.17767771002172
lfh_092_arm_tuck_right,local_arm_tuck,2.5,foot_right,lateral_right,0.0,-27.31286558545723
lfh_084_arm_tuck_right,local_arm_tuck,2.5,head_torso,lateral_right,0.0,-11.23594850663799
lfh_084_arm_tuck_right,local_arm_tuck,2.5,shoulder_left,lateral_right,0.0,-13.20901408729315
lfh_084_arm_tuck_right,local_arm_tuck,2.5,shoulder_right,lateral_right,57.95609887372022,19.328444353658963
lfh_084_arm_tuck_right,local_arm_tuck,2.5,wrist_left,lateral_right,0.0,1.2032767705189018
lfh_084_arm_tuck_right,local_arm_tuck,2.5,wrist_right,lateral_right,258.1578213729496,23.838828352188422
lfh_084_arm_tuck_right,local_arm_tuck,2.5,pelvis,lateral_right,0.0,-0.40019957251508087
lfh_084_arm_tuck_right,local_arm_tuck,2.5,knee_left,lateral_right,0.0,2.347890080242311
lfh_084_arm_tuck_right,local_arm_tuck,2.5,knee_right,lateral_right,0.0,15.188874343727788
lfh_084_arm_tuck_right,local_arm_tuck,2.5,foot_left,lateral_right,0.0,28.44701105566626
lfh_084_arm_tuck_right,local_arm_tuck,2.5,foot_right,lateral_right,0.0,36.051756170439404
