stage,run,success,reached,hold,final_distance_m,max_force_n,fell,steps,stop,actor_profile,student
motor-demo-91260,00120-stop-clear,True,True,50,0.074,0.0,False,516,goal_hold,motion_full_current_v2,053b1ee2891332210d6a5e9fc17f3f9793eb851515cb0b4fd3a2e1baa53e8811
motor-demo-91260,00120-stop-corridor,True,True,50,0.085,0.0,False,516,goal_hold,motion_full_current_v2,053b1ee2891332210d6a5e9fc17f3f9793eb851515cb0b4fd3a2e1baa53e8811
motor-demo-91260,00265-stop-clear,True,True,50,0.167,0.0,False,397,goal_hold,motion_full_current_v2,053b1ee2891332210d6a5e9fc17f3f9793eb851515cb0b4fd3a2e1baa53e8811
motor-demo-91260,00265-stop-corridor,True,True,50,0.178,0.0,False,396,goal_hold,motion_full_current_v2,053b1ee2891332210d6a5e9fc17f3f9793eb851515cb0b4fd3a2e1baa53e8811
motor-demo-91260,00399-stop-clear,False,True,0,0.301,0.0,False,600,deadline,motion_full_current_v2,053b1ee2891332210d6a5e9fc17f3f9793eb851515cb0b4fd3a2e1baa53e8811
motor-demo-91260,00399-stop-corridor,False,False,0,0.603,3859.99,False,1,contact,motion_full_current_v2,053b1ee2891332210d6a5e9fc17f3f9793eb851515cb0b4fd3a2e1baa53e8811
motor-demo-91260,00413-stop-clear,True,True,50,0.196,0.0,False,508,goal_hold,motion_full_current_v2,053b1ee2891332210d6a5e9fc17f3f9793eb851515cb0b4fd3a2e1baa53e8811
motor-demo-91260,00413-stop-corridor,False,True,0,0.159,110.47,False,316,contact,motion_full_current_v2,053b1ee2891332210d6a5e9fc17f3f9793eb851515cb0b4fd3a2e1baa53e8811
motor-demo-91260,00677-stop-clear,True,True,50,0.234,0.0,False,273,goal_hold,motion_full_current_v2,053b1ee2891332210d6a5e9fc17f3f9793eb851515cb0b4fd3a2e1baa53e8811
motor-demo-91260,00677-stop-corridor,True,True,50,0.236,0.0,False,272,goal_hold,motion_full_current_v2,053b1ee2891332210d6a5e9fc17f3f9793eb851515cb0b4fd3a2e1baa53e8811
motor-demo-91260,00707-stop-clear,True,True,50,0.087,0.0,False,221,goal_hold,motion_full_current_v2,053b1ee2891332210d6a5e9fc17f3f9793eb851515cb0b4fd3a2e1baa53e8811
motor-demo-91260,00707-stop-corridor,True,True,50,0.084,0.0,False,221,goal_hold,motion_full_current_v2,053b1ee2891332210d6a5e9fc17f3f9793eb851515cb0b4fd3a2e1baa53e8811
motor-demo-91260,00711-stop-clear,True,True,50,0.008,0.0,False,415,goal_hold,motion_full_current_v2,053b1ee2891332210d6a5e9fc17f3f9793eb851515cb0b4fd3a2e1baa53e8811
motor-demo-91260,00711-stop-corridor,True,True,50,0.008,0.0,False,415,goal_hold,motion_full_current_v2,053b1ee2891332210d6a5e9fc17f3f9793eb851515cb0b4fd3a2e1baa53e8811
motor-demo-91260,00770-stop-clear,True,True,50,0.149,0.0,False,339,goal_hold,motion_full_current_v2,053b1ee2891332210d6a5e9fc17f3f9793eb851515cb0b4fd3a2e1baa53e8811
motor-demo-91260,00770-stop-corridor,True,True,50,0.137,0.0,False,343,goal_hold,motion_full_current_v2,053b1ee2891332210d6a5e9fc17f3f9793eb851515cb0b4fd3a2e1baa53e8811
motor-demo-91260,00781-stop-clear,False,False,0,1.044,0.0,False,450,deadline,motion_full_current_v2,053b1ee2891332210d6a5e9fc17f3f9793eb851515cb0b4fd3a2e1baa53e8811
motor-demo-91260,00781-stop-corridor,False,False,0,3.685,824.43,False,115,contact,motion_full_current_v2,053b1ee2891332210d6a5e9fc17f3f9793eb851515cb0b4fd3a2e1baa53e8811
motor-demo-91260,00801-stop-clear,True,True,50,0.154,0.0,False,561,goal_hold,motion_full_current_v2,053b1ee2891332210d6a5e9fc17f3f9793eb851515cb0b4fd3a2e1baa53e8811
motor-demo-91260,00801-stop-corridor,True,True,50,0.16,0.0,False,562,goal_hold,motion_full_current_v2,053b1ee2891332210d6a5e9fc17f3f9793eb851515cb0b4fd3a2e1baa53e8811
motor-demo-91260,00908-stop-clear,True,True,50,0.084,0.0,False,223,goal_hold,motion_full_current_v2,053b1ee2891332210d6a5e9fc17f3f9793eb851515cb0b4fd3a2e1baa53e8811
motor-demo-91260,00908-stop-corridor,True,True,50,0.081,0.0,False,224,goal_hold,motion_full_current_v2,053b1ee2891332210d6a5e9fc17f3f9793eb851515cb0b4fd3a2e1baa53e8811
motor-demo-91260,00976-stop-clear,True,True,50,0.177,0.0,False,383,goal_hold,motion_full_current_v2,053b1ee2891332210d6a5e9fc17f3f9793eb851515cb0b4fd3a2e1baa53e8811
motor-demo-91260,00976-stop-corridor,True,True,50,0.171,0.0,False,384,goal_hold,motion_full_current_v2,053b1ee2891332210d6a5e9fc17f3f9793eb851515cb0b4fd3a2e1baa53e8811
motor-demo-91261,00413-stop-clear,True,True,50,0.107,0.0,False,389,goal_hold,motion_full_current_v2,053b1ee2891332210d6a5e9fc17f3f9793eb851515cb0b4fd3a2e1baa53e8811
motor-demo-91261,00908-stop-clear,True,True,50,0.054,0.0,False,220,goal_hold,motion_full_current_v2,053b1ee2891332210d6a5e9fc17f3f9793eb851515cb0b4fd3a2e1baa53e8811
motor-demo-91261,00908-stop-corridor,True,True,50,0.06,0.0,False,220,goal_hold,motion_full_current_v2,053b1ee2891332210d6a5e9fc17f3f9793eb851515cb0b4fd3a2e1baa53e8811
recovery-v1-91260,00120-stop-clear-t154,True,True,50,0.233,0.0,False,517,goal_hold,nav_goal_map_localization_v2,b613bc1f9b6f1e547d7bc669442186cd4c05d20646ef8ad393665a9a28c70e7c
recovery-v1-91260,00120-stop-clear-t257,False,False,0,0.881,0.0,False,575,deadline,nav_goal_map_localization_v2,b613bc1f9b6f1e547d7bc669442186cd4c05d20646ef8ad393665a9a28c70e7c
recovery-v1-91260,00120-stop-clear-t385,False,False,0,3.169,0.0,False,575,deadline,nav_goal_map_localization_v2,b613bc1f9b6f1e547d7bc669442186cd4c05d20646ef8ad393665a9a28c70e7c
recovery-v1-91260,00120-stop-clear-t77,True,True,50,0.095,0.0,False,513,goal_hold,nav_goal_map_localization_v2,b613bc1f9b6f1e547d7bc669442186cd4c05d20646ef8ad393665a9a28c70e7c
recovery-v1-91260,00120-stop-corridor-t154,True,True,50,0.029,0.0,False,516,goal_hold,nav_goal_map_localization_v2,b613bc1f9b6f1e547d7bc669442186cd4c05d20646ef8ad393665a9a28c70e7c
recovery-v1-91260,00120-stop-corridor-t257,False,False,0,0.614,0.0,False,575,deadline,nav_goal_map_localization_v2,b613bc1f9b6f1e547d7bc669442186cd4c05d20646ef8ad393665a9a28c70e7c
recovery-v1-91260,00120-stop-corridor-t386,False,False,0,2.751,0.0,False,575,deadline,nav_goal_map_localization_v2,b613bc1f9b6f1e547d7bc669442186cd4c05d20646ef8ad393665a9a28c70e7c
recovery-v1-91260,00120-stop-corridor-t77,True,True,50,0.073,0.0,False,517,goal_hold,nav_goal_map_localization_v2,b613bc1f9b6f1e547d7bc669442186cd4c05d20646ef8ad393665a9a28c70e7c
recovery-v1-91260,00265-stop-clear-t118,False,False,0,0.516,0.0,False,500,deadline,nav_goal_map_localization_v2,b613bc1f9b6f1e547d7bc669442186cd4c05d20646ef8ad393665a9a28c70e7c
recovery-v1-91260,00265-stop-clear-t197,False,False,0,0.788,0.0,False,500,deadline,nav_goal_map_localization_v2,b613bc1f9b6f1e547d7bc669442186cd4c05d20646ef8ad393665a9a28c70e7c
recovery-v1-91260,00265-stop-clear-t295,False,False,0,0.616,0.0,False,500,deadline,nav_goal_map_localization_v2,b613bc1f9b6f1e547d7bc669442186cd4c05d20646ef8ad393665a9a28c70e7c
recovery-v1-91260,00265-stop-clear-t59,True,True,50,0.161,0.0,False,402,goal_hold,nav_goal_map_localization_v2,b613bc1f9b6f1e547d7bc669442186cd4c05d20646ef8ad393665a9a28c70e7c
recovery-v1-91260,00265-stop-corridor-t118,False,False,0,0.726,0.0,False,500,deadline,nav_goal_map_localization_v2,b613bc1f9b6f1e547d7bc669442186cd4c05d20646ef8ad393665a9a28c70e7c
recovery-v1-91260,00265-stop-corridor-t197,False,False,0,0.723,0.0,False,500,deadline,nav_goal_map_localization_v2,b613bc1f9b6f1e547d7bc669442186cd4c05d20646ef8ad393665a9a28c70e7c
recovery-v1-91260,00265-stop-corridor-t295,False,False,0,1.145,0.0,False,500,deadline,nav_goal_map_localization_v2,b613bc1f9b6f1e547d7bc669442186cd4c05d20646ef8ad393665a9a28c70e7c
recovery-v1-91260,00265-stop-corridor-t59,True,True,50,0.125,0.0,False,404,goal_hold,nav_goal_map_localization_v2,b613bc1f9b6f1e547d7bc669442186cd4c05d20646ef8ad393665a9a28c70e7c
recovery-v1-91260,00413-stop-clear-t148,True,True,50,0.093,0.0,False,508,goal_hold,nav_goal_map_localization_v2,b613bc1f9b6f1e547d7bc669442186cd4c05d20646ef8ad393665a9a28c70e7c
recovery-v1-91260,00413-stop-clear-t248,False,False,0,0.381,0.0,False,600,deadline,nav_goal_map_localization_v2,b613bc1f9b6f1e547d7bc669442186cd4c05d20646ef8ad393665a9a28c70e7c
recovery-v1-91260,00413-stop-clear-t372,False,False,0,0.768,0.0,False,600,deadline,nav_goal_map_localization_v2,b613bc1f9b6f1e547d7bc669442186cd4c05d20646ef8ad393665a9a28c70e7c
recovery-v1-91260,00413-stop-clear-t74,True,True,50,0.18,0.0,False,391,goal_hold,nav_goal_map_localization_v2,b613bc1f9b6f1e547d7bc669442186cd4c05d20646ef8ad393665a9a28c70e7c
recovery-v1-91260,00677-stop-clear-t139,True,True,50,0.152,0.0,False,272,goal_hold,nav_goal_map_localization_v2,b613bc1f9b6f1e547d7bc669442186cd4c05d20646ef8ad393665a9a28c70e7c
recovery-v1-91260,00677-stop-clear-t208,False,True,0,0.462,0.0,False,350,deadline,nav_goal_map_localization_v2,b613bc1f9b6f1e547d7bc669442186cd4c05d20646ef8ad393665a9a28c70e7c
recovery-v1-91260,00677-stop-clear-t41,True,True,50,0.168,0.0,False,273,goal_hold,nav_goal_map_localization_v2,b613bc1f9b6f1e547d7bc669442186cd4c05d20646ef8ad393665a9a28c70e7c
recovery-v1-91260,00677-stop-clear-t83,True,True,50,0.122,0.0,False,280,goal_hold,nav_goal_map_localization_v2,b613bc1f9b6f1e547d7bc669442186cd4c05d20646ef8ad393665a9a28c70e7c
recovery-v1-91260,00677-stop-corridor-t136,False,True,23,0.258,0.0,False,350,deadline,nav_goal_map_localization_v2,b613bc1f9b6f1e547d7bc669442186cd4c05d20646ef8ad393665a9a28c70e7c
recovery-v1-91260,00677-stop-corridor-t204,False,True,0,0.573,0.0,False,350,deadline,nav_goal_map_localization_v2,b613bc1f9b6f1e547d7bc669442186cd4c05d20646ef8ad393665a9a28c70e7c
recovery-v1-91260,00677-stop-corridor-t40,True,True,50,0.182,0.0,False,279,goal_hold,nav_goal_map_localization_v2,b613bc1f9b6f1e547d7bc669442186cd4c05d20646ef8ad393665a9a28c70e7c
recovery-v1-91260,00677-stop-corridor-t81,True,True,50,0.108,0.0,False,273,goal_hold,nav_goal_map_localization_v2,b613bc1f9b6f1e547d7bc669442186cd4c05d20646ef8ad393665a9a28c70e7c
recovery-v1-91260,00707-stop-clear-t110,True,True,50,0.029,0.0,False,256,goal_hold,nav_goal_map_localization_v2,b613bc1f9b6f1e547d7bc669442186cd4c05d20646ef8ad393665a9a28c70e7c
recovery-v1-91260,00707-stop-clear-t165,True,True,50,0.037,0.0,False,221,goal_hold,nav_goal_map_localization_v2,b613bc1f9b6f1e547d7bc669442186cd4c05d20646ef8ad393665a9a28c70e7c
recovery-v1-91260,00707-stop-clear-t33,True,True,50,0.094,0.0,False,221,goal_hold,nav_goal_map_localization_v2,b613bc1f9b6f1e547d7bc669442186cd4c05d20646ef8ad393665a9a28c70e7c
recovery-v1-91260,00707-stop-clear-t66,True,True,50,0.062,0.0,False,254,goal_hold,nav_goal_map_localization_v2,b613bc1f9b6f1e547d7bc669442186cd4c05d20646ef8ad393665a9a28c70e7c
recovery-v1-91260,00707-stop-corridor-t110,True,True,50,0.179,0.0,False,249,goal_hold,nav_goal_map_localization_v2,b613bc1f9b6f1e547d7bc669442186cd4c05d20646ef8ad393665a9a28c70e7c
recovery-v1-91260,00707-stop-corridor-t165,True,True,50,0.177,0.0,False,226,goal_hold,nav_goal_map_localization_v2,b613bc1f9b6f1e547d7bc669442186cd4c05d20646ef8ad393665a9a28c70e7c
recovery-v1-91260,00707-stop-corridor-t33,True,True,50,0.077,0.0,False,221,goal_hold,nav_goal_map_localization_v2,b613bc1f9b6f1e547d7bc669442186cd4c05d20646ef8ad393665a9a28c70e7c
recovery-v1-91260,00707-stop-corridor-t66,True,True,50,0.131,0.0,False,221,goal_hold,nav_goal_map_localization_v2,b613bc1f9b6f1e547d7bc669442186cd4c05d20646ef8ad393665a9a28c70e7c
recovery-v1-91260,00711-stop-clear-t124,True,True,50,0.169,0.0,False,415,goal_hold,nav_goal_map_localization_v2,b613bc1f9b6f1e547d7bc669442186cd4c05d20646ef8ad393665a9a28c70e7c
recovery-v1-91260,00711-stop-clear-t207,False,False,0,1.398,0.0,False,475,deadline,nav_goal_map_localization_v2,b613bc1f9b6f1e547d7bc669442186cd4c05d20646ef8ad393665a9a28c70e7c
recovery-v1-91260,00711-stop-clear-t311,False,False,0,1.474,0.0,False,475,deadline,nav_goal_map_localization_v2,b613bc1f9b6f1e547d7bc669442186cd4c05d20646ef8ad393665a9a28c70e7c
recovery-v1-91260,00711-stop-clear-t62,True,True,50,0.027,0.0,False,415,goal_hold,nav_goal_map_localization_v2,b613bc1f9b6f1e547d7bc669442186cd4c05d20646ef8ad393665a9a28c70e7c
recovery-v1-91260,00711-stop-corridor-t124,True,True,50,0.188,0.0,False,415,goal_hold,nav_goal_map_localization_v2,b613bc1f9b6f1e547d7bc669442186cd4c05d20646ef8ad393665a9a28c70e7c
recovery-v1-91260,00711-stop-corridor-t207,False,False,0,0.753,0.0,False,475,deadline,nav_goal_map_localization_v2,b613bc1f9b6f1e547d7bc669442186cd4c05d20646ef8ad393665a9a28c70e7c
recovery-v1-91260,00711-stop-corridor-t311,False,False,0,2.277,127.17,False,239,contact,nav_goal_map_localization_v2,b613bc1f9b6f1e547d7bc669442186cd4c05d20646ef8ad393665a9a28c70e7c
recovery-v1-91260,00711-stop-corridor-t62,True,True,50,0.02,0.0,False,415,goal_hold,nav_goal_map_localization_v2,b613bc1f9b6f1e547d7bc669442186cd4c05d20646ef8ad393665a9a28c70e7c
recovery-v1-91260,00770-stop-clear-t102,True,True,50,0.139,0.0,False,343,goal_hold,nav_goal_map_localization_v2,b613bc1f9b6f1e547d7bc669442186cd4c05d20646ef8ad393665a9a28c70e7c
recovery-v1-91260,00770-stop-clear-t170,True,True,50,0.135,0.0,False,337,goal_hold,nav_goal_map_localization_v2,b613bc1f9b6f1e547d7bc669442186cd4c05d20646ef8ad393665a9a28c70e7c
recovery-v1-91260,00770-stop-clear-t255,True,True,50,0.178,0.0,False,343,goal_hold,nav_goal_map_localization_v2,b613bc1f9b6f1e547d7bc669442186cd4c05d20646ef8ad393665a9a28c70e7c
recovery-v1-91260,00770-stop-clear-t51,True,True,50,0.148,0.0,False,336,goal_hold,nav_goal_map_localization_v2,b613bc1f9b6f1e547d7bc669442186cd4c05d20646ef8ad393665a9a28c70e7c
recovery-v1-91260,00770-stop-corridor-t102,True,True,50,0.147,0.0,False,337,goal_hold,nav_goal_map_localization_v2,b613bc1f9b6f1e547d7bc669442186cd4c05d20646ef8ad393665a9a28c70e7c
recovery-v1-91260,00770-stop-corridor-t170,True,True,50,0.149,0.0,False,343,goal_hold,nav_goal_map_localization_v2,b613bc1f9b6f1e547d7bc669442186cd4c05d20646ef8ad393665a9a28c70e7c
recovery-v1-91260,00770-stop-corridor-t255,False,False,0,0.455,0.0,False,425,deadline,nav_goal_map_localization_v2,b613bc1f9b6f1e547d7bc669442186cd4c05d20646ef8ad393665a9a28c70e7c
recovery-v1-91260,00770-stop-corridor-t51,True,True,50,0.159,0.0,False,336,goal_hold,nav_goal_map_localization_v2,b613bc1f9b6f1e547d7bc669442186cd4c05d20646ef8ad393665a9a28c70e7c
recovery-v1-91260,00801-stop-clear-t170,False,False,0,0.587,0.0,False,625,deadline,nav_goal_map_localization_v2,b613bc1f9b6f1e547d7bc669442186cd4c05d20646ef8ad393665a9a28c70e7c
recovery-v1-91260,00801-stop-clear-t284,False,False,0,0.602,0.0,False,625,deadline,nav_goal_map_localization_v2,b613bc1f9b6f1e547d7bc669442186cd4c05d20646ef8ad393665a9a28c70e7c
recovery-v1-91260,00801-stop-clear-t426,False,False,0,1.863,0.0,False,625,deadline,nav_goal_map_localization_v2,b613bc1f9b6f1e547d7bc669442186cd4c05d20646ef8ad393665a9a28c70e7c
recovery-v1-91260,00801-stop-clear-t85,True,True,50,0.241,0.0,False,623,goal_hold,nav_goal_map_localization_v2,b613bc1f9b6f1e547d7bc669442186cd4c05d20646ef8ad393665a9a28c70e7c
recovery-v1-91260,00801-stop-corridor-t171,False,False,0,0.447,0.0,False,625,deadline,nav_goal_map_localization_v2,b613bc1f9b6f1e547d7bc669442186cd4c05d20646ef8ad393665a9a28c70e7c
recovery-v1-91260,00801-stop-corridor-t285,False,False,0,0.389,0.0,False,625,deadline,nav_goal_map_localization_v2,b613bc1f9b6f1e547d7bc669442186cd4c05d20646ef8ad393665a9a28c70e7c
recovery-v1-91260,00801-stop-corridor-t427,False,False,0,0.59,0.0,False,625,deadline,nav_goal_map_localization_v2,b613bc1f9b6f1e547d7bc669442186cd4c05d20646ef8ad393665a9a28c70e7c
recovery-v1-91260,00801-stop-corridor-t85,False,False,0,0.256,0.0,False,625,deadline,nav_goal_map_localization_v2,b613bc1f9b6f1e547d7bc669442186cd4c05d20646ef8ad393665a9a28c70e7c
recovery-v1-91260,00908-stop-clear-t112,True,True,50,0.044,0.0,False,221,goal_hold,nav_goal_map_localization_v2,b613bc1f9b6f1e547d7bc669442186cd4c05d20646ef8ad393665a9a28c70e7c
recovery-v1-91260,00908-stop-clear-t168,False,True,0,0.265,0.0,False,350,deadline,nav_goal_map_localization_v2,b613bc1f9b6f1e547d7bc669442186cd4c05d20646ef8ad393665a9a28c70e7c
recovery-v1-91260,00908-stop-clear-t33,True,True,50,0.092,0.0,False,223,goal_hold,nav_goal_map_localization_v2,b613bc1f9b6f1e547d7bc669442186cd4c05d20646ef8ad393665a9a28c70e7c
recovery-v1-91260,00908-stop-clear-t67,True,True,50,0.1,0.0,False,223,goal_hold,nav_goal_map_localization_v2,b613bc1f9b6f1e547d7bc669442186cd4c05d20646ef8ad393665a9a28c70e7c
recovery-v1-91260,00908-stop-corridor-t111,True,True,50,0.135,0.0,False,223,goal_hold,nav_goal_map_localization_v2,b613bc1f9b6f1e547d7bc669442186cd4c05d20646ef8ad393665a9a28c70e7c
recovery-v1-91260,00908-stop-corridor-t167,False,True,0,0.681,0.0,False,350,deadline,nav_goal_map_localization_v2,b613bc1f9b6f1e547d7bc669442186cd4c05d20646ef8ad393665a9a28c70e7c
recovery-v1-91260,00908-stop-corridor-t33,True,True,50,0.086,0.0,False,223,goal_hold,nav_goal_map_localization_v2,b613bc1f9b6f1e547d7bc669442186cd4c05d20646ef8ad393665a9a28c70e7c
recovery-v1-91260,00908-stop-corridor-t66,True,True,50,0.094,0.0,False,222,goal_hold,nav_goal_map_localization_v2,b613bc1f9b6f1e547d7bc669442186cd4c05d20646ef8ad393665a9a28c70e7c
recovery-v1-91260,00976-stop-clear-t114,True,True,50,0.118,0.0,False,384,goal_hold,nav_goal_map_localization_v2,b613bc1f9b6f1e547d7bc669442186cd4c05d20646ef8ad393665a9a28c70e7c
recovery-v1-91260,00976-stop-clear-t191,False,True,0,0.433,0.0,False,500,deadline,nav_goal_map_localization_v2,b613bc1f9b6f1e547d7bc669442186cd4c05d20646ef8ad393665a9a28c70e7c
recovery-v1-91260,00976-stop-clear-t287,False,True,0,0.682,0.0,False,500,deadline,nav_goal_map_localization_v2,b613bc1f9b6f1e547d7bc669442186cd4c05d20646ef8ad393665a9a28c70e7c
recovery-v1-91260,00976-stop-clear-t57,True,True,50,0.192,0.0,False,383,goal_hold,nav_goal_map_localization_v2,b613bc1f9b6f1e547d7bc669442186cd4c05d20646ef8ad393665a9a28c70e7c
recovery-v1-91260,00976-stop-corridor-t114,True,True,50,0.101,0.0,False,383,goal_hold,nav_goal_map_localization_v2,b613bc1f9b6f1e547d7bc669442186cd4c05d20646ef8ad393665a9a28c70e7c
recovery-v1-91260,00976-stop-corridor-t191,False,False,0,0.638,0.0,False,500,deadline,nav_goal_map_localization_v2,b613bc1f9b6f1e547d7bc669442186cd4c05d20646ef8ad393665a9a28c70e7c
recovery-v1-91260,00976-stop-corridor-t287,False,False,0,0.398,0.0,False,500,deadline,nav_goal_map_localization_v2,b613bc1f9b6f1e547d7bc669442186cd4c05d20646ef8ad393665a9a28c70e7c
recovery-v1-91260,00976-stop-corridor-t57,True,True,50,0.137,0.0,False,383,goal_hold,nav_goal_map_localization_v2,b613bc1f9b6f1e547d7bc669442186cd4c05d20646ef8ad393665a9a28c70e7c
reentry-v1-91260,00120-stop-clear-t257,False,False,0,0.774,0.0,False,575,deadline,nav_goal_map_localization_v2,b613bc1f9b6f1e547d7bc669442186cd4c05d20646ef8ad393665a9a28c70e7c
reentry-v1-91260,00120-stop-clear-t385,False,False,0,2.283,0.0,False,575,deadline,nav_goal_map_localization_v2,b613bc1f9b6f1e547d7bc669442186cd4c05d20646ef8ad393665a9a28c70e7c
reentry-v1-91260,00120-stop-corridor-t257,False,False,0,0.614,0.0,False,575,deadline,nav_goal_map_localization_v2,b613bc1f9b6f1e547d7bc669442186cd4c05d20646ef8ad393665a9a28c70e7c
reentry-v1-91260,00120-stop-corridor-t386,False,False,0,1.744,0.0,False,575,deadline,nav_goal_map_localization_v2,b613bc1f9b6f1e547d7bc669442186cd4c05d20646ef8ad393665a9a28c70e7c
reentry-v1-91260,00265-stop-clear-t118,False,False,0,0.392,0.0,False,500,deadline,nav_goal_map_localization_v2,b613bc1f9b6f1e547d7bc669442186cd4c05d20646ef8ad393665a9a28c70e7c
reentry-v1-91260,00265-stop-clear-t197,False,True,29,0.278,0.0,False,500,deadline,nav_goal_map_localization_v2,b613bc1f9b6f1e547d7bc669442186cd4c05d20646ef8ad393665a9a28c70e7c
reentry-v1-91260,00265-stop-clear-t295,False,False,0,0.616,0.0,False,500,deadline,nav_goal_map_localization_v2,b613bc1f9b6f1e547d7bc669442186cd4c05d20646ef8ad393665a9a28c70e7c
reentry-v1-91260,00265-stop-corridor-t118,False,False,0,0.42,0.0,False,500,deadline,nav_goal_map_localization_v2,b613bc1f9b6f1e547d7bc669442186cd4c05d20646ef8ad393665a9a28c70e7c
reentry-v1-91260,00265-stop-corridor-t197,False,True,24,0.301,0.0,False,500,deadline,nav_goal_map_localization_v2,b613bc1f9b6f1e547d7bc669442186cd4c05d20646ef8ad393665a9a28c70e7c
reentry-v1-91260,00265-stop-corridor-t295,False,True,0,0.163,0.0,False,500,deadline,nav_goal_map_localization_v2,b613bc1f9b6f1e547d7bc669442186cd4c05d20646ef8ad393665a9a28c70e7c
reentry-v1-91260,00413-stop-clear-t248,True,True,50,0.105,0.0,False,533,goal_hold,nav_goal_map_localization_v2,b613bc1f9b6f1e547d7bc669442186cd4c05d20646ef8ad393665a9a28c70e7c
reentry-v1-91260,00413-stop-clear-t372,False,True,38,0.103,0.0,False,600,deadline,nav_goal_map_localization_v2,b613bc1f9b6f1e547d7bc669442186cd4c05d20646ef8ad393665a9a28c70e7c
reentry-v1-91260,00677-stop-clear-t208,False,True,0,0.462,0.0,False,350,deadline,nav_goal_map_localization_v2,b613bc1f9b6f1e547d7bc669442186cd4c05d20646ef8ad393665a9a28c70e7c
reentry-v1-91260,00677-stop-corridor-t136,False,True,23,0.258,0.0,False,350,deadline,nav_goal_map_localization_v2,b613bc1f9b6f1e547d7bc669442186cd4c05d20646ef8ad393665a9a28c70e7c
reentry-v1-91260,00677-stop-corridor-t204,False,True,0,0.593,0.0,False,350,deadline,nav_goal_map_localization_v2,b613bc1f9b6f1e547d7bc669442186cd4c05d20646ef8ad393665a9a28c70e7c
reentry-v1-91260,00711-stop-clear-t207,False,False,0,0.671,0.0,False,475,deadline,nav_goal_map_localization_v2,b613bc1f9b6f1e547d7bc669442186cd4c05d20646ef8ad393665a9a28c70e7c
reentry-v1-91260,00711-stop-clear-t311,False,False,0,0.485,0.0,False,475,deadline,nav_goal_map_localization_v2,b613bc1f9b6f1e547d7bc669442186cd4c05d20646ef8ad393665a9a28c70e7c
reentry-v1-91260,00711-stop-corridor-t207,False,False,0,0.451,0.0,False,475,deadline,nav_goal_map_localization_v2,b613bc1f9b6f1e547d7bc669442186cd4c05d20646ef8ad393665a9a28c70e7c
reentry-v1-91260,00711-stop-corridor-t311,False,False,0,2.277,127.17,False,239,contact,nav_goal_map_localization_v2,b613bc1f9b6f1e547d7bc669442186cd4c05d20646ef8ad393665a9a28c70e7c
reentry-v1-91260,00770-stop-corridor-t255,True,True,50,0.023,0.0,False,368,goal_hold,nav_goal_map_localization_v2,b613bc1f9b6f1e547d7bc669442186cd4c05d20646ef8ad393665a9a28c70e7c
reentry-v1-91260,00801-stop-clear-t170,False,False,0,0.445,0.0,False,625,deadline,nav_goal_map_localization_v2,b613bc1f9b6f1e547d7bc669442186cd4c05d20646ef8ad393665a9a28c70e7c
reentry-v1-91260,00801-stop-clear-t284,False,False,0,0.52,0.0,False,625,deadline,nav_goal_map_localization_v2,b613bc1f9b6f1e547d7bc669442186cd4c05d20646ef8ad393665a9a28c70e7c
reentry-v1-91260,00801-stop-clear-t426,False,False,0,1.666,0.0,False,625,deadline,nav_goal_map_localization_v2,b613bc1f9b6f1e547d7bc669442186cd4c05d20646ef8ad393665a9a28c70e7c
reentry-v1-91260,00801-stop-corridor-t171,True,True,50,0.239,0.0,False,588,goal_hold,nav_goal_map_localization_v2,b613bc1f9b6f1e547d7bc669442186cd4c05d20646ef8ad393665a9a28c70e7c
reentry-v1-91260,00801-stop-corridor-t285,True,True,50,0.056,0.0,False,581,goal_hold,nav_goal_map_localization_v2,b613bc1f9b6f1e547d7bc669442186cd4c05d20646ef8ad393665a9a28c70e7c
reentry-v1-91260,00801-stop-corridor-t427,False,False,0,0.736,0.0,False,625,deadline,nav_goal_map_localization_v2,b613bc1f9b6f1e547d7bc669442186cd4c05d20646ef8ad393665a9a28c70e7c
reentry-v1-91260,00801-stop-corridor-t85,True,True,50,0.187,0.0,False,583,goal_hold,nav_goal_map_localization_v2,b613bc1f9b6f1e547d7bc669442186cd4c05d20646ef8ad393665a9a28c70e7c
reentry-v1-91260,00908-stop-clear-t168,False,True,0,0.265,0.0,False,350,deadline,nav_goal_map_localization_v2,b613bc1f9b6f1e547d7bc669442186cd4c05d20646ef8ad393665a9a28c70e7c
reentry-v1-91260,00908-stop-corridor-t167,False,True,0,0.681,0.0,False,350,deadline,nav_goal_map_localization_v2,b613bc1f9b6f1e547d7bc669442186cd4c05d20646ef8ad393665a9a28c70e7c
reentry-v1-91260,00976-stop-clear-t191,False,True,0,0.463,0.0,False,500,deadline,nav_goal_map_localization_v2,b613bc1f9b6f1e547d7bc669442186cd4c05d20646ef8ad393665a9a28c70e7c
reentry-v1-91260,00976-stop-clear-t287,False,True,0,0.57,0.0,False,500,deadline,nav_goal_map_localization_v2,b613bc1f9b6f1e547d7bc669442186cd4c05d20646ef8ad393665a9a28c70e7c
reentry-v1-91260,00976-stop-corridor-t191,True,True,50,0.208,0.0,False,434,goal_hold,nav_goal_map_localization_v2,b613bc1f9b6f1e547d7bc669442186cd4c05d20646ef8ad393665a9a28c70e7c
reentry-v1-91260,00976-stop-corridor-t287,False,True,31,0.147,0.0,False,500,deadline,nav_goal_map_localization_v2,b613bc1f9b6f1e547d7bc669442186cd4c05d20646ef8ad393665a9a28c70e7c
teacher-91260,00120-stop-clear,True,True,50,0.212,0.0,False,514,goal_hold,legacy_declared_command_profile,
teacher-91260,00120-stop-corridor,True,True,50,0.187,0.0,False,515,goal_hold,legacy_declared_command_profile,
teacher-91260,00265-stop-clear,True,True,50,0.131,0.0,False,394,goal_hold,legacy_declared_command_profile,
teacher-91260,00265-stop-corridor,True,True,50,0.125,0.0,False,394,goal_hold,legacy_declared_command_profile,
teacher-91260,00399-stop-clear,False,True,0,0.314,0.0,False,600,deadline,legacy_declared_command_profile,
teacher-91260,00399-stop-corridor,False,False,0,0.603,3863.62,False,1,contact,legacy_declared_command_profile,
teacher-91260,00413-stop-clear,True,True,50,0.223,0.0,False,496,goal_hold,legacy_declared_command_profile,
teacher-91260,00413-stop-corridor,False,True,0,0.145,54.0,False,301,contact,legacy_declared_command_profile,
teacher-91260,00677-stop-clear,True,True,50,0.125,0.0,False,278,goal_hold,legacy_declared_command_profile,
teacher-91260,00677-stop-corridor,True,True,50,0.133,0.0,False,272,goal_hold,legacy_declared_command_profile,
teacher-91260,00707-stop-clear,True,True,50,0.087,0.0,False,221,goal_hold,legacy_declared_command_profile,
teacher-91260,00707-stop-corridor,True,True,50,0.084,0.0,False,221,goal_hold,legacy_declared_command_profile,
teacher-91260,00711-stop-clear,True,True,50,0.19,0.0,False,415,goal_hold,legacy_declared_command_profile,
teacher-91260,00711-stop-corridor,True,True,50,0.165,0.0,False,415,goal_hold,legacy_declared_command_profile,
teacher-91260,00770-stop-clear,True,True,50,0.135,0.0,False,340,goal_hold,legacy_declared_command_profile,
teacher-91260,00770-stop-corridor,True,True,50,0.135,0.0,False,340,goal_hold,legacy_declared_command_profile,
teacher-91260,00781-stop-clear,False,False,0,1.218,0.0,False,450,deadline,legacy_declared_command_profile,
teacher-91260,00781-stop-corridor,False,False,0,3.682,1049.27,False,114,contact,legacy_declared_command_profile,
teacher-91260,00801-stop-clear,True,True,50,0.089,0.0,False,569,goal_hold,legacy_declared_command_profile,
teacher-91260,00801-stop-corridor,True,True,50,0.106,0.0,False,570,goal_hold,legacy_declared_command_profile,
teacher-91260,00908-stop-clear,True,True,50,0.094,0.0,False,224,goal_hold,legacy_declared_command_profile,
teacher-91260,00908-stop-corridor,True,True,50,0.093,0.0,False,223,goal_hold,legacy_declared_command_profile,
teacher-91260,00976-stop-clear,True,True,50,0.175,0.0,False,383,goal_hold,legacy_declared_command_profile,
teacher-91260,00976-stop-corridor,True,True,50,0.167,0.0,False,383,goal_hold,legacy_declared_command_profile,
dag-approach-c1-91260,00120-stop-clear,False,False,0,1.72,0.0,False,575,deadline,nav_goal_map_localization_v2,e7197fca1e6cce8d472bda2a0640edf231d33ec52473f4cd75e935f58de214f3
dag-approach-c1-91260,00120-stop-corridor,False,False,0,0.529,0.0,False,575,deadline,nav_goal_map_localization_v2,e7197fca1e6cce8d472bda2a0640edf231d33ec52473f4cd75e935f58de214f3
dag-approach-c1-91260,00265-stop-clear,False,True,26,0.284,0.0,False,500,deadline,nav_goal_map_localization_v2,e7197fca1e6cce8d472bda2a0640edf231d33ec52473f4cd75e935f58de214f3
dag-approach-c1-91260,00265-stop-corridor,False,False,0,0.354,0.0,False,500,deadline,nav_goal_map_localization_v2,e7197fca1e6cce8d472bda2a0640edf231d33ec52473f4cd75e935f58de214f3
dag-approach-c1-91260,00413-stop-clear,False,False,0,0.792,0.0,False,600,deadline,nav_goal_map_localization_v2,e7197fca1e6cce8d472bda2a0640edf231d33ec52473f4cd75e935f58de214f3
dag-approach-c1-91260,00677-stop-clear,False,True,32,0.148,0.0,False,350,deadline,nav_goal_map_localization_v2,e7197fca1e6cce8d472bda2a0640edf231d33ec52473f4cd75e935f58de214f3
dag-approach-c1-91260,00677-stop-corridor,True,True,50,0.136,0.0,False,307,goal_hold,nav_goal_map_localization_v2,e7197fca1e6cce8d472bda2a0640edf231d33ec52473f4cd75e935f58de214f3
dag-approach-c1-91260,00707-stop-clear,False,True,46,0.126,0.0,False,300,deadline,nav_goal_map_localization_v2,e7197fca1e6cce8d472bda2a0640edf231d33ec52473f4cd75e935f58de214f3
dag-approach-c1-91260,00707-stop-corridor,True,True,50,0.128,0.0,False,216,goal_hold,nav_goal_map_localization_v2,e7197fca1e6cce8d472bda2a0640edf231d33ec52473f4cd75e935f58de214f3
dag-approach-c1-91260,00711-stop-clear,False,False,0,1.337,0.0,False,475,deadline,nav_goal_map_localization_v2,e7197fca1e6cce8d472bda2a0640edf231d33ec52473f4cd75e935f58de214f3
dag-approach-c1-91260,00711-stop-corridor,False,False,0,2.804,0.0,False,475,deadline,nav_goal_map_localization_v2,e7197fca1e6cce8d472bda2a0640edf231d33ec52473f4cd75e935f58de214f3
dag-approach-c1-91260,00770-stop-clear,False,True,0,0.312,0.0,False,425,deadline,nav_goal_map_localization_v2,e7197fca1e6cce8d472bda2a0640edf231d33ec52473f4cd75e935f58de214f3
dag-approach-c1-91260,00770-stop-corridor,False,False,0,0.784,0.0,False,425,deadline,nav_goal_map_localization_v2,e7197fca1e6cce8d472bda2a0640edf231d33ec52473f4cd75e935f58de214f3
dag-approach-c1-91260,00801-stop-clear,False,False,0,0.503,0.0,False,625,deadline,nav_goal_map_localization_v2,e7197fca1e6cce8d472bda2a0640edf231d33ec52473f4cd75e935f58de214f3
dag-approach-c1-91260,00801-stop-corridor,False,False,0,4.979,1939.46,False,213,contact,nav_goal_map_localization_v2,e7197fca1e6cce8d472bda2a0640edf231d33ec52473f4cd75e935f58de214f3
dag-approach-c1-91260,00908-stop-clear,True,True,50,0.094,0.0,False,227,goal_hold,nav_goal_map_localization_v2,e7197fca1e6cce8d472bda2a0640edf231d33ec52473f4cd75e935f58de214f3
dag-approach-c1-91260,00908-stop-corridor,True,True,50,0.056,0.0,False,236,goal_hold,nav_goal_map_localization_v2,e7197fca1e6cce8d472bda2a0640edf231d33ec52473f4cd75e935f58de214f3
dag-approach-c1-91260,00976-stop-clear,False,True,0,1.716,0.0,False,500,deadline,nav_goal_map_localization_v2,e7197fca1e6cce8d472bda2a0640edf231d33ec52473f4cd75e935f58de214f3
dag-approach-c1-91260,00976-stop-corridor,False,True,0,1.521,0.0,False,500,deadline,nav_goal_map_localization_v2,e7197fca1e6cce8d472bda2a0640edf231d33ec52473f4cd75e935f58de214f3
dag-approach-c2-91260,00120-stop-clear,False,False,0,3.633,0.0,False,575,deadline,nav_goal_map_localization_v2,426f0fc526a70f0e56c9a5f7a65614077dbfb66db396b08e1c11e412c096fbcd
dag-approach-c2-91260,00120-stop-corridor,False,False,0,1.974,0.0,False,575,deadline,nav_goal_map_localization_v2,426f0fc526a70f0e56c9a5f7a65614077dbfb66db396b08e1c11e412c096fbcd
dag-approach-c2-91260,00265-stop-clear,False,False,0,1.257,0.0,False,500,deadline,nav_goal_map_localization_v2,426f0fc526a70f0e56c9a5f7a65614077dbfb66db396b08e1c11e412c096fbcd
dag-approach-c2-91260,00265-stop-corridor,False,True,15,0.502,0.0,False,500,deadline,nav_goal_map_localization_v2,426f0fc526a70f0e56c9a5f7a65614077dbfb66db396b08e1c11e412c096fbcd
dag-approach-c2-91260,00413-stop-clear,True,True,50,0.199,0.0,False,344,goal_hold,nav_goal_map_localization_v2,426f0fc526a70f0e56c9a5f7a65614077dbfb66db396b08e1c11e412c096fbcd
dag-approach-c2-91260,00677-stop-clear,True,True,50,0.1,0.0,False,340,goal_hold,nav_goal_map_localization_v2,426f0fc526a70f0e56c9a5f7a65614077dbfb66db396b08e1c11e412c096fbcd
dag-approach-c2-91260,00677-stop-corridor,False,True,11,0.27,0.0,False,350,deadline,nav_goal_map_localization_v2,426f0fc526a70f0e56c9a5f7a65614077dbfb66db396b08e1c11e412c096fbcd
dag-approach-c2-91260,00707-stop-clear,True,True,50,0.144,0.0,False,225,goal_hold,nav_goal_map_localization_v2,426f0fc526a70f0e56c9a5f7a65614077dbfb66db396b08e1c11e412c096fbcd
dag-approach-c2-91260,00707-stop-corridor,True,True,50,0.164,0.0,False,254,goal_hold,nav_goal_map_localization_v2,426f0fc526a70f0e56c9a5f7a65614077dbfb66db396b08e1c11e412c096fbcd
dag-approach-c2-91260,00711-stop-clear,False,False,0,1.683,0.0,False,475,deadline,nav_goal_map_localization_v2,426f0fc526a70f0e56c9a5f7a65614077dbfb66db396b08e1c11e412c096fbcd
dag-approach-c2-91260,00711-stop-corridor,False,False,0,2.088,81.67,False,417,contact,nav_goal_map_localization_v2,426f0fc526a70f0e56c9a5f7a65614077dbfb66db396b08e1c11e412c096fbcd
dag-approach-c2-91260,00770-stop-clear,False,False,0,0.459,0.0,False,425,deadline,nav_goal_map_localization_v2,426f0fc526a70f0e56c9a5f7a65614077dbfb66db396b08e1c11e412c096fbcd
dag-approach-c2-91260,00770-stop-corridor,True,True,50,0.171,0.0,False,362,goal_hold,nav_goal_map_localization_v2,426f0fc526a70f0e56c9a5f7a65614077dbfb66db396b08e1c11e412c096fbcd
dag-approach-c2-91260,00801-stop-clear,False,False,0,1.87,0.0,False,625,deadline,nav_goal_map_localization_v2,426f0fc526a70f0e56c9a5f7a65614077dbfb66db396b08e1c11e412c096fbcd
dag-approach-c2-91260,00801-stop-corridor,False,False,0,3.976,751.46,False,283,contact,nav_goal_map_localization_v2,426f0fc526a70f0e56c9a5f7a65614077dbfb66db396b08e1c11e412c096fbcd
dag-approach-c2-91260,00908-stop-clear,True,True,50,0.081,0.0,False,238,goal_hold,nav_goal_map_localization_v2,426f0fc526a70f0e56c9a5f7a65614077dbfb66db396b08e1c11e412c096fbcd
dag-approach-c2-91260,00908-stop-corridor,True,True,50,0.153,0.0,False,332,goal_hold,nav_goal_map_localization_v2,426f0fc526a70f0e56c9a5f7a65614077dbfb66db396b08e1c11e412c096fbcd
dag-approach-c2-91260,00976-stop-clear,False,False,0,0.33,0.0,False,500,deadline,nav_goal_map_localization_v2,426f0fc526a70f0e56c9a5f7a65614077dbfb66db396b08e1c11e412c096fbcd
dag-approach-c2-91260,00976-stop-corridor,False,False,0,0.535,0.0,False,500,deadline,nav_goal_map_localization_v2,426f0fc526a70f0e56c9a5f7a65614077dbfb66db396b08e1c11e412c096fbcd
dag-uniform-c1-91260,00120-stop-clear,False,False,0,1.374,0.0,False,575,deadline,nav_goal_map_localization_v2,3506429b37dc6028c031efa4d7d2c3653c23854f40abc7d65078e0da29d17b48
dag-uniform-c1-91260,00120-stop-corridor,False,False,0,3.973,42.55,False,213,contact,nav_goal_map_localization_v2,3506429b37dc6028c031efa4d7d2c3653c23854f40abc7d65078e0da29d17b48
dag-uniform-c1-91260,00265-stop-clear,False,False,0,0.616,0.0,False,500,deadline,nav_goal_map_localization_v2,3506429b37dc6028c031efa4d7d2c3653c23854f40abc7d65078e0da29d17b48
dag-uniform-c1-91260,00265-stop-corridor,False,False,0,1.557,0.0,False,500,deadline,nav_goal_map_localization_v2,3506429b37dc6028c031efa4d7d2c3653c23854f40abc7d65078e0da29d17b48
dag-uniform-c1-91260,00413-stop-clear,False,False,0,1.747,0.0,False,600,deadline,nav_goal_map_localization_v2,3506429b37dc6028c031efa4d7d2c3653c23854f40abc7d65078e0da29d17b48
dag-uniform-c1-91260,00677-stop-clear,False,True,45,0.109,0.0,False,350,deadline,nav_goal_map_localization_v2,3506429b37dc6028c031efa4d7d2c3653c23854f40abc7d65078e0da29d17b48
dag-uniform-c1-91260,00677-stop-corridor,False,True,16,0.31,0.0,False,350,deadline,nav_goal_map_localization_v2,3506429b37dc6028c031efa4d7d2c3653c23854f40abc7d65078e0da29d17b48
dag-uniform-c1-91260,00707-stop-clear,True,True,50,0.156,0.0,False,218,goal_hold,nav_goal_map_localization_v2,3506429b37dc6028c031efa4d7d2c3653c23854f40abc7d65078e0da29d17b48
dag-uniform-c1-91260,00707-stop-corridor,False,True,39,0.15,0.0,False,300,deadline,nav_goal_map_localization_v2,3506429b37dc6028c031efa4d7d2c3653c23854f40abc7d65078e0da29d17b48
dag-uniform-c1-91260,00711-stop-clear,False,False,0,0.498,0.0,False,475,deadline,nav_goal_map_localization_v2,3506429b37dc6028c031efa4d7d2c3653c23854f40abc7d65078e0da29d17b48
dag-uniform-c1-91260,00711-stop-corridor,False,False,0,0.624,0.0,False,475,deadline,nav_goal_map_localization_v2,3506429b37dc6028c031efa4d7d2c3653c23854f40abc7d65078e0da29d17b48
dag-uniform-c1-91260,00770-stop-clear,True,True,50,0.181,0.0,False,399,goal_hold,nav_goal_map_localization_v2,3506429b37dc6028c031efa4d7d2c3653c23854f40abc7d65078e0da29d17b48
dag-uniform-c1-91260,00770-stop-corridor,False,False,0,0.344,0.0,False,425,deadline,nav_goal_map_localization_v2,3506429b37dc6028c031efa4d7d2c3653c23854f40abc7d65078e0da29d17b48
dag-uniform-c1-91260,00801-stop-clear,False,False,0,0.961,0.0,False,625,deadline,nav_goal_map_localization_v2,3506429b37dc6028c031efa4d7d2c3653c23854f40abc7d65078e0da29d17b48
dag-uniform-c1-91260,00801-stop-corridor,False,False,0,3.931,785.61,False,274,contact,nav_goal_map_localization_v2,3506429b37dc6028c031efa4d7d2c3653c23854f40abc7d65078e0da29d17b48
dag-uniform-c1-91260,00908-stop-clear,True,True,50,0.052,0.0,False,232,goal_hold,nav_goal_map_localization_v2,3506429b37dc6028c031efa4d7d2c3653c23854f40abc7d65078e0da29d17b48
dag-uniform-c1-91260,00908-stop-corridor,False,True,41,0.494,0.0,False,350,deadline,nav_goal_map_localization_v2,3506429b37dc6028c031efa4d7d2c3653c23854f40abc7d65078e0da29d17b48
dag-uniform-c1-91260,00976-stop-clear,False,True,0,1.482,0.0,False,500,deadline,nav_goal_map_localization_v2,3506429b37dc6028c031efa4d7d2c3653c23854f40abc7d65078e0da29d17b48
dag-uniform-c1-91260,00976-stop-corridor,False,True,0,0.216,179.59,False,196,contact,nav_goal_map_localization_v2,3506429b37dc6028c031efa4d7d2c3653c23854f40abc7d65078e0da29d17b48
dag-uniform-c2-91260,00120-stop-clear,False,False,0,3.306,0.0,False,575,deadline,nav_goal_map_localization_v2,3af09f466ada1e192c2b19af544c2e1a417e4c0a6a57c9a8aeb26795fb5be138
dag-uniform-c2-91260,00120-stop-corridor,False,False,0,4.864,266.62,False,161,contact,nav_goal_map_localization_v2,3af09f466ada1e192c2b19af544c2e1a417e4c0a6a57c9a8aeb26795fb5be138
dag-uniform-c2-91260,00265-stop-clear,False,False,0,0.56,0.0,False,500,deadline,nav_goal_map_localization_v2,3af09f466ada1e192c2b19af544c2e1a417e4c0a6a57c9a8aeb26795fb5be138
dag-uniform-c2-91260,00265-stop-corridor,False,False,0,1.476,0.0,False,500,deadline,nav_goal_map_localization_v2,3af09f466ada1e192c2b19af544c2e1a417e4c0a6a57c9a8aeb26795fb5be138
dag-uniform-c2-91260,00413-stop-clear,False,False,0,0.898,0.0,False,600,deadline,nav_goal_map_localization_v2,3af09f466ada1e192c2b19af544c2e1a417e4c0a6a57c9a8aeb26795fb5be138
dag-uniform-c2-91260,00677-stop-clear,False,True,0,0.309,0.0,False,350,deadline,nav_goal_map_localization_v2,3af09f466ada1e192c2b19af544c2e1a417e4c0a6a57c9a8aeb26795fb5be138
dag-uniform-c2-91260,00677-stop-corridor,False,True,32,0.127,0.0,False,350,deadline,nav_goal_map_localization_v2,3af09f466ada1e192c2b19af544c2e1a417e4c0a6a57c9a8aeb26795fb5be138
dag-uniform-c2-91260,00707-stop-clear,True,True,50,0.124,0.0,False,236,goal_hold,nav_goal_map_localization_v2,3af09f466ada1e192c2b19af544c2e1a417e4c0a6a57c9a8aeb26795fb5be138
dag-uniform-c2-91260,00707-stop-corridor,False,True,49,0.019,0.0,False,300,deadline,nav_goal_map_localization_v2,3af09f466ada1e192c2b19af544c2e1a417e4c0a6a57c9a8aeb26795fb5be138
dag-uniform-c2-91260,00711-stop-clear,False,True,0,0.738,0.0,False,475,deadline,nav_goal_map_localization_v2,3af09f466ada1e192c2b19af544c2e1a417e4c0a6a57c9a8aeb26795fb5be138
dag-uniform-c2-91260,00711-stop-corridor,False,False,0,1.156,0.0,False,475,deadline,nav_goal_map_localization_v2,3af09f466ada1e192c2b19af544c2e1a417e4c0a6a57c9a8aeb26795fb5be138
dag-uniform-c2-91260,00770-stop-clear,False,False,0,1.624,0.0,False,425,deadline,nav_goal_map_localization_v2,3af09f466ada1e192c2b19af544c2e1a417e4c0a6a57c9a8aeb26795fb5be138
dag-uniform-c2-91260,00770-stop-corridor,False,True,20,0.27,0.0,False,425,deadline,nav_goal_map_localization_v2,3af09f466ada1e192c2b19af544c2e1a417e4c0a6a57c9a8aeb26795fb5be138
dag-uniform-c2-91260,00801-stop-clear,False,True,22,0.257,0.0,False,625,deadline,nav_goal_map_localization_v2,3af09f466ada1e192c2b19af544c2e1a417e4c0a6a57c9a8aeb26795fb5be138
dag-uniform-c2-91260,00801-stop-corridor,True,True,50,0.171,0.0,False,599,goal_hold,nav_goal_map_localization_v2,3af09f466ada1e192c2b19af544c2e1a417e4c0a6a57c9a8aeb26795fb5be138
dag-uniform-c2-91260,00908-stop-clear,False,True,27,0.238,0.0,False,350,deadline,nav_goal_map_localization_v2,3af09f466ada1e192c2b19af544c2e1a417e4c0a6a57c9a8aeb26795fb5be138
dag-uniform-c2-91260,00908-stop-corridor,False,True,15,0.81,0.0,False,350,deadline,nav_goal_map_localization_v2,3af09f466ada1e192c2b19af544c2e1a417e4c0a6a57c9a8aeb26795fb5be138
dag-uniform-c2-91260,00976-stop-clear,False,False,0,0.535,0.0,False,500,deadline,nav_goal_map_localization_v2,3af09f466ada1e192c2b19af544c2e1a417e4c0a6a57c9a8aeb26795fb5be138
dag-uniform-c2-91260,00976-stop-corridor,False,True,20,1.219,0.0,False,500,deadline,nav_goal_map_localization_v2,3af09f466ada1e192c2b19af544c2e1a417e4c0a6a57c9a8aeb26795fb5be138
full-s1_3200-91260,00120-stop-clear,True,True,50,0.074,0.0,False,516,goal_hold,motion_full_current_v2,053b1ee2891332210d6a5e9fc17f3f9793eb851515cb0b4fd3a2e1baa53e8811
full-s1_3200-91260,00120-stop-corridor,True,True,50,0.085,0.0,False,516,goal_hold,motion_full_current_v2,053b1ee2891332210d6a5e9fc17f3f9793eb851515cb0b4fd3a2e1baa53e8811
full-s1_3200-91260,00265-stop-clear,True,True,50,0.167,0.0,False,397,goal_hold,motion_full_current_v2,053b1ee2891332210d6a5e9fc17f3f9793eb851515cb0b4fd3a2e1baa53e8811
full-s1_3200-91260,00265-stop-corridor,True,True,50,0.178,0.0,False,396,goal_hold,motion_full_current_v2,053b1ee2891332210d6a5e9fc17f3f9793eb851515cb0b4fd3a2e1baa53e8811
full-s1_3200-91260,00399-stop-clear,False,True,0,0.301,0.0,False,600,deadline,motion_full_current_v2,053b1ee2891332210d6a5e9fc17f3f9793eb851515cb0b4fd3a2e1baa53e8811
full-s1_3200-91260,00399-stop-corridor,False,False,0,0.603,3859.99,False,1,contact,motion_full_current_v2,053b1ee2891332210d6a5e9fc17f3f9793eb851515cb0b4fd3a2e1baa53e8811
full-s1_3200-91260,00413-stop-clear,True,True,50,0.196,0.0,False,508,goal_hold,motion_full_current_v2,053b1ee2891332210d6a5e9fc17f3f9793eb851515cb0b4fd3a2e1baa53e8811
full-s1_3200-91260,00413-stop-corridor,False,True,0,0.159,110.47,False,316,contact,motion_full_current_v2,053b1ee2891332210d6a5e9fc17f3f9793eb851515cb0b4fd3a2e1baa53e8811
full-s1_3200-91260,00677-stop-clear,True,True,50,0.234,0.0,False,273,goal_hold,motion_full_current_v2,053b1ee2891332210d6a5e9fc17f3f9793eb851515cb0b4fd3a2e1baa53e8811
full-s1_3200-91260,00677-stop-corridor,True,True,50,0.236,0.0,False,272,goal_hold,motion_full_current_v2,053b1ee2891332210d6a5e9fc17f3f9793eb851515cb0b4fd3a2e1baa53e8811
full-s1_3200-91260,00707-stop-clear,True,True,50,0.087,0.0,False,221,goal_hold,motion_full_current_v2,053b1ee2891332210d6a5e9fc17f3f9793eb851515cb0b4fd3a2e1baa53e8811
full-s1_3200-91260,00707-stop-corridor,True,True,50,0.084,0.0,False,221,goal_hold,motion_full_current_v2,053b1ee2891332210d6a5e9fc17f3f9793eb851515cb0b4fd3a2e1baa53e8811
full-s1_3200-91260,00711-stop-clear,True,True,50,0.008,0.0,False,415,goal_hold,motion_full_current_v2,053b1ee2891332210d6a5e9fc17f3f9793eb851515cb0b4fd3a2e1baa53e8811
full-s1_3200-91260,00711-stop-corridor,True,True,50,0.008,0.0,False,415,goal_hold,motion_full_current_v2,053b1ee2891332210d6a5e9fc17f3f9793eb851515cb0b4fd3a2e1baa53e8811
full-s1_3200-91260,00770-stop-clear,True,True,50,0.149,0.0,False,339,goal_hold,motion_full_current_v2,053b1ee2891332210d6a5e9fc17f3f9793eb851515cb0b4fd3a2e1baa53e8811
full-s1_3200-91260,00770-stop-corridor,True,True,50,0.137,0.0,False,343,goal_hold,motion_full_current_v2,053b1ee2891332210d6a5e9fc17f3f9793eb851515cb0b4fd3a2e1baa53e8811
full-s1_3200-91260,00781-stop-clear,False,False,0,1.044,0.0,False,450,deadline,motion_full_current_v2,053b1ee2891332210d6a5e9fc17f3f9793eb851515cb0b4fd3a2e1baa53e8811
full-s1_3200-91260,00781-stop-corridor,False,False,0,3.685,824.43,False,115,contact,motion_full_current_v2,053b1ee2891332210d6a5e9fc17f3f9793eb851515cb0b4fd3a2e1baa53e8811
full-s1_3200-91260,00801-stop-clear,True,True,50,0.154,0.0,False,561,goal_hold,motion_full_current_v2,053b1ee2891332210d6a5e9fc17f3f9793eb851515cb0b4fd3a2e1baa53e8811
full-s1_3200-91260,00801-stop-corridor,True,True,50,0.16,0.0,False,562,goal_hold,motion_full_current_v2,053b1ee2891332210d6a5e9fc17f3f9793eb851515cb0b4fd3a2e1baa53e8811
full-s1_3200-91260,00908-stop-clear,True,True,50,0.084,0.0,False,223,goal_hold,motion_full_current_v2,053b1ee2891332210d6a5e9fc17f3f9793eb851515cb0b4fd3a2e1baa53e8811
full-s1_3200-91260,00908-stop-corridor,True,True,50,0.081,0.0,False,224,goal_hold,motion_full_current_v2,053b1ee2891332210d6a5e9fc17f3f9793eb851515cb0b4fd3a2e1baa53e8811
full-s1_3200-91260,00976-stop-clear,True,True,50,0.177,0.0,False,383,goal_hold,motion_full_current_v2,053b1ee2891332210d6a5e9fc17f3f9793eb851515cb0b4fd3a2e1baa53e8811
full-s1_3200-91260,00976-stop-corridor,True,True,50,0.171,0.0,False,384,goal_hold,motion_full_current_v2,053b1ee2891332210d6a5e9fc17f3f9793eb851515cb0b4fd3a2e1baa53e8811
nav-v0-91260,00120-stop-clear,False,False,0,4.659,0.0,False,575,deadline,nav_goal_map_localization_v2,0eb35223fdb0c2bbacd39240eeccdc1c21e23ee7c5885aaa462b1a0cfcc19d5e
nav-v0-91260,00120-stop-corridor,False,False,0,1.757,0.0,False,575,deadline,nav_goal_map_localization_v2,0eb35223fdb0c2bbacd39240eeccdc1c21e23ee7c5885aaa462b1a0cfcc19d5e
nav-v0-91260,00265-stop-clear,False,True,0,1.151,0.0,False,500,deadline,nav_goal_map_localization_v2,0eb35223fdb0c2bbacd39240eeccdc1c21e23ee7c5885aaa462b1a0cfcc19d5e
nav-v0-91260,00265-stop-corridor,False,True,37,0.429,0.0,False,500,deadline,nav_goal_map_localization_v2,0eb35223fdb0c2bbacd39240eeccdc1c21e23ee7c5885aaa462b1a0cfcc19d5e
nav-v0-91260,00399-stop-clear,False,False,0,2.341,0.0,False,600,deadline,nav_goal_map_localization_v2,0eb35223fdb0c2bbacd39240eeccdc1c21e23ee7c5885aaa462b1a0cfcc19d5e
nav-v0-91260,00399-stop-corridor,False,False,0,0.603,3848.88,False,1,contact,nav_goal_map_localization_v2,0eb35223fdb0c2bbacd39240eeccdc1c21e23ee7c5885aaa462b1a0cfcc19d5e
nav-v0-91260,00413-stop-clear,False,False,0,1.644,0.0,False,600,deadline,nav_goal_map_localization_v2,0eb35223fdb0c2bbacd39240eeccdc1c21e23ee7c5885aaa462b1a0cfcc19d5e
nav-v0-91260,00413-stop-corridor,False,False,0,0.815,0.0,False,600,deadline,nav_goal_map_localization_v2,0eb35223fdb0c2bbacd39240eeccdc1c21e23ee7c5885aaa462b1a0cfcc19d5e
nav-v0-91260,00677-stop-clear,False,True,0,0.835,0.0,False,350,deadline,nav_goal_map_localization_v2,0eb35223fdb0c2bbacd39240eeccdc1c21e23ee7c5885aaa462b1a0cfcc19d5e
nav-v0-91260,00677-stop-corridor,False,True,0,0.877,0.0,False,350,deadline,nav_goal_map_localization_v2,0eb35223fdb0c2bbacd39240eeccdc1c21e23ee7c5885aaa462b1a0cfcc19d5e
nav-v0-91260,00707-stop-clear,False,False,0,0.496,0.0,False,300,deadline,nav_goal_map_localization_v2,0eb35223fdb0c2bbacd39240eeccdc1c21e23ee7c5885aaa462b1a0cfcc19d5e
nav-v0-91260,00707-stop-corridor,False,False,0,0.388,0.0,False,300,deadline,nav_goal_map_localization_v2,0eb35223fdb0c2bbacd39240eeccdc1c21e23ee7c5885aaa462b1a0cfcc19d5e
nav-v0-91260,00711-stop-clear,False,False,0,3.247,0.0,False,475,deadline,nav_goal_map_localization_v2,0eb35223fdb0c2bbacd39240eeccdc1c21e23ee7c5885aaa462b1a0cfcc19d5e
nav-v0-91260,00711-stop-corridor,False,False,0,0.469,0.0,False,475,deadline,nav_goal_map_localization_v2,0eb35223fdb0c2bbacd39240eeccdc1c21e23ee7c5885aaa462b1a0cfcc19d5e
nav-v0-91260,00770-stop-clear,False,False,0,0.281,0.0,False,425,deadline,nav_goal_map_localization_v2,0eb35223fdb0c2bbacd39240eeccdc1c21e23ee7c5885aaa462b1a0cfcc19d5e
nav-v0-91260,00770-stop-corridor,False,False,0,1.645,0.0,False,425,deadline,nav_goal_map_localization_v2,0eb35223fdb0c2bbacd39240eeccdc1c21e23ee7c5885aaa462b1a0cfcc19d5e
nav-v0-91260,00781-stop-clear,False,False,0,3.59,0.0,False,450,deadline,nav_goal_map_localization_v2,0eb35223fdb0c2bbacd39240eeccdc1c21e23ee7c5885aaa462b1a0cfcc19d5e
nav-v0-91260,00781-stop-corridor,False,False,0,3.043,0.0,False,450,deadline,nav_goal_map_localization_v2,0eb35223fdb0c2bbacd39240eeccdc1c21e23ee7c5885aaa462b1a0cfcc19d5e
nav-v0-91260,00801-stop-clear,False,False,0,7.63,0.0,False,625,deadline,nav_goal_map_localization_v2,0eb35223fdb0c2bbacd39240eeccdc1c21e23ee7c5885aaa462b1a0cfcc19d5e
nav-v0-91260,00801-stop-corridor,False,False,0,7.657,0.0,False,625,deadline,nav_goal_map_localization_v2,0eb35223fdb0c2bbacd39240eeccdc1c21e23ee7c5885aaa462b1a0cfcc19d5e
nav-v0-91260,00908-stop-clear,False,True,9,0.28,0.0,False,350,deadline,nav_goal_map_localization_v2,0eb35223fdb0c2bbacd39240eeccdc1c21e23ee7c5885aaa462b1a0cfcc19d5e
nav-v0-91260,00908-stop-corridor,False,True,0,0.2,89.47,False,141,contact,nav_goal_map_localization_v2,0eb35223fdb0c2bbacd39240eeccdc1c21e23ee7c5885aaa462b1a0cfcc19d5e
nav-v0-91260,00976-stop-clear,False,False,0,0.871,0.0,False,500,deadline,nav_goal_map_localization_v2,0eb35223fdb0c2bbacd39240eeccdc1c21e23ee7c5885aaa462b1a0cfcc19d5e
nav-v0-91260,00976-stop-corridor,False,False,0,1.468,0.0,False,500,deadline,nav_goal_map_localization_v2,0eb35223fdb0c2bbacd39240eeccdc1c21e23ee7c5885aaa462b1a0cfcc19d5e
nav-v1-91260,00120-stop-clear,False,False,0,3.536,0.0,False,575,deadline,nav_goal_map_localization_v2,b613bc1f9b6f1e547d7bc669442186cd4c05d20646ef8ad393665a9a28c70e7c
nav-v1-91260,00120-stop-corridor,False,False,0,2.651,0.0,False,575,deadline,nav_goal_map_localization_v2,b613bc1f9b6f1e547d7bc669442186cd4c05d20646ef8ad393665a9a28c70e7c
nav-v1-91260,00265-stop-clear,False,False,0,0.605,0.0,False,500,deadline,nav_goal_map_localization_v2,b613bc1f9b6f1e547d7bc669442186cd4c05d20646ef8ad393665a9a28c70e7c
nav-v1-91260,00265-stop-corridor,False,False,0,1.266,0.0,False,500,deadline,nav_goal_map_localization_v2,b613bc1f9b6f1e547d7bc669442186cd4c05d20646ef8ad393665a9a28c70e7c
nav-v1-91260,00399-stop-clear,False,False,0,2.647,0.0,False,600,deadline,nav_goal_map_localization_v2,b613bc1f9b6f1e547d7bc669442186cd4c05d20646ef8ad393665a9a28c70e7c
nav-v1-91260,00399-stop-corridor,False,False,0,0.603,3841.19,False,1,contact,nav_goal_map_localization_v2,b613bc1f9b6f1e547d7bc669442186cd4c05d20646ef8ad393665a9a28c70e7c
nav-v1-91260,00413-stop-clear,False,False,0,0.744,0.0,False,600,deadline,nav_goal_map_localization_v2,b613bc1f9b6f1e547d7bc669442186cd4c05d20646ef8ad393665a9a28c70e7c
nav-v1-91260,00413-stop-corridor,False,True,0,2.528,0.0,False,600,deadline,nav_goal_map_localization_v2,b613bc1f9b6f1e547d7bc669442186cd4c05d20646ef8ad393665a9a28c70e7c
nav-v1-91260,00677-stop-clear,False,True,0,0.961,0.0,False,350,deadline,nav_goal_map_localization_v2,b613bc1f9b6f1e547d7bc669442186cd4c05d20646ef8ad393665a9a28c70e7c
nav-v1-91260,00677-stop-corridor,False,True,0,1.03,829.27,False,301,contact,nav_goal_map_localization_v2,b613bc1f9b6f1e547d7bc669442186cd4c05d20646ef8ad393665a9a28c70e7c
nav-v1-91260,00707-stop-clear,False,True,16,0.622,0.0,False,300,deadline,nav_goal_map_localization_v2,b613bc1f9b6f1e547d7bc669442186cd4c05d20646ef8ad393665a9a28c70e7c
nav-v1-91260,00707-stop-corridor,False,True,11,0.415,1117.57,False,260,contact,nav_goal_map_localization_v2,b613bc1f9b6f1e547d7bc669442186cd4c05d20646ef8ad393665a9a28c70e7c
nav-v1-91260,00711-stop-clear,False,False,0,0.667,0.0,False,475,deadline,nav_goal_map_localization_v2,b613bc1f9b6f1e547d7bc669442186cd4c05d20646ef8ad393665a9a28c70e7c
nav-v1-91260,00711-stop-corridor,False,False,0,2.277,127.17,False,239,contact,nav_goal_map_localization_v2,b613bc1f9b6f1e547d7bc669442186cd4c05d20646ef8ad393665a9a28c70e7c
nav-v1-91260,00770-stop-clear,True,True,50,0.175,0.0,False,340,goal_hold,nav_goal_map_localization_v2,b613bc1f9b6f1e547d7bc669442186cd4c05d20646ef8ad393665a9a28c70e7c
nav-v1-91260,00770-stop-corridor,False,False,0,0.317,0.0,False,425,deadline,nav_goal_map_localization_v2,b613bc1f9b6f1e547d7bc669442186cd4c05d20646ef8ad393665a9a28c70e7c
nav-v1-91260,00781-stop-clear,False,False,0,3.67,0.0,False,450,deadline,nav_goal_map_localization_v2,b613bc1f9b6f1e547d7bc669442186cd4c05d20646ef8ad393665a9a28c70e7c
nav-v1-91260,00781-stop-corridor,False,False,0,5.23,0.0,False,450,deadline,nav_goal_map_localization_v2,b613bc1f9b6f1e547d7bc669442186cd4c05d20646ef8ad393665a9a28c70e7c
nav-v1-91260,00801-stop-clear,False,False,0,2.307,0.0,False,625,deadline,nav_goal_map_localization_v2,b613bc1f9b6f1e547d7bc669442186cd4c05d20646ef8ad393665a9a28c70e7c
nav-v1-91260,00801-stop-corridor,False,False,0,0.939,0.0,False,625,deadline,nav_goal_map_localization_v2,b613bc1f9b6f1e547d7bc669442186cd4c05d20646ef8ad393665a9a28c70e7c
nav-v1-91260,00908-stop-clear,False,True,4,0.713,0.0,False,350,deadline,nav_goal_map_localization_v2,b613bc1f9b6f1e547d7bc669442186cd4c05d20646ef8ad393665a9a28c70e7c
nav-v1-91260,00908-stop-corridor,False,True,0,0.73,0.0,False,350,deadline,nav_goal_map_localization_v2,b613bc1f9b6f1e547d7bc669442186cd4c05d20646ef8ad393665a9a28c70e7c
nav-v1-91260,00976-stop-clear,False,True,0,1.169,0.0,False,500,deadline,nav_goal_map_localization_v2,b613bc1f9b6f1e547d7bc669442186cd4c05d20646ef8ad393665a9a28c70e7c
nav-v1-91260,00976-stop-corridor,False,True,37,0.232,0.0,False,500,deadline,nav_goal_map_localization_v2,b613bc1f9b6f1e547d7bc669442186cd4c05d20646ef8ad393665a9a28c70e7c
nav-v2-recovery-91260,00120-stop-clear,False,False,0,3.502,0.0,False,575,deadline,nav_goal_map_localization_v2,d4b3c0e288c4d59d724bb3a469de09f7e06b36330bcd9203ea382138edcefd60
nav-v2-recovery-91260,00120-stop-corridor,False,False,0,2.922,0.0,False,575,deadline,nav_goal_map_localization_v2,d4b3c0e288c4d59d724bb3a469de09f7e06b36330bcd9203ea382138edcefd60
nav-v2-recovery-91260,00265-stop-clear,False,False,0,0.411,0.0,False,500,deadline,nav_goal_map_localization_v2,d4b3c0e288c4d59d724bb3a469de09f7e06b36330bcd9203ea382138edcefd60
nav-v2-recovery-91260,00265-stop-corridor,False,False,0,0.305,0.0,False,500,deadline,nav_goal_map_localization_v2,d4b3c0e288c4d59d724bb3a469de09f7e06b36330bcd9203ea382138edcefd60
nav-v2-recovery-91260,00399-stop-clear,False,False,0,1.434,0.0,False,600,deadline,nav_goal_map_localization_v2,d4b3c0e288c4d59d724bb3a469de09f7e06b36330bcd9203ea382138edcefd60
nav-v2-recovery-91260,00399-stop-corridor,False,False,0,0.603,3813.3,False,1,contact,nav_goal_map_localization_v2,d4b3c0e288c4d59d724bb3a469de09f7e06b36330bcd9203ea382138edcefd60
nav-v2-recovery-91260,00413-stop-clear,False,False,0,1.125,0.0,False,600,deadline,nav_goal_map_localization_v2,d4b3c0e288c4d59d724bb3a469de09f7e06b36330bcd9203ea382138edcefd60
nav-v2-recovery-91260,00413-stop-corridor,False,False,0,1.217,105.92,False,299,contact,nav_goal_map_localization_v2,d4b3c0e288c4d59d724bb3a469de09f7e06b36330bcd9203ea382138edcefd60
nav-v2-recovery-91260,00677-stop-clear,True,True,50,0.13,0.0,False,274,goal_hold,nav_goal_map_localization_v2,d4b3c0e288c4d59d724bb3a469de09f7e06b36330bcd9203ea382138edcefd60
nav-v2-recovery-91260,00677-stop-corridor,False,True,22,0.128,0.0,False,350,deadline,nav_goal_map_localization_v2,d4b3c0e288c4d59d724bb3a469de09f7e06b36330bcd9203ea382138edcefd60
nav-v2-recovery-91260,00707-stop-clear,True,True,50,0.08,0.0,False,222,goal_hold,nav_goal_map_localization_v2,d4b3c0e288c4d59d724bb3a469de09f7e06b36330bcd9203ea382138edcefd60
nav-v2-recovery-91260,00707-stop-corridor,True,True,50,0.132,0.0,False,220,goal_hold,nav_goal_map_localization_v2,d4b3c0e288c4d59d724bb3a469de09f7e06b36330bcd9203ea382138edcefd60
nav-v2-recovery-91260,00711-stop-clear,False,False,0,1.976,0.0,False,475,deadline,nav_goal_map_localization_v2,d4b3c0e288c4d59d724bb3a469de09f7e06b36330bcd9203ea382138edcefd60
nav-v2-recovery-91260,00711-stop-corridor,False,False,0,1.198,0.0,False,475,deadline,nav_goal_map_localization_v2,d4b3c0e288c4d59d724bb3a469de09f7e06b36330bcd9203ea382138edcefd60
nav-v2-recovery-91260,00770-stop-clear,False,False,0,0.416,0.0,False,425,deadline,nav_goal_map_localization_v2,d4b3c0e288c4d59d724bb3a469de09f7e06b36330bcd9203ea382138edcefd60
nav-v2-recovery-91260,00770-stop-corridor,False,True,3,0.286,0.0,False,425,deadline,nav_goal_map_localization_v2,d4b3c0e288c4d59d724bb3a469de09f7e06b36330bcd9203ea382138edcefd60
nav-v2-recovery-91260,00781-stop-clear,False,False,0,2.466,0.0,False,450,deadline,nav_goal_map_localization_v2,d4b3c0e288c4d59d724bb3a469de09f7e06b36330bcd9203ea382138edcefd60
nav-v2-recovery-91260,00781-stop-corridor,False,False,0,3.916,1473.79,False,192,contact,nav_goal_map_localization_v2,d4b3c0e288c4d59d724bb3a469de09f7e06b36330bcd9203ea382138edcefd60
nav-v2-recovery-91260,00801-stop-clear,False,False,0,5.729,0.0,False,625,deadline,nav_goal_map_localization_v2,d4b3c0e288c4d59d724bb3a469de09f7e06b36330bcd9203ea382138edcefd60
nav-v2-recovery-91260,00801-stop-corridor,False,False,0,5.024,515.97,False,221,contact,nav_goal_map_localization_v2,d4b3c0e288c4d59d724bb3a469de09f7e06b36330bcd9203ea382138edcefd60
nav-v2-recovery-91260,00908-stop-clear,False,True,39,0.22,0.0,False,350,deadline,nav_goal_map_localization_v2,d4b3c0e288c4d59d724bb3a469de09f7e06b36330bcd9203ea382138edcefd60
nav-v2-recovery-91260,00908-stop-corridor,False,True,33,0.231,0.0,False,350,deadline,nav_goal_map_localization_v2,d4b3c0e288c4d59d724bb3a469de09f7e06b36330bcd9203ea382138edcefd60
nav-v2-recovery-91260,00976-stop-clear,False,True,2,2.579,0.0,False,500,deadline,nav_goal_map_localization_v2,d4b3c0e288c4d59d724bb3a469de09f7e06b36330bcd9203ea382138edcefd60
nav-v2-recovery-91260,00976-stop-corridor,True,True,50,0.126,0.0,False,279,goal_hold,nav_goal_map_localization_v2,d4b3c0e288c4d59d724bb3a469de09f7e06b36330bcd9203ea382138edcefd60
nav-v2-recovery-91262,00120-stop-clear,False,False,0,4.903,0.0,False,575,deadline,nav_goal_map_localization_v2,d4b3c0e288c4d59d724bb3a469de09f7e06b36330bcd9203ea382138edcefd60
nav-v2-recovery-91262,00120-stop-corridor,False,False,0,2.386,0.0,False,575,deadline,nav_goal_map_localization_v2,d4b3c0e288c4d59d724bb3a469de09f7e06b36330bcd9203ea382138edcefd60
nav-v2-recovery-91262,00265-stop-clear,False,False,0,0.45,0.0,False,500,deadline,nav_goal_map_localization_v2,d4b3c0e288c4d59d724bb3a469de09f7e06b36330bcd9203ea382138edcefd60
nav-v2-recovery-91262,00265-stop-corridor,False,True,0,0.57,0.0,False,500,deadline,nav_goal_map_localization_v2,d4b3c0e288c4d59d724bb3a469de09f7e06b36330bcd9203ea382138edcefd60
nav-v2-recovery-91262,00399-stop-clear,False,False,0,2.475,0.0,False,600,deadline,nav_goal_map_localization_v2,d4b3c0e288c4d59d724bb3a469de09f7e06b36330bcd9203ea382138edcefd60
nav-v2-recovery-91262,00399-stop-corridor,False,False,0,0.603,3001.39,False,1,contact,nav_goal_map_localization_v2,d4b3c0e288c4d59d724bb3a469de09f7e06b36330bcd9203ea382138edcefd60
nav-v2-recovery-91262,00413-stop-clear,False,False,0,0.896,0.0,False,600,deadline,nav_goal_map_localization_v2,d4b3c0e288c4d59d724bb3a469de09f7e06b36330bcd9203ea382138edcefd60
nav-v2-recovery-91262,00413-stop-corridor,False,False,0,0.803,109.62,False,468,contact,nav_goal_map_localization_v2,d4b3c0e288c4d59d724bb3a469de09f7e06b36330bcd9203ea382138edcefd60
nav-v2-recovery-91262,00677-stop-clear,False,False,0,0.972,0.0,False,350,deadline,nav_goal_map_localization_v2,d4b3c0e288c4d59d724bb3a469de09f7e06b36330bcd9203ea382138edcefd60
nav-v2-recovery-91262,00677-stop-corridor,False,False,0,1.047,0.0,False,350,deadline,nav_goal_map_localization_v2,d4b3c0e288c4d59d724bb3a469de09f7e06b36330bcd9203ea382138edcefd60
nav-v2-recovery-91262,00707-stop-clear,False,False,0,0.848,0.0,False,300,deadline,nav_goal_map_localization_v2,d4b3c0e288c4d59d724bb3a469de09f7e06b36330bcd9203ea382138edcefd60
nav-v2-recovery-91262,00707-stop-corridor,False,False,0,0.978,0.0,False,300,deadline,nav_goal_map_localization_v2,d4b3c0e288c4d59d724bb3a469de09f7e06b36330bcd9203ea382138edcefd60
nav-v2-recovery-91262,00711-stop-clear,False,False,0,2.654,0.0,False,475,deadline,nav_goal_map_localization_v2,d4b3c0e288c4d59d724bb3a469de09f7e06b36330bcd9203ea382138edcefd60
nav-v2-recovery-91262,00711-stop-corridor,False,False,0,3.03,253.77,False,167,contact,nav_goal_map_localization_v2,d4b3c0e288c4d59d724bb3a469de09f7e06b36330bcd9203ea382138edcefd60
nav-v2-recovery-91262,00770-stop-clear,False,False,0,0.388,0.0,False,425,deadline,nav_goal_map_localization_v2,d4b3c0e288c4d59d724bb3a469de09f7e06b36330bcd9203ea382138edcefd60
nav-v2-recovery-91262,00770-stop-corridor,False,False,0,0.344,0.0,False,425,deadline,nav_goal_map_localization_v2,d4b3c0e288c4d59d724bb3a469de09f7e06b36330bcd9203ea382138edcefd60
nav-v2-recovery-91262,00781-stop-clear,False,False,0,2.092,0.0,False,450,deadline,nav_goal_map_localization_v2,d4b3c0e288c4d59d724bb3a469de09f7e06b36330bcd9203ea382138edcefd60
nav-v2-recovery-91262,00781-stop-corridor,False,False,0,4.021,0.0,False,450,deadline,nav_goal_map_localization_v2,d4b3c0e288c4d59d724bb3a469de09f7e06b36330bcd9203ea382138edcefd60
nav-v2-recovery-91262,00801-stop-clear,False,False,0,5.867,0.0,False,625,deadline,nav_goal_map_localization_v2,d4b3c0e288c4d59d724bb3a469de09f7e06b36330bcd9203ea382138edcefd60
nav-v2-recovery-91262,00801-stop-corridor,False,False,0,5.961,0.0,False,625,deadline,nav_goal_map_localization_v2,d4b3c0e288c4d59d724bb3a469de09f7e06b36330bcd9203ea382138edcefd60
nav-v2-recovery-91262,00908-stop-clear,True,True,50,0.215,0.0,False,332,goal_hold,nav_goal_map_localization_v2,d4b3c0e288c4d59d724bb3a469de09f7e06b36330bcd9203ea382138edcefd60
nav-v2-recovery-91262,00908-stop-corridor,False,True,44,0.685,0.0,False,350,deadline,nav_goal_map_localization_v2,d4b3c0e288c4d59d724bb3a469de09f7e06b36330bcd9203ea382138edcefd60
nav-v2-recovery-91262,00976-stop-clear,False,False,0,1.083,0.0,False,500,deadline,nav_goal_map_localization_v2,d4b3c0e288c4d59d724bb3a469de09f7e06b36330bcd9203ea382138edcefd60
nav-v2-recovery-91262,00976-stop-corridor,False,False,0,1.505,0.0,False,500,deadline,nav_goal_map_localization_v2,d4b3c0e288c4d59d724bb3a469de09f7e06b36330bcd9203ea382138edcefd60
nav-v2-replay-91260,00120-stop-clear,False,False,0,3.773,0.0,False,575,deadline,nav_goal_map_localization_v2,77d0e5275171fae342dd4a416d0ac2e9021bb2e4717019b08a92fc824c81d1ce
nav-v2-replay-91260,00120-stop-corridor,False,False,0,4.113,0.0,False,575,deadline,nav_goal_map_localization_v2,77d0e5275171fae342dd4a416d0ac2e9021bb2e4717019b08a92fc824c81d1ce
nav-v2-replay-91260,00265-stop-clear,True,True,50,0.182,0.0,False,344,goal_hold,nav_goal_map_localization_v2,77d0e5275171fae342dd4a416d0ac2e9021bb2e4717019b08a92fc824c81d1ce
nav-v2-replay-91260,00265-stop-corridor,False,False,0,0.476,0.0,False,500,deadline,nav_goal_map_localization_v2,77d0e5275171fae342dd4a416d0ac2e9021bb2e4717019b08a92fc824c81d1ce
nav-v2-replay-91260,00399-stop-clear,False,False,0,1.194,0.0,False,600,deadline,nav_goal_map_localization_v2,77d0e5275171fae342dd4a416d0ac2e9021bb2e4717019b08a92fc824c81d1ce
nav-v2-replay-91260,00399-stop-corridor,False,False,0,0.603,3845.8,False,1,contact,nav_goal_map_localization_v2,77d0e5275171fae342dd4a416d0ac2e9021bb2e4717019b08a92fc824c81d1ce
nav-v2-replay-91260,00413-stop-clear,False,False,0,0.666,0.0,False,600,deadline,nav_goal_map_localization_v2,77d0e5275171fae342dd4a416d0ac2e9021bb2e4717019b08a92fc824c81d1ce
nav-v2-replay-91260,00413-stop-corridor,False,False,0,0.775,77.09,False,105,contact,nav_goal_map_localization_v2,77d0e5275171fae342dd4a416d0ac2e9021bb2e4717019b08a92fc824c81d1ce
nav-v2-replay-91260,00677-stop-clear,False,True,0,0.443,0.0,False,350,deadline,nav_goal_map_localization_v2,77d0e5275171fae342dd4a416d0ac2e9021bb2e4717019b08a92fc824c81d1ce
nav-v2-replay-91260,00677-stop-corridor,False,False,0,0.899,0.0,False,350,deadline,nav_goal_map_localization_v2,77d0e5275171fae342dd4a416d0ac2e9021bb2e4717019b08a92fc824c81d1ce
nav-v2-replay-91260,00707-stop-clear,False,True,12,1.134,0.0,False,300,deadline,nav_goal_map_localization_v2,77d0e5275171fae342dd4a416d0ac2e9021bb2e4717019b08a92fc824c81d1ce
nav-v2-replay-91260,00707-stop-corridor,False,True,5,1.222,0.0,False,300,deadline,nav_goal_map_localization_v2,77d0e5275171fae342dd4a416d0ac2e9021bb2e4717019b08a92fc824c81d1ce
nav-v2-replay-91260,00711-stop-clear,False,False,0,0.938,0.0,False,475,deadline,nav_goal_map_localization_v2,77d0e5275171fae342dd4a416d0ac2e9021bb2e4717019b08a92fc824c81d1ce
nav-v2-replay-91260,00711-stop-corridor,False,False,0,2.185,0.0,False,475,deadline,nav_goal_map_localization_v2,77d0e5275171fae342dd4a416d0ac2e9021bb2e4717019b08a92fc824c81d1ce
nav-v2-replay-91260,00770-stop-clear,False,True,8,0.27,0.0,False,425,deadline,nav_goal_map_localization_v2,77d0e5275171fae342dd4a416d0ac2e9021bb2e4717019b08a92fc824c81d1ce
nav-v2-replay-91260,00770-stop-corridor,False,False,0,0.293,0.0,False,425,deadline,nav_goal_map_localization_v2,77d0e5275171fae342dd4a416d0ac2e9021bb2e4717019b08a92fc824c81d1ce
nav-v2-replay-91260,00781-stop-clear,False,False,0,3.594,0.0,False,450,deadline,nav_goal_map_localization_v2,77d0e5275171fae342dd4a416d0ac2e9021bb2e4717019b08a92fc824c81d1ce
nav-v2-replay-91260,00781-stop-corridor,False,False,0,5.087,0.0,False,450,deadline,nav_goal_map_localization_v2,77d0e5275171fae342dd4a416d0ac2e9021bb2e4717019b08a92fc824c81d1ce
nav-v2-replay-91260,00801-stop-clear,False,False,0,0.51,0.0,False,625,deadline,nav_goal_map_localization_v2,77d0e5275171fae342dd4a416d0ac2e9021bb2e4717019b08a92fc824c81d1ce
nav-v2-replay-91260,00801-stop-corridor,False,False,0,3.48,0.0,False,625,deadline,nav_goal_map_localization_v2,77d0e5275171fae342dd4a416d0ac2e9021bb2e4717019b08a92fc824c81d1ce
nav-v2-replay-91260,00908-stop-clear,False,True,0,2.087,0.0,False,350,deadline,nav_goal_map_localization_v2,77d0e5275171fae342dd4a416d0ac2e9021bb2e4717019b08a92fc824c81d1ce
nav-v2-replay-91260,00908-stop-corridor,True,True,50,0.138,0.0,False,263,goal_hold,nav_goal_map_localization_v2,77d0e5275171fae342dd4a416d0ac2e9021bb2e4717019b08a92fc824c81d1ce
nav-v2-replay-91260,00976-stop-clear,False,False,0,0.895,0.0,False,500,deadline,nav_goal_map_localization_v2,77d0e5275171fae342dd4a416d0ac2e9021bb2e4717019b08a92fc824c81d1ce
nav-v2-replay-91260,00976-stop-corridor,False,True,0,0.945,0.0,False,500,deadline,nav_goal_map_localization_v2,77d0e5275171fae342dd4a416d0ac2e9021bb2e4717019b08a92fc824c81d1ce
nav-v2-replay-91262,00413-stop-clear,False,False,0,0.917,0.0,False,600,deadline,nav_goal_map_localization_v2,77d0e5275171fae342dd4a416d0ac2e9021bb2e4717019b08a92fc824c81d1ce
nav-v2-replay-91262,00908-stop-clear,False,False,0,0.308,0.0,False,350,deadline,nav_goal_map_localization_v2,77d0e5275171fae342dd4a416d0ac2e9021bb2e4717019b08a92fc824c81d1ce
nav-v2-replay-91262,00908-stop-corridor,False,True,0,0.915,0.0,False,350,deadline,nav_goal_map_localization_v2,77d0e5275171fae342dd4a416d0ac2e9021bb2e4717019b08a92fc824c81d1ce
